time,flux,flux_err
0.0,1.0004579074489692,0.0002
0.001388888888888889,0.9998252451019121,0.0002
0.002777777777777778,0.9996846315900841,0.0002
0.004166666666666667,1.0003383629608391,0.0002
0.005555555555555556,1.0003078735644013,0.0002
0.006944444444444445,0.9999181009386561,0.0002
0.008333333333333333,0.9999714358533303,0.0002
0.009722222222222222,0.9999823654745094,0.0002
0.011111111111111112,0.9999140088424601,0.0002
0.0125,0.9996266562192202,0.0002
0.01388888888888889,0.9993506845391755,0.0002
0.015277777777777779,0.9997183330728066,0.0002
0.016666666666666666,1.000286054331494,0.0002
0.018055555555555557,1.0002969550490703,0.0002
0.019444444444444445,0.9999249786447184,0.0002
0.020833333333333336,0.9998070975244325,0.0002
0.022222222222222223,1.0000151031408222,0.0002
0.02361111111111111,1.000064121089608,0.0002
0.025,1.0000527230392646,0.0002
0.02638888888888889,0.9994672909125211,0.0002
0.02777777777777778,1.000601982255128,0.0002
0.029166666666666667,1.0001885038170795,0.0002
0.030555555555555558,0.9998913808809025,0.0002
0.03194444444444445,0.9998430782620902,0.0002
0.03333333333333333,1.0001771894075606,0.0002
0.034722222222222224,1.0000592706984726,0.0002
0.036111111111111115,0.9999625707942665,0.0002
0.0375,1.0000601249338543,0.0002
0.03888888888888889,0.9999626049884017,0.0002
0.04027777777777778,1.000084362456495,0.0002
0.04166666666666667,1.0001689203741921,0.0002
0.043055555555555555,1.000190030001559,0.0002
0.044444444444444446,1.0001609489016812,0.0002
0.04583333333333334,1.0003579138198264,0.0002
0.04722222222222222,0.9997227487685297,0.0002
0.04861111111111111,0.9999106831964159,0.0002
0.05,1.0001270576425196,0.0002
0.051388888888888894,0.9999705158757406,0.0002
0.05277777777777778,0.9999988901207718,0.0002
0.05416666666666667,1.0002979853003355,0.0002
0.05555555555555556,1.0000403125220276,0.0002
0.05694444444444444,0.9997381489668309,0.0002
0.058333333333333334,1.0000440604430045,0.0002
0.059722222222222225,1.0001099226477637,0.0002
0.061111111111111116,1.0001167866343723,0.0002
0.0625,1.0002253305564126,0.0002
0.0638888888888889,1.0002189273735556,0.0002
0.06527777777777778,1.0001359929162823,0.0002
0.06666666666666667,0.9999352777197782,0.0002
0.06805555555555556,1.0001165581880938,0.0002
0.06944444444444445,1.0000832197752088,0.0002
0.07083333333333333,1.0001638515366544,0.0002
0.07222222222222223,1.0003878113370068,0.0002
0.07361111111111111,1.0002637882948582,0.0002
0.075,1.0003330966488726,0.0002
0.0763888888888889,1.0000699364615788,0.0002
0.07777777777777778,1.0004192034285309,0.0002
0.07916666666666666,1.0002394890157251,0.0002
0.08055555555555556,1.000195538317368,0.0002
0.08194444444444444,1.0002541701250607,0.0002
0.08333333333333334,1.0000424723631935,0.0002
0.08472222222222223,0.9996789970209752,0.0002
0.08611111111111111,0.9999640801557852,0.0002
0.08750000000000001,1.0002422981919985,0.0002
0.08888888888888889,1.0001355581259204,0.0002
0.09027777777777778,1.0001245480955985,0.0002
0.09166666666666667,1.000018479462029,0.0002
0.09305555555555556,0.999780881906889,0.0002
0.09444444444444444,1.0004358380718175,0.0002
0.09583333333333334,1.0001483721674074,0.0002
0.09722222222222222,1.0000952258124338,0.0002
0.09861111111111112,0.999988506944615,0.0002
0.1,1.0003219685620974,0.0002
0.10138888888888889,1.0002053439862235,0.0002
0.10277777777777779,0.9998582994016295,0.0002
0.10416666666666667,1.0002911312471174,0.0002
0.10555555555555556,1.0000606905279585,0.0002
0.10694444444444445,0.9999480578411569,0.0002
0.10833333333333334,1.0000186459635305,0.0002
0.10972222222222222,0.9999492207360803,0.0002
0.11111111111111112,0.9998275393530288,0.0002
0.1125,1.000267742532551,0.0002
0.11388888888888889,1.0000381176336774,0.0002
0.11527777777777778,1.0001890952083814,0.0002
0.11666666666666667,1.0001056457410917,0.0002
0.11805555555555557,1.0001033192560118,0.0002
0.11944444444444445,0.9996066386366992,0.0002
0.12083333333333333,0.9998210563891802,0.0002
0.12222222222222223,1.0001088541221244,0.0002
0.12361111111111112,0.9997619552592572,0.0002
0.125,1.000111903132182,0.0002
0.12638888888888888,0.9997894954467428,0.0002
0.1277777777777778,1.000066399667135,0.0002
0.12916666666666668,1.0003657633733716,0.0002
0.13055555555555556,1.000195027280878,0.0002
0.13194444444444445,0.9995929424011406,0.0002
0.13333333333333333,1.0000667458965748,0.0002
0.13472222222222222,1.0002012081733178,0.0002
0.13611111111111113,1.0003507319389506,0.0002
0.1375,0.9999046833595553,0.0002
0.1388888888888889,0.9994955526132446,0.0002
0.14027777777777778,0.999838222688746,0.0002
0.14166666666666666,1.0001298965936691,0.0002
0.14305555555555557,0.9997571024736575,0.0002
0.14444444444444446,1.000036892037041,0.0002
0.14583333333333334,0.9996178253792103,0.0002
0.14722222222222223,0.999850941069773,0.0002
0.1486111111111111,0.9992353056379301,0.0002
0.15,0.9995278068540152,0.0002
0.1513888888888889,0.9997551261514518,0.0002
0.1527777777777778,0.9996049689262146,0.0002
0.15416666666666667,0.9994374900262286,0.0002
0.15555555555555556,0.9996086708314709,0.0002
0.15694444444444444,0.9997475551212615,0.0002
0.15833333333333333,0.9995985380229911,0.0002
0.15972222222222224,0.999631440375798,0.0002
0.16111111111111112,0.9997416605217493,0.0002
0.1625,0.9995374392636822,0.0002
0.1638888888888889,0.9998790868909766,0.0002
0.16527777777777777,0.9994826728358523,0.0002
0.16666666666666669,1.0000553529183505,0.0002
0.16805555555555557,0.999845807747316,0.0002
0.16944444444444445,0.9995603557511523,0.0002
0.17083333333333334,0.9995839012080852,0.0002
0.17222222222222222,0.9997453016617549,0.0002
0.1736111111111111,0.9998619343729389,0.0002
0.17500000000000002,0.9999775142570787,0.0002
0.1763888888888889,0.9995573729594471,0.0002
0.17777777777777778,0.9998588137017871,0.0002
0.17916666666666667,0.9993189343996239,0.0002
0.18055555555555555,0.9996646140358828,0.0002
0.18194444444444446,0.9999732072721718,0.0002
0.18333333333333335,0.9993362276611346,0.0002
0.18472222222222223,0.9993290617438111,0.0002
0.18611111111111112,0.9996830901407697,0.0002
0.1875,0.9998494667980952,0.0002
0.18888888888888888,0.999590914263769,0.0002
0.1902777777777778,0.9991594376361489,0.0002
0.19166666666666668,0.9992421944947067,0.0002
0.19305555555555556,0.9996896811959891,0.0002
0.19444444444444445,0.9995674043428773,0.0002
0.19583333333333333,0.9998495918896563,0.0002
0.19722222222222224,0.9998163803479341,0.0002
0.19861111111111113,0.9995820413246806,0.0002
0.2,1.0000553082753547,0.0002
0.2013888888888889,0.9997734963246406,0.0002
0.20277777777777778,0.9998789265674557,0.0002
0.20416666666666666,0.9997929611385286,0.0002
0.20555555555555557,0.9995725864148414,0.0002
0.20694444444444446,0.9996125394729429,0.0002
0.20833333333333334,0.9995992328485804,0.0002
0.20972222222222223,0.9997878962720191,0.0002
0.2111111111111111,0.9994745040399627,0.0002
0.2125,0.9998733459095298,0.0002
0.2138888888888889,0.9993571920907952,0.0002
0.2152777777777778,0.9995470351891578,0.0002
0.21666666666666667,0.9995392294393369,0.0002
0.21805555555555556,0.9995010238179294,0.0002
0.21944444444444444,1.0000706864101274,0.0002
0.22083333333333335,0.9995257902029192,0.0002
0.22222222222222224,0.9994987631634092,0.0002
0.22361111111111112,0.999383043315236,0.0002
0.225,0.9994912080118599,0.0002
0.2263888888888889,0.99956010633458,0.0002
0.22777777777777777,0.9993192288869441,0.0002
0.22916666666666669,0.9994966797919816,0.0002
0.23055555555555557,0.9996624814932378,0.0002
0.23194444444444445,0.9997886646716899,0.0002
0.23333333333333334,0.9996058267723887,0.0002
0.23472222222222222,0.9996058624205612,0.0002
0.23611111111111113,0.9995201922225067,0.0002
0.23750000000000002,0.9994622116448703,0.0002
0.2388888888888889,0.9993993433912638,0.0002
0.24027777777777778,0.9992513587444902,0.0002
0.24166666666666667,0.9993664736658113,0.0002
0.24305555555555555,0.9996296856757154,0.0002
0.24444444444444446,0.9993721225065615,0.0002
0.24583333333333335,0.999460112130579,0.0002
0.24722222222222223,0.9994637375808214,0.0002
0.24861111111111112,0.9997805767120167,0.0002
0.25,0.9993592185494532,0.0002
0.2513888888888889,0.9996601131342979,0.0002
0.25277777777777777,0.9996012032835915,0.0002
0.25416666666666665,0.9996099082874312,0.0002
0.2555555555555556,0.9992329330183992,0.0002
0.2569444444444445,0.9981361479096807,0.0002
0.25833333333333336,0.9969441832456888,0.0002
0.25972222222222224,0.9952061955571646,0.0002
0.2611111111111111,0.9939092733469744,0.0002
0.2625,0.9921186901524207,0.0002
0.2638888888888889,0.991166138216234,0.0002
0.2652777777777778,0.9913442306279078,0.0002
0.26666666666666666,0.9909924386852069,0.0002
0.26805555555555555,0.9906577297424698,0.0002
0.26944444444444443,0.9904560218454905,0.0002
0.27083333333333337,0.98985376196985,0.0002
0.27222222222222225,0.9896885197708319,0.0002
0.27361111111111114,0.990297081105384,0.0002
0.275,0.9897093106582926,0.0002
0.2763888888888889,0.9899097943336097,0.0002
0.2777777777777778,0.989291210662478,0.0002
0.2791666666666667,0.989330829385047,0.0002
0.28055555555555556,0.9896620484940304,0.0002
0.28194444444444444,0.9894408770491896,0.0002
0.2833333333333333,0.9895365832604568,0.0002
0.2847222222222222,0.989279267943604,0.0002
0.28611111111111115,0.9891901859011848,0.0002
0.28750000000000003,0.9890154291904016,0.0002
0.2888888888888889,0.9888208628076505,0.0002
0.2902777777777778,0.9892689282136371,0.0002
0.2916666666666667,0.989259948443957,0.0002
0.29305555555555557,0.9887578306627183,0.0002
0.29444444444444445,0.9886669356479442,0.0002
0.29583333333333334,0.9888058514415735,0.0002
0.2972222222222222,0.988911968650885,0.0002
0.2986111111111111,0.9887870447493375,0.0002
0.3,0.9889668310728089,0.0002
0.3013888888888889,0.9888835080786152,0.0002
0.3027777777777778,0.9889368592472262,0.0002
0.3041666666666667,0.989445427895899,0.0002
0.3055555555555556,0.9888404202396629,0.0002
0.30694444444444446,0.9892816085399405,0.0002
0.30833333333333335,0.9892765523972294,0.0002
0.30972222222222223,0.9891231238360316,0.0002
0.3111111111111111,0.9886200622165715,0.0002
0.3125,0.9890526390826377,0.0002
0.3138888888888889,0.9889962890232742,0.0002
0.31527777777777777,0.9892652759838609,0.0002
0.31666666666666665,0.9891880819329605,0.0002
0.3180555555555556,0.9895749647728608,0.0002
0.3194444444444445,0.9896769467302318,0.0002
0.32083333333333336,0.9897255238001181,0.0002
0.32222222222222224,0.9894755183150284,0.0002
0.3236111111111111,0.9894520563251553,0.0002
0.325,0.9898985217630791,0.0002
0.3263888888888889,0.9902700178268234,0.0002
0.3277777777777778,0.9900427512554599,0.0002
0.32916666666666666,0.9901808741976525,0.0002
0.33055555555555555,0.9902175170678745,0.0002
0.33194444444444443,0.9903253896233665,0.0002
0.33333333333333337,0.9907795247246988,0.0002
0.33472222222222225,0.990881660811365,0.0002
0.33611111111111114,0.9913478519725412,0.0002
0.3375,0.9919670291479894,0.0002
0.3388888888888889,0.9932571349246724,0.0002
0.3402777777777778,0.9949917863170074,0.0002
0.3416666666666667,0.996232772527169,0.0002
0.34305555555555556,0.9975796168622435,0.0002
0.34444444444444444,0.9989166815293892,0.0002
0.3458333333333333,0.9995171538802268,0.0002
0.3472222222222222,0.9993631612689314,0.0002
0.34861111111111115,0.9994992680077016,0.0002
0.35000000000000003,0.999648551709578,0.0002
0.3513888888888889,0.9997835429728479,0.0002
0.3527777777777778,0.9997836698581483,0.0002
0.3541666666666667,0.9992272952556541,0.0002
0.35555555555555557,0.9992933640439731,0.0002
0.35694444444444445,0.9994880937632805,0.0002
0.35833333333333334,0.999545125152585,0.0002
0.3597222222222222,0.9994754954762513,0.0002
0.3611111111111111,0.9993501313134631,0.0002
0.3625,0.9993891565901168,0.0002
0.36388888888888893,0.9995348014989491,0.0002
0.3652777777777778,0.9991830689104507,0.0002
0.3666666666666667,0.9998925786334755,0.0002
0.3680555555555556,0.9994498902648536,0.0002
0.36944444444444446,0.999702330843465,0.0002
0.37083333333333335,0.9993834881455359,0.0002
0.37222222222222223,0.9996306424015572,0.0002
0.3736111111111111,0.9995384404622036,0.0002
0.375,0.9996900106785856,0.0002
0.3763888888888889,0.9994462155669737,0.0002
0.37777777777777777,0.9998109381745423,0.0002
0.3791666666666667,0.9991980059523567,0.0002
0.3805555555555556,0.9997820424877221,0.0002
0.3819444444444445,0.9996878973176281,0.0002
0.38333333333333336,0.9994782508045329,0.0002
0.38472222222222224,1.0000376559686064,0.0002
0.3861111111111111,0.9999663829619981,0.0002
0.3875,0.999236411369622,0.0002
0.3888888888888889,0.9996986938777538,0.0002
0.3902777777777778,0.9998265357133547,0.0002
0.39166666666666666,0.9996942791145854,0.0002
0.39305555555555555,0.9999515482527274,0.0002
0.3944444444444445,0.9999308681485902,0.0002
0.39583333333333337,0.9996718598611197,0.0002
0.39722222222222225,1.000052902459154,0.0002
0.39861111111111114,0.9997970715517975,0.0002
0.4,0.9995419942163138,0.0002
0.4013888888888889,0.9994886544134602,0.0002
0.4027777777777778,0.9998432553024754,0.0002
0.4041666666666667,0.9994246853249561,0.0002
0.40555555555555556,0.9995084832799173,0.0002
0.40694444444444444,0.9996098546969232,0.0002
0.4083333333333333,0.9996119338767974,0.0002
0.40972222222222227,0.9994915158833976,0.0002
0.41111111111111115,0.9992750856111563,0.0002
0.41250000000000003,0.9997846164440202,0.0002
0.4138888888888889,0.9994545564615528,0.0002
0.4152777777777778,0.9998594738161375,0.0002
0.4166666666666667,0.9995315042072331,0.0002
0.41805555555555557,0.9998032168320883,0.0002
0.41944444444444445,0.9996061613559454,0.0002
0.42083333333333334,0.9997826600464335,0.0002
0.4222222222222222,0.9996189473388675,0.0002
0.4236111111111111,0.9995493440629735,0.0002
0.425,0.9996731405734253,0.0002
0.42638888888888893,0.9999366784359276,0.0002
0.4277777777777778,0.9994451089760789,0.0002
0.4291666666666667,0.9996848739171356,0.0002
0.4305555555555556,0.9996041095261422,0.0002
0.43194444444444446,0.9997602818859709,0.0002
0.43333333333333335,0.9996876964296758,0.0002
0.43472222222222223,0.9993274455295508,0.0002
0.4361111111111111,0.9997391008814125,0.0002
0.4375,1.0000169350369588,0.0002
0.4388888888888889,0.9996505339719984,0.0002
0.44027777777777777,0.9999908921856566,0.0002
0.4416666666666667,0.9998116886692325,0.0002
0.4430555555555556,0.9997819305548181,0.0002
0.4444444444444445,0.9999477054372162,0.0002
0.44583333333333336,0.9999385577058646,0.0002
0.44722222222222224,0.9998778523177565,0.0002
0.4486111111111111,1.0000504659099108,0.0002
0.45,0.9999222406095889,0.0002
0.4513888888888889,0.9996358240464144,0.0002
0.4527777777777778,0.9999224968196518,0.0002
0.45416666666666666,0.9995655044933883,0.0002
0.45555555555555555,1.0000548367433355,0.0002
0.4569444444444445,1.0000491570333405,0.0002
0.45833333333333337,1.000034667068387,0.0002
0.45972222222222225,1.0000131785496182,0.0002
0.46111111111111114,1.0001380763814125,0.0002
0.4625,0.9995973021001116,0.0002
0.4638888888888889,0.9998448908792574,0.0002
0.4652777777777778,0.9995849788461001,0.0002
0.4666666666666667,0.9997408419673901,0.0002
0.46805555555555556,1.000105218886175,0.0002
0.46944444444444444,1.0000149548154562,0.0002
0.4708333333333333,0.9999815790749361,0.0002
0.47222222222222227,0.9998406473845116,0.0002
0.47361111111111115,0.9995737510429561,0.0002
0.47500000000000003,0.9998238700119144,0.0002
0.4763888888888889,1.0000119855844936,0.0002
0.4777777777777778,0.9998908090332349,0.0002
0.4791666666666667,0.9995655375282023,0.0002
0.48055555555555557,0.9998095004527797,0.0002
0.48194444444444445,0.9993790366802475,0.0002
0.48333333333333334,0.9999496142008493,0.0002
0.4847222222222222,0.9995781007800839,0.0002
0.4861111111111111,0.9995395611333131,0.0002
0.48750000000000004,0.99996468064786,0.0002
0.48888888888888893,0.9999516942998263,0.0002
0.4902777777777778,0.9998603188033823,0.0002
0.4916666666666667,1.0002894012305426,0.0002
0.4930555555555556,1.0000268860904762,0.0002
0.49444444444444446,0.9997815679942308,0.0002
0.49583333333333335,1.000025137963743,0.0002
0.49722222222222223,0.9998764547180243,0.0002
0.4986111111111111,1.0001476556325537,0.0002
0.5,0.9999438160578724,0.0002
0.5013888888888889,0.9999566972312081,0.0002
0.5027777777777778,0.9996097895103283,0.0002
0.5041666666666667,0.9999562055684639,0.0002
0.5055555555555555,0.9998844038647217,0.0002
0.5069444444444444,0.9996851581053421,0.0002
0.5083333333333333,0.9999133546484926,0.0002
0.5097222222222222,1.0000108928852407,0.0002
0.5111111111111112,0.9998853860519837,0.0002
0.5125000000000001,0.9996131205156048,0.0002
0.513888888888889,0.9998794772519155,0.0002
0.5152777777777778,0.9998410675583992,0.0002
0.5166666666666667,1.0000340498938651,0.0002
0.5180555555555556,1.0000515539203398,0.0002
0.5194444444444445,0.99999052361204,0.0002
0.5208333333333334,1.0000079658072871,0.0002
0.5222222222222223,1.0002177153621439,0.0002
0.5236111111111111,1.000387409507765,0.0002
0.525,1.0001590253920294,0.0002
0.5263888888888889,1.0004610702525794,0.0002
0.5277777777777778,1.0003821267191366,0.0002
0.5291666666666667,1.0004596759603113,0.0002
0.5305555555555556,1.0004937494813362,0.0002
0.5319444444444444,1.0004593961327832,0.0002
0.5333333333333333,0.9998589933213554,0.0002
0.5347222222222222,1.000145994568362,0.0002
0.5361111111111111,1.0002239269742095,0.0002
0.5375,1.0002801393931637,0.0002
0.5388888888888889,0.9998701102664757,0.0002
0.5402777777777777,1.0001683261228365,0.0002
0.5416666666666667,0.9999874048532293,0.0002
0.5430555555555556,1.0002363721676821,0.0002
0.5444444444444445,0.9995920436907134,0.0002
0.5458333333333334,0.9996941759534013,0.0002
0.5472222222222223,0.9995069405861472,0.0002
0.5486111111111112,0.9999300834492784,0.0002
0.55,1.000360282363205,0.0002
0.5513888888888889,0.9999333759332409,0.0002
0.5527777777777778,0.9999729372527403,0.0002
0.5541666666666667,1.0000869886549077,0.0002
0.5555555555555556,0.9999215371338929,0.0002
0.5569444444444445,1.0000098297820024,0.0002
0.5583333333333333,1.0000240757259675,0.0002
0.5597222222222222,0.9998139903874392,0.0002
0.5611111111111111,0.9999463326128525,0.0002
0.5625,1.0001373270911575,0.0002
0.5638888888888889,1.000162529831088,0.0002
0.5652777777777778,1.0002311618708006,0.0002
0.5666666666666667,1.000076415390338,0.0002
0.5680555555555555,0.9999895317118767,0.0002
0.5694444444444444,1.0000092874239488,0.0002
0.5708333333333333,0.9996727250141004,0.0002
0.5722222222222223,0.9995581298045754,0.0002
0.5736111111111112,0.9996295204812519,0.0002
0.5750000000000001,0.9994338353430894,0.0002
0.576388888888889,0.9997573629503531,0.0002
0.5777777777777778,0.9998949749279121,0.0002
0.5791666666666667,0.9995929997612786,0.0002
0.5805555555555556,0.9998827472596021,0.0002
0.5819444444444445,0.999666830794625,0.0002
0.5833333333333334,0.9996512060360243,0.0002
0.5847222222222223,1.000269904695138,0.0002
0.5861111111111111,0.9996201982391055,0.0002
0.5875,0.9995377397571731,0.0002
0.5888888888888889,0.9997690809346627,0.0002
0.5902777777777778,0.9997394407127036,0.0002
0.5916666666666667,0.9998029909345846,0.0002
0.5930555555555556,1.0001066130517111,0.0002
0.5944444444444444,0.9996296012477197,0.0002
0.5958333333333333,0.999606366279167,0.0002
0.5972222222222222,1.0000618692844347,0.0002
0.5986111111111111,0.99988057010677,0.0002
0.6,0.999874565679922,0.0002
0.6013888888888889,0.9995907259208476,0.0002
0.6027777777777777,0.9998504624399163,0.0002
0.6041666666666667,0.9998284557596862,0.0002
0.6055555555555556,0.9996782724139315,0.0002
0.6069444444444445,0.9994991823970022,0.0002
0.6083333333333334,0.9995888687353678,0.0002
0.6097222222222223,0.9998675702760624,0.0002
0.6111111111111112,0.9993388191632065,0.0002
0.6125,0.9993892218778748,0.0002
0.6138888888888889,0.9994388276958648,0.0002
0.6152777777777778,0.9994989411508957,0.0002
0.6166666666666667,0.9996384176632938,0.0002
0.6180555555555556,0.9998178027554138,0.0002
0.6194444444444445,0.9996511510123008,0.0002
0.6208333333333333,0.9996199411221846,0.0002
0.6222222222222222,0.9996482263576114,0.0002
0.6236111111111111,0.9997686764946712,0.0002
0.625,0.9993251965875851,0.0002
0.6263888888888889,0.999870027077721,0.0002
0.6277777777777778,0.9995065026917048,0.0002
0.6291666666666667,0.9996722656448548,0.0002
0.6305555555555555,0.9999239442377962,0.0002
0.6319444444444444,0.9998440087933501,0.0002
0.6333333333333333,0.9999638512428003,0.0002
0.6347222222222223,0.9999440045943121,0.0002
0.6361111111111112,0.9998192215647684,0.0002
0.6375000000000001,1.0001980955411844,0.0002
0.638888888888889,1.000032826644062,0.0002
0.6402777777777778,0.9999660119231668,0.0002
0.6416666666666667,1.0000061070208037,0.0002
0.6430555555555556,0.9996540617286087,0.0002
0.6444444444444445,1.0001355803842766,0.0002
0.6458333333333334,0.9994322475925989,0.0002
0.6472222222222223,0.9996516401467195,0.0002
0.6486111111111111,0.9995585136692258,0.0002
0.65,0.9996394955159972,0.0002
0.6513888888888889,0.9996641336464928,0.0002
0.6527777777777778,0.9995568533167513,0.0002
0.6541666666666667,0.99996486440669,0.0002
0.6555555555555556,0.9994678054815623,0.0002
0.6569444444444444,0.9998926172586561,0.0002
0.6583333333333333,0.9998342097404262,0.0002
0.6597222222222222,0.9996567153649923,0.0002
0.6611111111111111,0.9998240573032603,0.0002
0.6625,0.9997346335018971,0.0002
0.6638888888888889,0.9994940101997632,0.0002
0.6652777777777779,0.9994965462857384,0.0002
0.6666666666666667,0.999964393004377,0.0002
0.6680555555555556,0.99996427571578,0.0002
0.6694444444444445,0.9999574381953217,0.0002
0.6708333333333334,0.9998349510465684,0.0002
0.6722222222222223,0.9999017107896737,0.0002
0.6736111111111112,0.9998721231436944,0.0002
0.675,0.9995800977935732,0.0002
0.6763888888888889,0.9999061998013372,0.0002
0.6777777777777778,1.0000181251443179,0.0002
0.6791666666666667,0.9998883377247976,0.0002
0.6805555555555556,1.000259076381285,0.0002
0.6819444444444445,0.9997539028583746,0.0002
0.6833333333333333,0.9998393413793932,0.0002
0.6847222222222222,0.9999851167009932,0.0002
0.6861111111111111,1.0000280012699394,0.0002
0.6875,0.9995849301158688,0.0002
0.6888888888888889,1.0001284193672069,0.0002
0.6902777777777778,0.9999739669654946,0.0002
0.6916666666666667,0.9994851452800594,0.0002
0.6930555555555555,0.9997948774342275,0.0002
0.6944444444444444,0.999588371036634,0.0002
0.6958333333333334,0.9997217674671462,0.0002
0.6972222222222223,0.9995857487408965,0.0002
0.6986111111111112,0.9999038424734704,0.0002
0.7000000000000001,1.0001044793335316,0.0002
0.701388888888889,0.9996699632094247,0.0002
0.7027777777777778,0.9991604576460266,0.0002
0.7041666666666667,0.9997600931209775,0.0002
0.7055555555555556,0.9996840287018278,0.0002
0.7069444444444445,0.9994773472319907,0.0002
0.7083333333333334,0.99978963749331,0.0002
0.7097222222222223,0.9998237645897665,0.0002
0.7111111111111111,0.9995007082082759,0.0002
0.7125,0.9993103690132022,0.0002
0.7138888888888889,0.9992330191353407,0.0002
0.7152777777777778,0.9995384721854429,0.0002
0.7166666666666667,0.9996563876975985,0.0002
0.7180555555555556,0.999614929636267,0.0002
0.7194444444444444,0.9995501923147263,0.0002
0.7208333333333333,0.9998415435777124,0.0002
0.7222222222222222,0.9998949880469238,0.0002
0.7236111111111111,0.9997981621515818,0.0002
0.725,0.9998811447256702,0.0002
0.7263888888888889,0.9996476721180453,0.0002
0.7277777777777779,0.9995513924666006,0.0002
0.7291666666666667,0.9997300044522742,0.0002
0.7305555555555556,0.9996960930242004,0.0002
0.7319444444444445,0.9994705796846962,0.0002
0.7333333333333334,0.9997777790930414,0.0002
0.7347222222222223,1.0001196990357715,0.0002
0.7361111111111112,1.0001303492354292,0.0002
0.7375,1.000058720457732,0.0002
0.7388888888888889,0.9999370825242898,0.0002
0.7402777777777778,1.0001801106038084,0.0002
0.7416666666666667,0.9996989894280045,0.0002
0.7430555555555556,0.9996466485091988,0.0002
0.7444444444444445,1.0000936369227271,0.0002
0.7458333333333333,0.9998497738419809,0.0002
0.7472222222222222,0.9997624674051468,0.0002
0.7486111111111111,0.999897878564035,0.0002
0.75,0.9996640052636163,0.0002
0.7513888888888889,0.9995073499123389,0.0002
0.7527777777777778,0.9994642318290302,0.0002
0.7541666666666667,0.999713081674418,0.0002
0.7555555555555555,0.9996819188240242,0.0002
0.7569444444444444,0.999932708982069,0.0002
0.7583333333333334,0.9995642492519602,0.0002
0.7597222222222223,0.9995702932594869,0.0002
0.7611111111111112,0.9998737978065161,0.0002
0.7625000000000001,0.9998154477985828,0.0002
0.763888888888889,0.9996777141890772,0.0002
0.7652777777777778,0.9993542649986835,0.0002
0.7666666666666667,0.9995296472452339,0.0002
0.7680555555555556,0.9994948682309289,0.0002
0.7694444444444445,0.9998059802353249,0.0002
0.7708333333333334,0.9996931404677809,0.0002
0.7722222222222223,1.0001014715200087,0.0002
0.7736111111111111,0.9994323188036122,0.0002
0.775,0.9994673503630017,0.0002
0.7763888888888889,0.9996918941370186,0.0002
0.7777777777777778,0.9997068623715943,0.0002
0.7791666666666667,0.9990821065092141,0.0002
0.7805555555555556,0.9992678919655583,0.0002
0.7819444444444444,0.9995647652349678,0.0002
0.7833333333333333,0.999853938090539,0.0002
0.7847222222222222,1.0000015527842059,0.0002
0.7861111111111111,0.9995750167484364,0.0002
0.7875,0.9996166599579622,0.0002
0.788888888888889,0.9994537833249277,0.0002
0.7902777777777779,0.9997729995082003,0.0002
0.7916666666666667,0.9999608056257674,0.0002
0.7930555555555556,0.9998403811290397,0.0002
0.7944444444444445,0.9995804648689983,0.0002
0.7958333333333334,0.999430707625877,0.0002
0.7972222222222223,0.9995591834874237,0.0002
0.7986111111111112,0.9998425693410312,0.0002
0.8,0.9994201213796656,0.0002
0.8013888888888889,0.9991983444747226,0.0002
0.8027777777777778,0.9995465791047518,0.0002
0.8041666666666667,0.9995514292275508,0.0002
0.8055555555555556,0.9992597420454148,0.0002
0.8069444444444445,0.9995606112493158,0.0002
0.8083333333333333,0.9995628619762078,0.0002
0.8097222222222222,0.9998204827314071,0.0002
0.8111111111111111,0.999133359452316,0.0002
0.8125,0.9995788169623209,0.0002
0.8138888888888889,0.9997174850768891,0.0002
0.8152777777777778,0.999574569858336,0.0002
0.8166666666666667,0.9992313144071422,0.0002
0.8180555555555555,0.9992306961987151,0.0002
0.8194444444444445,0.9995368984161467,0.0002
0.8208333333333334,0.9994799373584815,0.0002
0.8222222222222223,0.9993616283845546,0.0002
0.8236111111111112,0.9998151975380039,0.0002
0.8250000000000001,0.999401550227133,0.0002
0.826388888888889,0.9990447412835639,0.0002
0.8277777777777778,0.9993596065414441,0.0002
0.8291666666666667,0.9994769921805352,0.0002
0.8305555555555556,0.9994866976986062,0.0002
0.8319444444444445,0.9994964468801697,0.0002
0.8333333333333334,0.9996476673642284,0.0002
0.8347222222222223,0.9991497325406065,0.0002
0.8361111111111111,0.999261884516905,0.0002
0.8375,0.9997140962400519,0.0002
0.8388888888888889,0.9989832521234284,0.0002
0.8402777777777778,0.9993372210448761,0.0002
0.8416666666666667,0.9996187394074196,0.0002
0.8430555555555556,0.9996508632769889,0.0002
0.8444444444444444,0.999560805394823,0.0002
0.8458333333333333,0.9994892155386271,0.0002
0.8472222222222222,0.9991687750415092,0.0002
0.8486111111111111,0.9996047048898938,0.0002
0.85,0.9991011035628566,0.0002
0.851388888888889,0.999048369020483,0.0002
0.8527777777777779,0.9993747283600706,0.0002
0.8541666666666667,0.9991620684372905,0.0002
0.8555555555555556,0.999243822433799,0.0002
0.8569444444444445,0.999321579387236,0.0002
0.8583333333333334,0.9996024287671041,0.0002
0.8597222222222223,0.9993058827633288,0.0002
0.8611111111111112,0.9991620140315155,0.0002
0.8625,0.9994012408078199,0.0002
0.8638888888888889,0.9991013973075511,0.0002
0.8652777777777778,0.9994629895022175,0.0002
0.8666666666666667,0.999265339866603,0.0002
0.8680555555555556,0.9993543684247168,0.0002
0.8694444444444445,0.998894121757381,0.0002
0.8708333333333333,0.9987816661742287,0.0002
0.8722222222222222,0.9989940674537662,0.0002
0.8736111111111111,0.9995963480390282,0.0002
0.875,0.9989078089805244,0.0002
0.8763888888888889,0.9993578130067097,0.0002
0.8777777777777778,0.9991996679560498,0.0002
0.8791666666666667,0.9992618608667307,0.0002
0.8805555555555555,0.9992128585705716,0.0002
0.8819444444444445,0.9995367501903631,0.0002
0.8833333333333334,0.9993122009883413,0.0002
0.8847222222222223,0.9992640121789914,0.0002
0.8861111111111112,0.9993959143191211,0.0002
0.8875000000000001,0.9990367820050775,0.0002
0.888888888888889,0.9994014120245646,0.0002
0.8902777777777778,0.9993001857198445,0.0002
0.8916666666666667,0.9993302188536711,0.0002
0.8930555555555556,0.999215298170155,0.0002
0.8944444444444445,0.999167034448211,0.0002
0.8958333333333334,0.9990654846051921,0.0002
0.8972222222222223,0.9990718848562795,0.0002
0.8986111111111111,0.9990783495622421,0.0002
0.9,0.9992564877393956,0.0002
0.9013888888888889,0.9991453306610028,0.0002
0.9027777777777778,0.9992598343797923,0.0002
0.9041666666666667,0.9993558350365099,0.0002
0.9055555555555556,0.9990387027196481,0.0002
0.9069444444444444,0.9991091577500395,0.0002
0.9083333333333333,0.9992313238498554,0.0002
0.9097222222222222,0.9991491647881271,0.0002
0.9111111111111111,0.9991430037519046,0.0002
0.9125000000000001,0.999618881528377,0.0002
0.913888888888889,0.9989815016606625,0.0002
0.9152777777777779,0.9997484458252356,0.0002
0.9166666666666667,0.9993871363458972,0.0002
0.9180555555555556,0.9994497098323851,0.0002
0.9194444444444445,0.9994256732973147,0.0002
0.9208333333333334,0.9993345645247146,0.0002
0.9222222222222223,0.999528282124209,0.0002
0.9236111111111112,0.9989760815084513,0.0002
0.925,0.9990838288983047,0.0002
0.9263888888888889,0.9988712174610442,0.0002
0.9277777777777778,0.99872501259951,0.0002
0.9291666666666667,0.9989085601959765,0.0002
0.9305555555555556,0.999298725008138,0.0002
0.9319444444444445,0.998925834820611,0.0002
0.9333333333333333,0.9993701414727183,0.0002
0.9347222222222222,0.9993585026751656,0.0002
0.9361111111111111,0.9994807624329747,0.0002
0.9375,0.9993014929662878,0.0002
0.9388888888888889,0.9994084623482508,0.0002
0.9402777777777778,0.9991110868241734,0.0002
0.9416666666666667,0.9991113349615907,0.0002
0.9430555555555556,0.9991427616982846,0.0002
0.9444444444444445,0.9990766129189428,0.0002
0.9458333333333334,0.9991442324250391,0.0002
0.9472222222222223,0.9992936707647977,0.0002
0.9486111111111112,0.9991075871855764,0.0002
0.9500000000000001,0.9989018063264203,0.0002
0.951388888888889,0.9992305667687938,0.0002
0.9527777777777778,0.9989978089328855,0.0002
0.9541666666666667,0.9990550015778565,0.0002
0.9555555555555556,0.9992130637747206,0.0002
0.9569444444444445,0.9991465985396902,0.0002
0.9583333333333334,0.9994240125419557,0.0002
0.9597222222222223,0.9991833573731881,0.0002
0.9611111111111111,0.9994379433306784,0.0002
0.9625,0.9992908692762957,0.0002
0.9638888888888889,0.9991295522080516,0.0002
0.9652777777777778,0.9991415717850461,0.0002
0.9666666666666667,0.99881630969897,0.0002
0.9680555555555556,0.9990367946537816,0.0002
0.9694444444444444,0.9990955204999257,0.0002
0.9708333333333333,0.9990825886767165,0.0002
0.9722222222222222,0.9986053231223577,0.0002
0.9736111111111111,0.9986232702144154,0.0002
0.9750000000000001,0.9988090163149722,0.0002
0.976388888888889,0.999146774946563,0.0002
0.9777777777777779,0.9989119616480565,0.0002
0.9791666666666667,0.9987612285041003,0.0002
0.9805555555555556,0.9985815454048831,0.0002
0.9819444444444445,0.9986943052289652,0.0002
0.9833333333333334,0.9987068221499674,0.0002
0.9847222222222223,0.9990346755485493,0.0002
0.9861111111111112,0.9990801409297442,0.0002
0.9875,0.9986675484561277,0.0002
0.9888888888888889,0.9990607005904144,0.0002
0.9902777777777778,0.9989934895376443,0.0002
0.9916666666666667,0.9986273766468344,0.0002
0.9930555555555556,0.9988374607784797,0.0002
0.9944444444444445,0.9988674341150174,0.0002
0.9958333333333333,0.9987611268035361,0.0002
0.9972222222222222,0.9984182528089564,0.0002
0.9986111111111111,0.9987711562852836,0.0002
1.0,0.9988261039952631,0.0002
1.0013888888888889,0.9990109831633393,0.0002
1.0027777777777778,0.99861338495178,0.0002
1.0041666666666667,0.9985345555815511,0.0002
1.0055555555555555,0.9985342045682308,0.0002
1.0069444444444444,0.998592766161379,0.0002
1.0083333333333333,0.9986212827853795,0.0002
1.0097222222222222,0.9987362832447202,0.0002
1.011111111111111,0.9984260401733046,0.0002
1.0125,0.9986790436325536,0.0002
1.0138888888888888,0.9984007902067804,0.0002
1.0152777777777777,0.9985416730738815,0.0002
1.0166666666666666,0.9989152635377966,0.0002
1.0180555555555555,0.9983197130290915,0.0002
1.0194444444444444,0.9985355524036728,0.0002
1.0208333333333335,0.9983498612282538,0.0002
1.0222222222222224,0.9986432652039982,0.0002
1.0236111111111112,0.9988584321803679,0.0002
1.0250000000000001,0.998720168233597,0.0002
1.026388888888889,0.9985895825309474,0.0002
1.027777777777778,0.9987766986153562,0.0002
1.0291666666666668,0.9986235204509659,0.0002
1.0305555555555557,0.9987762003206523,0.0002
1.0319444444444446,0.998709406824979,0.0002
1.0333333333333334,0.9979069010003077,0.0002
1.0347222222222223,0.9984720371204242,0.0002
1.0361111111111112,0.9983149330417805,0.0002
1.0375,0.9984473943011871,0.0002
1.038888888888889,0.9989323769614851,0.0002
1.0402777777777779,0.9985461667489898,0.0002
1.0416666666666667,0.9989595235018534,0.0002
1.0430555555555556,0.9983006515230669,0.0002
1.0444444444444445,0.9983524549519284,0.0002
1.0458333333333334,0.998676000922967,0.0002
1.0472222222222223,0.9985494307106817,0.0002
1.0486111111111112,0.9987612728443173,0.0002
1.05,0.9987297891035413,0.0002
1.051388888888889,0.9986822915989241,0.0002
1.0527777777777778,0.9986895734254863,0.0002
1.0541666666666667,0.998816085747366,0.0002
1.0555555555555556,0.9989292740071765,0.0002
1.0569444444444445,0.9991814117225293,0.0002
1.0583333333333333,0.9988475470030159,0.0002
1.0597222222222222,0.9988436055806663,0.0002
1.0611111111111111,0.9988474036663383,0.0002
1.0625,0.9992618891981556,0.0002
1.0638888888888889,0.9990250836089339,0.0002
1.0652777777777778,0.9985115429733119,0.0002
1.0666666666666667,0.9984778579651689,0.0002
1.0680555555555555,0.9986425922246895,0.0002
1.0694444444444444,0.9989319306430191,0.0002
1.0708333333333333,0.9989586224080625,0.0002
1.0722222222222222,0.9991307763459338,0.0002
1.073611111111111,0.999004828075475,0.0002
1.075,0.9993814779512892,0.0002
1.0763888888888888,0.9992573821425573,0.0002
1.0777777777777777,0.9991281446331259,0.0002
1.0791666666666666,0.999292209562183,0.0002
1.0805555555555555,0.9987519099589277,0.0002
1.0819444444444444,0.9990678568958582,0.0002
1.0833333333333335,0.9990533539702842,0.0002
1.0847222222222224,0.9991443734224139,0.0002
1.0861111111111112,0.9986777463869898,0.0002
1.0875000000000001,0.9990511795219488,0.0002
1.088888888888889,0.9992245737449907,0.0002
1.090277777777778,0.9992408322821963,0.0002
1.0916666666666668,0.9993943742888951,0.0002
1.0930555555555557,0.9993118570485765,0.0002
1.0944444444444446,0.9991385162062287,0.0002
1.0958333333333334,0.9992366788943379,0.0002
1.0972222222222223,0.9990549342604101,0.0002
1.0986111111111112,0.9990909338778199,0.0002
1.1,0.9991639182833122,0.0002
1.101388888888889,0.9990196867920058,0.0002
1.1027777777777779,0.9991194490101897,0.0002
1.1041666666666667,0.999158221112852,0.0002
1.1055555555555556,0.9991032724768969,0.0002
1.1069444444444445,0.9992534516816778,0.0002
1.1083333333333334,0.9995212422369666,0.0002
1.1097222222222223,0.9992433872700955,0.0002
1.1111111111111112,0.9990127342042876,0.0002
1.1125,0.9991692096444885,0.0002
1.113888888888889,0.9991115882244067,0.0002
1.1152777777777778,0.9991567066351427,0.0002
1.1166666666666667,0.9993507625418291,0.0002
1.1180555555555556,0.9987741206478598,0.0002
1.1194444444444445,0.999464317405677,0.0002
1.1208333333333333,0.9995259872745503,0.0002
1.1222222222222222,0.9992131319028328,0.0002
1.1236111111111111,0.9992037997939849,0.0002
1.125,0.9990473800642038,0.0002
1.1263888888888889,0.9990881707186791,0.0002
1.1277777777777778,0.9992005479515177,0.0002
1.1291666666666667,0.9991996425279392,0.0002
1.1305555555555555,0.9991945059991987,0.0002
1.1319444444444444,0.9991474767832019,0.0002
1.1333333333333333,0.9992164861923235,0.0002
1.1347222222222222,0.999176239629897,0.0002
1.136111111111111,0.9988256334775032,0.0002
1.1375,0.999209872670973,0.0002
1.1388888888888888,0.9993635836005235,0.0002
1.1402777777777777,0.9989650470794449,0.0002
1.1416666666666666,0.9993363550389945,0.0002
1.1430555555555555,0.9988004168154575,0.0002
1.1444444444444446,0.9988818044142824,0.0002
1.1458333333333335,0.9986750785680407,0.0002
1.1472222222222224,0.9990810367174107,0.0002
1.1486111111111112,0.9991352516490373,0.0002
1.1500000000000001,0.9987825022946101,0.0002
1.151388888888889,0.9990925152700023,0.0002
1.152777777777778,0.999066987324283,0.0002
1.1541666666666668,0.9987489305215814,0.0002
1.1555555555555557,0.9988532937156769,0.0002
1.1569444444444446,0.9989231452378539,0.0002
1.1583333333333334,0.9985911492036945,0.0002
1.1597222222222223,0.9987478937151456,0.0002
1.1611111111111112,0.9991142096760846,0.0002
1.1625,0.9985713695958037,0.0002
1.163888888888889,0.9989078929225328,0.0002
1.1652777777777779,0.9989263185260862,0.0002
1.1666666666666667,0.9987740199951166,0.0002
1.1680555555555556,0.9989385900675067,0.0002
1.1694444444444445,0.9992469182932231,0.0002
1.1708333333333334,0.9990876507005044,0.0002
1.1722222222222223,0.9991151110334676,0.0002
1.1736111111111112,0.9992997756123319,0.0002
1.175,0.9989388710526393,0.0002
1.176388888888889,0.9989328950921793,0.0002
1.1777777777777778,0.9995351912540901,0.0002
1.1791666666666667,0.9991769303795255,0.0002
1.1805555555555556,0.999372958056776,0.0002
1.1819444444444445,0.9990256335033363,0.0002
1.1833333333333333,0.9992338362613042,0.0002
1.1847222222222222,0.9989785972232371,0.0002
1.1861111111111111,0.9992125214941179,0.0002
1.1875,0.9990832715285435,0.0002
1.1888888888888889,0.9990383278200851,0.0002
1.1902777777777778,0.9991689573153179,0.0002
1.1916666666666667,0.9987906527746304,0.0002
1.1930555555555555,0.9989293082883809,0.0002
1.1944444444444444,0.9993485775087153,0.0002
1.1958333333333333,0.9991842538316749,0.0002
1.1972222222222222,0.9981196993805878,0.0002
1.198611111111111,0.9972431331208417,0.0002
1.2,0.9954849579442854,0.0002
1.2013888888888888,0.9941704548144656,0.0002
1.2027777777777777,0.9924800826102417,0.0002
1.2041666666666666,0.9911354504321923,0.0002
1.2055555555555555,0.9906803070193214,0.0002
1.2069444444444446,0.9908430782553691,0.0002
1.2083333333333335,0.9899003453088339,0.0002
1.2097222222222224,0.9898772600802067,0.0002
1.2111111111111112,0.9897431598244869,0.0002
1.2125000000000001,0.9892539742029594,0.0002
1.213888888888889,0.9889787523454383,0.0002
1.215277777777778,0.9889581647064924,0.0002
1.2166666666666668,0.9890234070150711,0.0002
1.2180555555555557,0.9886974415582457,0.0002
1.2194444444444446,0.9886160797961708,0.0002
1.2208333333333334,0.9887564354821957,0.0002
1.2222222222222223,0.9883374995664314,0.0002
1.2236111111111112,0.9884251269746576,0.0002
1.225,0.9881242188808583,0.0002
1.226388888888889,0.9883889986906349,0.0002
1.2277777777777779,0.9882720950284304,0.0002
1.2291666666666667,0.988295940982226,0.0002
1.2305555555555556,0.9878861788585785,0.0002
1.2319444444444445,0.9881033920858036,0.0002
1.2333333333333334,0.9878416153023827,0.0002
1.2347222222222223,0.987914645845002,0.0002
1.2361111111111112,0.9881671370003189,0.0002
1.2375,0.9877570346551511,0.0002
1.238888888888889,0.9875148805931124,0.0002
1.2402777777777778,0.987629674015662,0.0002
1.2416666666666667,0.9874451430644116,0.0002
1.2430555555555556,0.9874979522388226,0.0002
1.2444444444444445,0.9879464609023196,0.0002
1.2458333333333333,0.987504246895141,0.0002
1.2472222222222222,0.9878329024169363,0.0002
1.2486111111111111,0.9878173074721951,0.0002
1.25,0.9876610133751095,0.0002
1.2513888888888889,0.9878595130547514,0.0002
1.2527777777777778,0.9876651356183173,0.0002
1.2541666666666667,0.9880533579159421,0.0002
1.2555555555555555,0.9878619763521133,0.0002
1.2569444444444444,0.9879469831839491,0.0002
1.2583333333333333,0.9880734636717263,0.0002
1.2597222222222222,0.9883665793313209,0.0002
1.261111111111111,0.9883520894681475,0.0002
1.2625,0.9878029506466338,0.0002
1.2638888888888888,0.9884202043987551,0.0002
1.2652777777777777,0.9880881734881457,0.0002
1.2666666666666666,0.9885010047275916,0.0002
1.2680555555555557,0.9887014029093102,0.0002
1.2694444444444446,0.9887700097399799,0.0002
1.2708333333333335,0.9891507237797702,0.0002
1.2722222222222224,0.9894366392851891,0.0002
1.2736111111111112,0.98942283659134,0.0002
1.2750000000000001,0.9896987635392925,0.0002
1.276388888888889,0.990229088992389,0.0002
1.277777777777778,0.9902438719489289,0.0002
1.2791666666666668,0.9913682836388483,0.0002
1.2805555555555557,0.9931782452429672,0.0002
1.2819444444444446,0.9942222514218299,0.0002
1.2833333333333334,0.9959731271919855,0.0002
1.2847222222222223,0.9972401439730173,0.0002
1.2861111111111112,0.9987824593219313,0.0002
1.2875,0.9984963285684371,0.0002
1.288888888888889,0.9985274674030421,0.0002
1.2902777777777779,0.9984073146058217,0.0002
1.2916666666666667,0.9986194287398512,0.0002
1.2930555555555556,0.9986725122175797,0.0002
1.2944444444444445,0.9984624126465838,0.0002
1.2958333333333334,0.9988911273149196,0.0002
1.2972222222222223,0.9988233757490766,0.0002
1.2986111111111112,0.9989542414739075,0.0002
1.3,0.9987457001942501,0.0002
1.301388888888889,0.9988079969696416,0.0002
1.3027777777777778,0.9987133049639948,0.0002
1.3041666666666667,0.9990909446135888,0.0002
1.3055555555555556,0.9988627335640443,0.0002
1.3069444444444445,0.9988514250626291,0.0002
1.3083333333333333,0.9987990071084756,0.0002
1.3097222222222222,0.9988103713975512,0.0002
1.3111111111111111,0.9990163849566812,0.0002
1.3125,0.9991464396331895,0.0002
1.3138888888888889,0.9988298498921354,0.0002
1.3152777777777778,0.9990078810459139,0.0002
1.3166666666666667,0.9988861382513723,0.0002
1.3180555555555555,0.9989389818808578,0.0002
1.3194444444444444,0.9983598462098187,0.0002
1.3208333333333333,0.9984383532639051,0.0002
1.3222222222222222,0.998371383662334,0.0002
1.323611111111111,0.9986735479164746,0.0002
1.325,0.9984343482647711,0.0002
1.3263888888888888,0.9984834406416448,0.0002
1.3277777777777777,0.9984070306446878,0.0002
1.3291666666666666,0.9985437784625266,0.0002
1.3305555555555557,0.9985025928864179,0.0002
1.3319444444444446,0.9988794967104497,0.0002
1.3333333333333335,0.9988429693157942,0.0002
1.3347222222222224,0.998851532280912,0.0002
1.3361111111111112,0.9987676226786866,0.0002
1.3375000000000001,0.9983752762275612,0.0002
1.338888888888889,0.9986867284466088,0.0002
1.340277777777778,0.9986250188775074,0.0002
1.3416666666666668,0.9987650537263604,0.0002
1.3430555555555557,0.9988284604286636,0.0002
1.3444444444444446,0.9987361767092092,0.0002
1.3458333333333334,0.9989666540598056,0.0002
1.3472222222222223,0.9986025582052636,0.0002
1.3486111111111112,0.99858195526685,0.0002
1.35,0.998907240593259,0.0002
1.351388888888889,0.9987436918172646,0.0002
1.3527777777777779,0.9986897927384404,0.0002
1.3541666666666667,0.9990634604366168,0.0002
1.3555555555555556,0.9987627759839158,0.0002
1.3569444444444445,0.9986601569848709,0.0002
1.3583333333333334,0.9985428632107373,0.0002
1.3597222222222223,0.9988813109223788,0.0002
1.3611111111111112,0.9986783008785621,0.0002
1.3625,0.9986635807227839,0.0002
1.363888888888889,0.9987247023602576,0.0002
1.3652777777777778,0.9987765894639458,0.0002
1.3666666666666667,0.998744760473556,0.0002
1.3680555555555556,0.9988292978593323,0.0002
1.3694444444444445,0.99877224051314,0.0002
1.3708333333333333,0.9987294728302238,0.0002
1.3722222222222222,0.9984879129300397,0.0002
1.3736111111111111,0.9989831339847567,0.0002
1.375,0.9983529349705051,0.0002
1.3763888888888889,0.9987019200251464,0.0002
1.3777777777777778,0.9984408242623095,0.0002
1.3791666666666667,0.9987710323115976,0.0002
1.3805555555555555,0.998736957687803,0.0002
1.3819444444444444,0.9988738918127749,0.0002
1.3833333333333333,0.99893172164073,0.0002
1.3847222222222222,0.9987076218745785,0.0002
1.386111111111111,0.9988990450912748,0.0002
1.3875,0.9991901368471503,0.0002
1.3888888888888888,0.9986870431596173,0.0002
1.3902777777777777,0.9987764664131145,0.0002
1.3916666666666668,0.9990866358171436,0.0002
1.3930555555555557,0.9989115846448792,0.0002
1.3944444444444446,0.9989557428483096,0.0002
1.3958333333333335,0.9991306062579688,0.0002
1.3972222222222224,0.9987833538835775,0.0002
1.3986111111111112,0.998869367916356,0.0002
1.4000000000000001,0.9988280766991956,0.0002
1.401388888888889,0.9989219572639179,0.0002
1.402777777777778,0.9992772567531903,0.0002
1.4041666666666668,0.9986132466396935,0.0002
1.4055555555555557,0.9987809199623238,0.0002
1.4069444444444446,0.998724230342795,0.0002
1.4083333333333334,0.9992026428834939,0.0002
1.4097222222222223,0.9987522344625426,0.0002
1.4111111111111112,0.9987637070437632,0.0002
1.4125,0.9985090377463731,0.0002
1.413888888888889,0.9987675313912802,0.0002
1.4152777777777779,0.9989784884611539,0.0002
1.4166666666666667,0.9988846074032857,0.0002
1.4180555555555556,0.9988284923923777,0.0002
1.4194444444444445,0.998552042558616,0.0002
1.4208333333333334,0.9988186562734592,0.0002
1.4222222222222223,0.998942262139355,0.0002
1.4236111111111112,0.9986188251966333,0.0002
1.425,0.9989320854655215,0.0002
1.426388888888889,0.9988791863692339,0.0002
1.4277777777777778,0.9985986891471231,0.0002
1.4291666666666667,0.9988499735785137,0.0002
1.4305555555555556,0.9987311694641816,0.0002
1.4319444444444445,0.9990373174067482,0.0002
1.4333333333333333,0.9992245249478755,0.0002
1.4347222222222222,0.9985766759878344,0.0002
1.4361111111111111,0.9989720028655705,0.0002
1.4375,0.9990555554881121,0.0002
1.4388888888888889,0.9986009208996881,0.0002
1.4402777777777778,0.9987255908906508,0.0002
1.4416666666666667,0.9986984234624515,0.0002
1.4430555555555555,0.9988264563145818,0.0002
1.4444444444444444,0.9988131821958943,0.0002
1.4458333333333333,0.99880174471725,0.0002
1.4472222222222222,0.9990539772585652,0.0002
1.448611111111111,0.9985396103602758,0.0002
1.45,0.9987291456549342,0.0002
1.4513888888888888,0.9990236209290837,0.0002
1.4527777777777777,0.9989614963487948,0.0002
1.4541666666666668,0.9986152293816888,0.0002
1.4555555555555557,0.9989641813730478,0.0002
1.4569444444444446,0.9990745375943977,0.0002
1.4583333333333335,0.9988198750743532,0.0002
1.4597222222222224,0.9985719648533063,0.0002
1.4611111111111112,0.9989398033170098,0.0002
1.4625000000000001,0.9991149968197757,0.0002
1.463888888888889,0.9987053073880798,0.0002
1.465277777777778,0.9988280520668178,0.0002
1.4666666666666668,0.9991059512710113,0.0002
1.4680555555555557,0.9989183443759608,0.0002
1.4694444444444446,0.9985650876969369,0.0002
1.4708333333333334,0.9990091334838456,0.0002
1.4722222222222223,0.9987454821001162,0.0002
1.4736111111111112,0.9986805762492967,0.0002
1.475,0.9986560168885912,0.0002
1.476388888888889,0.9992192799362752,0.0002
1.4777777777777779,0.9988663950128713,0.0002
1.4791666666666667,0.9990710475444315,0.0002
1.4805555555555556,0.9991178825513847,0.0002
1.4819444444444445,0.9989860005021284,0.0002
1.4833333333333334,0.9990341992651252,0.0002
1.4847222222222223,0.9991175146150197,0.0002
1.4861111111111112,0.999065838279195,0.0002
1.4875,0.9988776475233336,0.0002
1.488888888888889,0.9988093978155116,0.0002
1.4902777777777778,0.9989482780843897,0.0002
1.4916666666666667,0.9988718347077982,0.0002
1.4930555555555556,0.9989417846170813,0.0002
1.4944444444444445,0.9990871291515513,0.0002
1.4958333333333333,0.9989962952254833,0.0002
1.4972222222222222,0.9988940264869364,0.0002
1.4986111111111111,0.9985936412825004,0.0002
1.5,0.9989420310608962,0.0002
1.5013888888888889,0.9988384620881887,0.0002
1.5027777777777778,0.998954797002288,0.0002
1.5041666666666667,0.9991694835826133,0.0002
1.5055555555555555,0.9991411385574598,0.0002
1.5069444444444444,0.9995013390066724,0.0002
1.5083333333333333,0.9992080891552815,0.0002
1.5097222222222222,0.9994299176473428,0.0002
1.511111111111111,0.9991211124488326,0.0002
1.5125,0.9992255084287555,0.0002
1.5138888888888888,0.9989244189583623,0.0002
1.515277777777778,0.9987545608564152,0.0002
1.5166666666666668,0.9988805358622123,0.0002
1.5180555555555557,0.9990047056538534,0.0002
1.5194444444444446,0.9988901379069054,0.0002
1.5208333333333335,0.9987860590118551,0.0002
1.5222222222222224,0.999126083643385,0.0002
1.5236111111111112,0.9989141427010677,0.0002
1.5250000000000001,0.998831501364637,0.0002
1.526388888888889,0.9989586125910593,0.0002
1.527777777777778,0.9991932111948337,0.0002
1.5291666666666668,0.9990938200059977,0.0002
1.5305555555555557,0.9992747367242543,0.0002
1.5319444444444446,0.9994680625042929,0.0002
1.5333333333333334,0.9994868777088356,0.0002
1.5347222222222223,0.9991900398048452,0.0002
1.5361111111111112,0.9990937064784239,0.0002
1.5375,0.9991777990429305,0.0002
1.538888888888889,0.9993881200289585,0.0002
1.5402777777777779,0.9994946597812111,0.0002
1.5416666666666667,0.9994260564854783,0.0002
1.5430555555555556,0.999663938452653,0.0002
1.5444444444444445,0.9997573611202555,0.0002
1.5458333333333334,0.9992625669401463,0.0002
1.5472222222222223,0.9996458499022832,0.0002
1.5486111111111112,0.9993013848730854,0.0002
1.55,0.9995613682461347,0.0002
1.551388888888889,0.9995511436541101,0.0002
1.5527777777777778,0.9989978049785584,0.0002
1.5541666666666667,0.9992163164716362,0.0002
1.5555555555555556,0.9991204635973006,0.0002
1.5569444444444445,0.9990291551373622,0.0002
1.5583333333333333,0.999561853787806,0.0002
1.5597222222222222,0.9997658131406671,0.0002
1.5611111111111111,0.9992900625748256,0.0002
1.5625,0.9995043286657748,0.0002
1.5638888888888889,0.9996184029064862,0.0002
1.5652777777777778,0.9994442898254577,0.0002
1.5666666666666667,0.9993933449868939,0.0002
1.5680555555555555,0.999338418757852,0.0002
1.5694444444444444,0.9993996386493473,0.0002
1.5708333333333333,0.9994265879773371,0.0002
1.5722222222222222,0.9993323517020014,0.0002
1.573611111111111,0.9992945376072521,0.0002
1.575,0.999262221948897,0.0002
1.5763888888888888,0.9989466817663933,0.0002
1.577777777777778,0.9995039515763198,0.0002
1.5791666666666668,0.9990706117426993,0.0002
1.5805555555555557,0.9994534239657769,0.0002
1.5819444444444446,0.9994769524437247,0.0002
1.5833333333333335,0.9990982039821348,0.0002
1.5847222222222224,0.9992834758182301,0.0002
1.5861111111111112,0.9997237555126477,0.0002
1.5875000000000001,0.9991925519008766,0.0002
1.588888888888889,0.9989399854824219,0.0002
1.590277777777778,0.999345244693321,0.0002
1.5916666666666668,0.9990624025232726,0.0002
1.5930555555555557,0.9988547835848953,0.0002
1.5944444444444446,0.9993256602967712,0.0002
1.5958333333333334,0.9990852450651158,0.0002
1.5972222222222223,0.9993801557331538,0.0002
1.5986111111111112,0.9991620957962485,0.0002
1.6,0.9995103161763982,0.0002
1.601388888888889,0.9994183087388169,0.0002
1.6027777777777779,0.9988384314366004,0.0002
1.6041666666666667,0.9994648170790992,0.0002
1.6055555555555556,0.9993357989878694,0.0002
1.6069444444444445,0.9996774305317307,0.0002
1.6083333333333334,0.9995406242885625,0.0002
1.6097222222222223,0.9995012228912421,0.0002
1.6111111111111112,0.9991434908651426,0.0002
1.6125,0.9990737465754053,0.0002
1.613888888888889,0.9992104091767431,0.0002
1.6152777777777778,0.9991321603796627,0.0002
1.6166666666666667,0.9994034699519712,0.0002
1.6180555555555556,0.999060648598634,0.0002
1.6194444444444445,0.9988074858781522,0.0002
1.6208333333333333,0.998999512215806,0.0002
1.6222222222222222,0.9994406439463464,0.0002
1.6236111111111111,0.999195741143552,0.0002
1.625,0.999168815641439,0.0002
1.6263888888888889,0.9993729181895317,0.0002
1.6277777777777778,0.9988912427467284,0.0002
1.6291666666666667,0.99862225504732,0.0002
1.6305555555555555,0.998853612799676,0.0002
1.6319444444444444,0.9990691836249213,0.0002
1.6333333333333333,0.9988982945812986,0.0002
1.6347222222222222,0.9986018266271378,0.0002
1.636111111111111,0.9991244094570058,0.0002
1.6375,0.9989711075062354,0.0002
1.638888888888889,0.9990357529106725,0.0002
1.640277777777778,0.9989820964914166,0.0002
1.6416666666666668,0.9986779814359293,0.0002
1.6430555555555557,0.9989622377198264,0.0002
1.6444444444444446,0.9991125402597079,0.0002
1.6458333333333335,0.9991591208445443,0.0002
1.6472222222222224,0.9990129975619654,0.0002
1.6486111111111112,0.9989574653922468,0.0002
1.6500000000000001,0.9985245578891655,0.0002
1.651388888888889,0.998897548732116,0.0002
1.652777777777778,0.9987032959879352,0.0002
1.6541666666666668,0.9992214557098623,0.0002
1.6555555555555557,0.999237552799214,0.0002
1.6569444444444446,0.9988101167893616,0.0002
1.6583333333333334,0.9990257199633642,0.0002
1.6597222222222223,0.9991733089486966,0.0002
1.6611111111111112,0.9993936337152454,0.0002
1.6625,0.9988226785637124,0.0002
1.663888888888889,0.9986739870974773,0.0002
1.6652777777777779,0.9991917117414305,0.0002
1.6666666666666667,0.9986298838061028,0.0002
1.6680555555555556,0.9991079299857178,0.0002
1.6694444444444445,0.999172898149062,0.0002
1.6708333333333334,0.9993212864245031,0.0002
1.6722222222222223,0.9989453126973057,0.0002
1.6736111111111112,0.9990728060545254,0.0002
1.675,0.999140549445399,0.0002
1.676388888888889,0.9987430555234402,0.0002
1.6777777777777778,0.9991216073831515,0.0002
1.6791666666666667,0.9990980153065679,0.0002
1.6805555555555556,0.9989360767780393,0.0002
1.6819444444444445,0.9991263440155334,0.0002
1.6833333333333333,0.9990483004048462,0.0002
1.6847222222222222,0.9992241239354025,0.0002
1.6861111111111111,0.9989638868618198,0.0002
1.6875,0.9989608378203041,0.0002
1.6888888888888889,0.9987288527285707,0.0002
1.6902777777777778,0.9985833774308129,0.0002
1.6916666666666667,0.9987031570871414,0.0002
1.6930555555555555,0.9984355653300386,0.0002
1.6944444444444444,0.998836137694395,0.0002
1.6958333333333333,0.9987930531987423,0.0002
1.6972222222222222,0.9985810895410808,0.0002
1.698611111111111,0.9987962088030302,0.0002
1.7,0.9986358002017255,0.0002
1.701388888888889,0.9984283271792769,0.0002
1.702777777777778,0.998654233096659,0.0002
1.7041666666666668,0.9987974357786529,0.0002
1.7055555555555557,0.9988860187094387,0.0002
1.7069444444444446,0.9988377303268191,0.0002
1.7083333333333335,0.9990157579008182,0.0002
1.7097222222222224,0.9986134516048585,0.0002
1.7111111111111112,0.9986836608332234,0.0002
1.7125000000000001,0.9990344129471109,0.0002
1.713888888888889,0.9983238702505959,0.0002
1.715277777777778,0.9986352148798099,0.0002
1.7166666666666668,0.9984757314945943,0.0002
1.7180555555555557,0.9986527700988178,0.0002
1.7194444444444446,0.9986316010739056,0.0002
1.7208333333333334,0.9988677246993852,0.0002
1.7222222222222223,0.9988697944850055,0.0002
1.7236111111111112,0.9986163860592069,0.0002
1.725,0.9987147047953814,0.0002
1.726388888888889,0.9989096813203455,0.0002
1.7277777777777779,0.9990338555147492,0.0002
1.7291666666666667,0.9994207668889582,0.0002
1.7305555555555556,0.9990783305453581,0.0002
1.7319444444444445,0.998716955456621,0.0002
1.7333333333333334,0.9988186959261608,0.0002
1.7347222222222223,0.9988663693019854,0.0002
1.7361111111111112,0.9986556780411938,0.0002
1.7375,0.9988983226725153,0.0002
1.738888888888889,0.998419764917041,0.0002
1.7402777777777778,0.9989488259904458,0.0002
1.7416666666666667,0.9987572361551152,0.0002
1.7430555555555556,0.9987980019351023,0.0002
1.7444444444444445,0.9990849541325777,0.0002
1.7458333333333333,0.9985754078311724,0.0002
1.7472222222222222,0.9988810391068267,0.0002
1.7486111111111111,0.9990652080596821,0.0002
1.75,0.9989189914972286,0.0002
1.7513888888888889,0.9986082045615119,0.0002
1.7527777777777778,0.99920606238563,0.0002
1.7541666666666667,0.9989305184607931,0.0002
1.7555555555555555,0.9988473514136018,0.0002
1.7569444444444444,0.9988889861646221,0.0002
1.7583333333333333,0.9988698684019299,0.0002
1.7597222222222222,0.9986705976778316,0.0002
1.761111111111111,0.9989723416301928,0.0002
1.7625000000000002,0.9988500686404382,0.0002
1.763888888888889,0.9991312555335301,0.0002
1.765277777777778,0.999171197513499,0.0002
1.7666666666666668,0.9994593817540675,0.0002
1.7680555555555557,0.999075212116839,0.0002
1.7694444444444446,0.9989743207376786,0.0002
1.7708333333333335,0.9988129658451368,0.0002
1.7722222222222224,0.9995470621320236,0.0002
1.7736111111111112,0.9992138593830511,0.0002
1.7750000000000001,0.9990173076020226,0.0002
1.776388888888889,0.9995114099823441,0.0002
1.777777777777778,0.9994344450058661,0.0002
1.7791666666666668,0.9989478127163743,0.0002
1.7805555555555557,0.9989686835077264,0.0002
1.7819444444444446,0.9990014116053072,0.0002
1.7833333333333334,0.9988506259998301,0.0002
1.7847222222222223,0.9990485194175199,0.0002
1.7861111111111112,0.999222087768962,0.0002
1.7875,0.9987449417657027,0.0002
1.788888888888889,0.9990775876100773,0.0002
1.7902777777777779,0.9993445672734926,0.0002
1.7916666666666667,0.999228933953447,0.0002
1.7930555555555556,0.9991419047917568,0.0002
1.7944444444444445,0.9990037625457034,0.0002
1.7958333333333334,0.9992859450031912,0.0002
1.7972222222222223,0.99878763837208,0.0002
1.7986111111111112,0.9990837898573839,0.0002
1.8,0.9990793631066838,0.0002
1.801388888888889,0.999227910439721,0.0002
1.8027777777777778,0.9988565176218165,0.0002
1.8041666666666667,0.9988211769696614,0.0002
1.8055555555555556,0.9986287988524948,0.0002
1.8069444444444445,0.9989675889152474,0.0002
1.8083333333333333,0.9987007697412918,0.0002
1.8097222222222222,0.9986417112299811,0.0002
1.8111111111111111,0.9986957123162471,0.0002
1.8125,0.9989455708208409,0.0002
1.8138888888888889,0.998504893261839,0.0002
1.8152777777777778,0.9984777725312131,0.0002
1.8166666666666667,0.9989167496914496,0.0002
1.8180555555555555,0.9985780694917006,0.0002
1.8194444444444444,0.9987871668649764,0.0002
1.8208333333333333,0.9984710095429461,0.0002
1.8222222222222222,0.9985800449050454,0.0002
1.823611111111111,0.9985813796061475,0.0002
1.8250000000000002,0.9988466817175942,0.0002
1.826388888888889,0.998856864917796,0.0002
1.827777777777778,0.9989107802153478,0.0002
1.8291666666666668,0.998545719095686,0.0002
1.8305555555555557,0.9984918918939457,0.0002
1.8319444444444446,0.9987742552738499,0.0002
1.8333333333333335,0.9989524088138498,0.0002
1.8347222222222224,0.9988755286644991,0.0002
1.8361111111111112,0.9986206139959581,0.0002
1.8375000000000001,0.9987631902850392,0.0002
1.838888888888889,0.9986960268707852,0.0002
1.840277777777778,0.9985878499101964,0.0002
1.8416666666666668,0.9986413518584029,0.0002
1.8430555555555557,0.9986365303114021,0.0002
1.8444444444444446,0.9983874059819985,0.0002
1.8458333333333334,0.9984028384572387,0.0002
1.8472222222222223,0.9984342876114911,0.0002
1.8486111111111112,0.9981696998605674,0.0002
1.85,0.9984697735441557,0.0002
1.851388888888889,0.9984738076822988,0.0002
1.8527777777777779,0.998647343095383,0.0002
1.8541666666666667,0.9987665898380044,0.0002
1.8555555555555556,0.9988648471461906,0.0002
1.8569444444444445,0.9989057108293591,0.0002
1.8583333333333334,0.9985012607316429,0.0002
1.8597222222222223,0.9984906081019974,0.0002
1.8611111111111112,0.9989539582061508,0.0002
1.8625,0.9990083967342398,0.0002
1.863888888888889,0.9990632770767847,0.0002
1.8652777777777778,0.9988696879070803,0.0002
1.8666666666666667,0.9983498803493525,0.0002
1.8680555555555556,0.9987758106063266,0.0002
1.8694444444444445,0.9989197824462153,0.0002
1.8708333333333333,0.9990745755221474,0.0002
1.8722222222222222,0.999077214134572,0.0002
1.8736111111111111,0.9990155711674293,0.0002
1.875,0.9987117479426909,0.0002
1.8763888888888889,0.9986123824345958,0.0002
1.8777777777777778,0.9989512033164659,0.0002
1.8791666666666667,0.9986275104936584,0.0002
1.8805555555555555,0.9990976742782217,0.0002
1.8819444444444444,0.9985495831051991,0.0002
1.8833333333333333,0.9990256588333053,0.0002
1.8847222222222222,0.9989595242821155,0.0002
1.8861111111111113,0.9988316343970478,0.0002
1.8875000000000002,0.9986697610829016,0.0002
1.888888888888889,0.9984313700724646,0.0002
1.890277777777778,0.9987207343451548,0.0002
1.8916666666666668,0.9987666003909806,0.0002
1.8930555555555557,0.9990131561731105,0.0002
1.8944444444444446,0.998674133028367,0.0002
1.8958333333333335,0.998904473265419,0.0002
1.8972222222222224,0.9985732214182804,0.0002
1.8986111111111112,0.9988768319664134,0.0002
1.9000000000000001,0.9983944359778476,0.0002
1.901388888888889,0.9993184133207758,0.0002
1.902777777777778,0.9989154389982038,0.0002
1.9041666666666668,0.9983161185165398,0.0002
1.9055555555555557,0.9987698247380842,0.0002
1.9069444444444446,0.9987572198827209,0.0002
1.9083333333333334,0.9987284295545871,0.0002
1.9097222222222223,0.9987860839836279,0.0002
1.9111111111111112,0.9987436517410184,0.0002
1.9125,0.9987387882985632,0.0002
1.913888888888889,0.9986789312714484,0.0002
1.9152777777777779,0.9990888197085998,0.0002
1.9166666666666667,0.9992324320493627,0.0002
1.9180555555555556,0.9989977042098733,0.0002
1.9194444444444445,0.9989146997271843,0.0002
1.9208333333333334,0.9986789759219138,0.0002
1.9222222222222223,0.9989114398940172,0.0002
1.9236111111111112,0.9988637854434815,0.0002
1.925,0.9987787580145142,0.0002
1.926388888888889,0.9989593822230032,0.0002
1.9277777777777778,0.998892843972453,0.0002
1.9291666666666667,0.9986361663476275,0.0002
1.9305555555555556,0.9990443456465726,0.0002
1.9319444444444445,0.9987340983139674,0.0002
1.9333333333333333,0.9991787264726008,0.0002
1.9347222222222222,0.9989034729792315,0.0002
1.9361111111111111,0.9992352140747386,0.0002
1.9375,0.9989912284554878,0.0002
1.9388888888888889,0.9988871713644211,0.0002
1.9402777777777778,0.9987251490046322,0.0002
1.9416666666666667,0.99872165200416,0.0002
1.9430555555555555,0.99899536300602,0.0002
1.9444444444444444,0.9988535614456188,0.0002
1.9458333333333333,0.9987616372718294,0.0002
1.9472222222222222,0.9990317887733852,0.0002
1.9486111111111113,0.998864144008773,0.0002
1.9500000000000002,0.9990022853201651,0.0002
1.951388888888889,0.9986134319544074,0.0002
1.952777777777778,0.9990406716741447,0.0002
1.9541666666666668,0.9989531908002628,0.0002
1.9555555555555557,0.9991227777305164,0.0002
1.9569444444444446,0.9990788654576946,0.0002
1.9583333333333335,0.9988903243499472,0.0002
1.9597222222222224,0.9988556325599964,0.0002
1.9611111111111112,0.999347577349754,0.0002
1.9625000000000001,0.9988617751504066,0.0002
1.963888888888889,0.9991276158510516,0.0002
1.965277777777778,0.9989645464815513,0.0002
1.9666666666666668,0.9986300046760165,0.0002
1.9680555555555557,0.9988591036305627,0.0002
1.9694444444444446,0.9992315972724248,0.0002
1.9708333333333334,0.9993353486412639,0.0002
1.9722222222222223,0.9992786162614882,0.0002
1.9736111111111112,0.999416422580385,0.0002
1.975,0.9992563049558159,0.0002
1.976388888888889,0.9990412075024918,0.0002
1.9777777777777779,0.999379427207629,0.0002
1.9791666666666667,0.9993031045230839,0.0002
1.9805555555555556,0.9991128177016029,0.0002
1.9819444444444445,0.9993604115863036,0.0002
1.9833333333333334,0.9993241563943118,0.0002
1.9847222222222223,0.9992174764835018,0.0002
1.9861111111111112,0.9993372289677444,0.0002
1.9875,0.9996434425930284,0.0002
1.988888888888889,0.9995948100726134,0.0002
1.9902777777777778,0.9993169584562164,0.0002
1.9916666666666667,0.9992164855600235,0.0002
1.9930555555555556,0.9989296035584228,0.0002
1.9944444444444445,0.9995566405421354,0.0002
1.9958333333333333,0.9994003223206851,0.0002
1.9972222222222222,0.9992089440538703,0.0002
1.9986111111111111,0.9985471245334681,0.0002
2.0,0.9990618644066399,0.0002
2.001388888888889,0.9989983632777445,0.0002
2.0027777777777778,0.999177258825841,0.0002
2.004166666666667,0.998887472470634,0.0002
2.0055555555555555,0.9989974622000573,0.0002
2.0069444444444446,0.9991615570001596,0.0002
2.0083333333333333,0.998896639565384,0.0002
2.0097222222222224,0.9990431180572423,0.0002
2.011111111111111,0.9992661813655663,0.0002
2.0125,0.9994815812232338,0.0002
2.013888888888889,0.9993488714818012,0.0002
2.015277777777778,0.9993877789778144,0.0002
2.0166666666666666,0.9992090126247676,0.0002
2.0180555555555557,0.9994909351515807,0.0002
2.0194444444444444,0.9988260209173635,0.0002
2.0208333333333335,0.9996460393025721,0.0002
2.022222222222222,0.9996670825496949,0.0002
2.0236111111111112,0.9994333444178423,0.0002
2.025,0.9995129190786145,0.0002
2.026388888888889,0.9994206384737664,0.0002
2.0277777777777777,0.9994028949682033,0.0002
2.029166666666667,0.9993668343026274,0.0002
2.0305555555555554,0.999446376326195,0.0002
2.0319444444444446,0.9995286575554332,0.0002
2.033333333333333,0.9995226950107091,0.0002
2.0347222222222223,0.9998814092813094,0.0002
2.036111111111111,0.9995062193929565,0.0002
2.0375,0.9991299346382699,0.0002
2.0388888888888888,0.9996947547202875,0.0002
2.040277777777778,0.9990568707497072,0.0002
2.041666666666667,0.9991088450583722,0.0002
2.0430555555555556,0.9992804287080506,0.0002
2.0444444444444447,0.9993612124195633,0.0002
2.0458333333333334,0.9989884118218764,0.0002
2.0472222222222225,0.9990253899840701,0.0002
2.048611111111111,0.9988702049723811,0.0002
2.0500000000000003,0.9992836609279183,0.0002
2.051388888888889,0.9994920300816438,0.0002
2.052777777777778,0.9989448376101284,0.0002
2.0541666666666667,0.9993708847063206,0.0002
2.055555555555556,0.9994361349697798,0.0002
2.0569444444444445,0.9991390460683478,0.0002
2.0583333333333336,0.9989003875615677,0.0002
2.0597222222222222,0.9990882064269154,0.0002
2.0611111111111113,0.9991987852827571,0.0002
2.0625,0.9996619713550702,0.0002
2.063888888888889,0.9992933365681743,0.0002
2.0652777777777778,0.9991560160519315,0.0002
2.066666666666667,0.9993245945746221,0.0002
2.0680555555555555,0.9990512660413741,0.0002
2.0694444444444446,0.9994216792840899,0.0002
2.0708333333333333,0.9990954704624245,0.0002
2.0722222222222224,0.9991237914927159,0.0002
2.073611111111111,0.9993373147768335,0.0002
2.075,0.9995636996628696,0.0002
2.076388888888889,0.9996374379082262,0.0002
2.077777777777778,0.9989399002662673,0.0002
2.0791666666666666,0.9990436767249913,0.0002
2.0805555555555557,0.9992140100269437,0.0002
2.0819444444444444,0.9993775625983355,0.0002
2.0833333333333335,0.9986574698716567,0.0002
2.084722222222222,0.9990823333133088,0.0002
2.0861111111111112,0.9989393676698232,0.0002
2.0875,0.9987129082477437,0.0002
2.088888888888889,0.9988457686759982,0.0002
2.0902777777777777,0.9989903957545869,0.0002
2.091666666666667,0.9991388864478696,0.0002
2.0930555555555554,0.999232990559643,0.0002
2.0944444444444446,0.9991007196322808,0.0002
2.095833333333333,0.9993109594664998,0.0002
2.0972222222222223,0.999133242453337,0.0002
2.098611111111111,0.9989904111349359,0.0002
2.1,0.9991200651029114,0.0002
2.1013888888888888,0.9993371779749322,0.0002
2.102777777777778,0.999313807751818,0.0002
2.104166666666667,0.9990013639991044,0.0002
2.1055555555555556,0.9988551606379443,0.0002
2.1069444444444447,0.9990759372586945,0.0002
2.1083333333333334,0.999164732225946,0.0002
2.1097222222222225,0.9993017283586538,0.0002
2.111111111111111,0.998831590872271,0.0002
2.1125000000000003,0.9987763987097628,0.0002
2.113888888888889,0.998936218813648,0.0002
2.115277777777778,0.9986933785892416,0.0002
2.1166666666666667,0.9986768989979717,0.0002
2.118055555555556,0.9989988650861764,0.0002
2.1194444444444445,0.9985236479378884,0.0002
2.1208333333333336,0.9992643381448079,0.0002
2.1222222222222222,0.9987233259527087,0.0002
2.1236111111111113,0.9989223204799801,0.0002
2.125,0.998755962311103,0.0002
2.126388888888889,0.9988579031826152,0.0002
2.1277777777777778,0.9987657456323789,0.0002
2.129166666666667,0.9990349530666722,0.0002
2.1305555555555555,0.9987415443527785,0.0002
2.1319444444444446,0.9987886356646588,0.0002
2.1333333333333333,0.9992226194226888,0.0002
2.1347222222222224,0.9989005445521926,0.0002
2.136111111111111,0.9986830418015011,0.0002
2.1375,0.9982982829352438,0.0002
2.138888888888889,0.9981430174552907,0.0002
2.140277777777778,0.9963470496001091,0.0002
2.1416666666666666,0.9953768538698919,0.0002
2.1430555555555557,0.9934453700746368,0.0002
2.1444444444444444,0.9918867632294739,0.0002
2.1458333333333335,0.9909612218059393,0.0002
2.147222222222222,0.9909494304857569,0.0002
2.1486111111111112,0.9896691214801314,0.0002
2.15,0.9898523545190464,0.0002
2.151388888888889,0.9895598624409722,0.0002
2.1527777777777777,0.9893974638161434,0.0002
2.154166666666667,0.9892330552210512,0.0002
2.1555555555555554,0.9889714771070327,0.0002
2.1569444444444446,0.9889074263780947,0.0002
2.158333333333333,0.9887345491226628,0.0002
2.1597222222222223,0.9883130499309495,0.0002
2.161111111111111,0.9885334475089542,0.0002
2.1625,0.988487129566339,0.0002
2.1638888888888888,0.9881988115460563,0.0002
2.165277777777778,0.9886537052379647,0.0002
2.166666666666667,0.9884841840104482,0.0002
2.1680555555555556,0.9883182530008132,0.0002
2.1694444444444447,0.9882782858622376,0.0002
2.1708333333333334,0.9880428025129894,0.0002
2.1722222222222225,0.9881802418104,0.0002
2.173611111111111,0.9881955529604702,0.0002
2.1750000000000003,0.9879908809482563,0.0002
2.176388888888889,0.987643652961734,0.0002
2.177777777777778,0.9877423083722404,0.0002
2.1791666666666667,0.9878872353246523,0.0002
2.180555555555556,0.9878617026275138,0.0002
2.1819444444444445,0.9876770613811033,0.0002
2.1833333333333336,0.9875704409237087,0.0002
2.1847222222222222,0.9880211498208599,0.0002
2.1861111111111113,0.9874982898079548,0.0002
2.1875,0.9874719148264746,0.0002
2.188888888888889,0.9873549703079239,0.0002
2.1902777777777778,0.9874545161007594,0.0002
2.191666666666667,0.9879650995617303,0.0002
2.1930555555555555,0.9879024526604618,0.0002
2.1944444444444446,0.9876827142749821,0.0002
2.1958333333333333,0.9878914135873699,0.0002
2.1972222222222224,0.9878297161425508,0.0002
2.198611111111111,0.9876709940965813,0.0002
2.2,0.9883806725327368,0.0002
2.201388888888889,0.9882733718612279,0.0002
2.202777777777778,0.988070967102957,0.0002
2.2041666666666666,0.9878069225805741,0.0002
2.2055555555555557,0.9880697561519134,0.0002
2.2069444444444444,0.9880372280356003,0.0002
2.2083333333333335,0.9882931970069965,0.0002
2.209722222222222,0.9884066744765412,0.0002
2.2111111111111112,0.988364137576794,0.0002
2.2125,0.9883061897915753,0.0002
2.213888888888889,0.9891889067187545,0.0002
2.2152777777777777,0.9890580960366298,0.0002
2.216666666666667,0.989396452425419,0.0002
2.2180555555555554,0.9895709659856632,0.0002
2.2194444444444446,0.9898048408783353,0.0002
2.220833333333333,0.9913632390783655,0.0002
2.2222222222222223,0.9928148454881892,0.0002
2.223611111111111,0.9946248936595424,0.0002
2.225,0.9962076457629391,0.0002
2.226388888888889,0.9974632728963366,0.0002
2.227777777777778,0.9982086933942389,0.0002
2.229166666666667,0.9984205491382768,0.0002
2.2305555555555556,0.998200659466831,0.0002
2.2319444444444447,0.9983665863724379,0.0002
2.2333333333333334,0.9982552835482894,0.0002
2.2347222222222225,0.9977674240210397,0.0002
2.236111111111111,0.9980998705357154,0.0002
2.2375000000000003,0.9979712497682824,0.0002
2.238888888888889,0.9981804208454574,0.0002
2.240277777777778,0.9979748527848092,0.0002
2.2416666666666667,0.9982586418145161,0.0002
2.243055555555556,0.9983036308960411,0.0002
2.2444444444444445,0.998373297925426,0.0002
2.2458333333333336,0.9985902862490083,0.0002
2.2472222222222222,0.9978509423101611,0.0002
2.2486111111111113,0.9979619723302937,0.0002
2.25,0.99875347795337,0.0002
2.251388888888889,0.9983970162532484,0.0002
2.2527777777777778,0.9982429610629966,0.0002
2.254166666666667,0.9982400787097896,0.0002
2.2555555555555555,0.9982767586053145,0.0002
2.2569444444444446,0.997910954421481,0.0002
2.2583333333333333,0.9981956847524593,0.0002
2.2597222222222224,0.9982215673912714,0.0002
2.261111111111111,0.9981741548215397,0.0002
2.2625,0.998218193638343,0.0002
2.263888888888889,0.9988969228809402,0.0002
2.265277777777778,0.9982799268496719,0.0002
2.2666666666666666,0.9983487438019104,0.0002
2.2680555555555557,0.9983490766963543,0.0002
2.2694444444444444,0.9984184704406784,0.0002
2.2708333333333335,0.9982188258389044,0.0002
2.272222222222222,0.9986139485476297,0.0002
2.2736111111111112,0.9983734694448237,0.0002
2.275,0.9980725563105558,0.0002
2.276388888888889,0.9983096392879218,0.0002
2.2777777777777777,0.9982881836909674,0.0002
2.279166666666667,0.9982126252759164,0.0002
2.2805555555555554,0.998381880439639,0.0002
2.2819444444444446,0.9982975992770802,0.0002
2.283333333333333,0.9983044197319269,0.0002
2.2847222222222223,0.9982016155833213,0.0002
2.286111111111111,0.9981542632637158,0.0002
2.2875,0.9977023185294089,0.0002
2.288888888888889,0.9983423723257397,0.0002
2.290277777777778,0.9982771513037362,0.0002
2.291666666666667,0.9979516952543556,0.0002
2.2930555555555556,0.9981825030824871,0.0002
2.2944444444444447,0.9983149269734337,0.0002
2.2958333333333334,0.9984449014469283,0.0002
2.2972222222222225,0.9982959430862867,0.0002
2.298611111111111,0.9982482493754299,0.0002
2.3000000000000003,0.9983026090912632,0.0002
2.301388888888889,0.9980705471513353,0.0002
2.302777777777778,0.9981348148409648,0.0002
2.3041666666666667,0.9979633997248539,0.0002
2.305555555555556,0.9983164362472486,0.0002
2.3069444444444445,0.9978822404421576,0.0002
2.3083333333333336,0.9983181588374622,0.0002
2.3097222222222222,0.9981545224738277,0.0002
2.3111111111111113,0.9984269752087769,0.0002
2.3125,0.998132972982284,0.0002
2.313888888888889,0.9982761002479151,0.0002
2.3152777777777778,0.9982812560988227,0.0002
2.316666666666667,0.9983567991726857,0.0002
2.3180555555555555,0.9980741772879694,0.0002
2.3194444444444446,0.9983798442275633,0.0002
2.3208333333333333,0.9978801552216124,0.0002
2.3222222222222224,0.9980436520450631,0.0002
2.323611111111111,0.9978716842253279,0.0002
2.325,0.9983712503319632,0.0002
2.326388888888889,0.9982760853268515,0.0002
2.327777777777778,0.9982144022756172,0.0002
2.3291666666666666,0.9984638107733546,0.0002
2.3305555555555557,0.9981234663340507,0.0002
2.3319444444444444,0.9982762808870818,0.0002
2.3333333333333335,0.9981556178483183,0.0002
2.334722222222222,0.9980575462415765,0.0002
2.3361111111111112,0.9982902168893187,0.0002
2.3375,0.9984216379985551,0.0002
2.338888888888889,0.9979759485751935,0.0002
2.3402777777777777,0.9982007002813899,0.0002
2.341666666666667,0.998127904599283,0.0002
2.3430555555555554,0.9981066347784454,0.0002
2.3444444444444446,0.998102069433116,0.0002
2.345833333333333,0.9979804673402147,0.0002
2.3472222222222223,0.9973708309222037,0.0002
2.348611111111111,0.9983712689230481,0.0002
2.35,0.997854497332642,0.0002
2.351388888888889,0.9978829987108999,0.0002
2.352777777777778,0.9978639379084464,0.0002
2.354166666666667,0.9976952057735496,0.0002
2.3555555555555556,0.9979197279082925,0.0002
2.3569444444444447,0.9978425481074626,0.0002
2.3583333333333334,0.997817458265874,0.0002
2.3597222222222225,0.9979122726361916,0.0002
2.361111111111111,0.9978860754214294,0.0002
2.3625000000000003,0.998027755996396,0.0002
2.363888888888889,0.997552595105388,0.0002
2.365277777777778,0.9976670559059365,0.0002
2.3666666666666667,0.9978680849210954,0.0002
2.368055555555556,0.9976069378032948,0.0002
2.3694444444444445,0.9976420897040859,0.0002
2.3708333333333336,0.9976850279697825,0.0002
2.3722222222222222,0.9977957630764637,0.0002
2.3736111111111113,0.9978443041627985,0.0002
2.375,0.9978152553559151,0.0002
2.376388888888889,0.9976260148527798,0.0002
2.3777777777777778,0.9978835146249654,0.0002
2.379166666666667,0.9980244283102562,0.0002
2.3805555555555555,0.9973729715829696,0.0002
2.3819444444444446,0.9973991764966957,0.0002
2.3833333333333333,0.9979172929938598,0.0002
2.3847222222222224,0.9980051026199903,0.0002
2.386111111111111,0.9972422625646588,0.0002
2.3875,0.9978599318674187,0.0002
2.388888888888889,0.9979644121916939,0.0002
2.390277777777778,0.99751323968583,0.0002
2.3916666666666666,0.9979389462926077,0.0002
2.3930555555555557,0.9975582730314184,0.0002
2.3944444444444444,0.9977456627668068,0.0002
2.3958333333333335,0.9975914058057109,0.0002
2.397222222222222,0.9979409603866993,0.0002
2.3986111111111112,0.9978657716106408,0.0002
2.4,0.9980207358703803,0.0002
2.401388888888889,0.9979683350164871,0.0002
2.4027777777777777,0.9976811695574845,0.0002
2.404166666666667,0.9983016010149077,0.0002
2.4055555555555554,0.9979497507020425,0.0002
2.4069444444444446,0.9977789868178996,0.0002
2.408333333333333,0.9974067289854884,0.0002
2.4097222222222223,0.9972776913961489,0.0002
2.411111111111111,0.9973375477938103,0.0002
2.4125,0.9973784776558624,0.0002
2.413888888888889,0.9978331482573702,0.0002
2.415277777777778,0.997618828130309,0.0002
2.416666666666667,0.9974049641928306,0.0002
2.4180555555555556,0.9974838748827717,0.0002
2.4194444444444447,0.9975280693097403,0.0002
2.4208333333333334,0.9977638659124264,0.0002
2.4222222222222225,0.9973693438037335,0.0002
2.423611111111111,0.9976468070329735,0.0002
2.4250000000000003,0.9976026587959768,0.0002
2.426388888888889,0.99734767537583,0.0002
2.427777777777778,0.9978505197448383,0.0002
2.4291666666666667,0.9974525062991083,0.0002
2.430555555555556,0.9973549659505611,0.0002
2.4319444444444445,0.9976898811363638,0.0002
2.4333333333333336,0.9975031080824983,0.0002
2.4347222222222222,0.9975451032135189,0.0002
2.4361111111111113,0.9972018438795691,0.0002
2.4375,0.9976526079549883,0.0002
2.438888888888889,0.9979544659384224,0.0002
2.4402777777777778,0.9973465912542554,0.0002
2.441666666666667,0.9977745903741748,0.0002
2.4430555555555555,0.9975007148145549,0.0002
2.4444444444444446,0.9981999955120179,0.0002
2.4458333333333333,0.9978574093893366,0.0002
2.4472222222222224,0.9976315263490758,0.0002
2.448611111111111,0.9973019012177045,0.0002
2.45,0.9973031575332538,0.0002
2.451388888888889,0.9976027798643029,0.0002
2.452777777777778,0.9971756210478222,0.0002
2.4541666666666666,0.9971275553804118,0.0002
2.4555555555555557,0.9974351794724181,0.0002
2.4569444444444444,0.9974194046814585,0.0002
2.4583333333333335,0.9975981434357256,0.0002
2.459722222222222,0.9974147809690286,0.0002
2.4611111111111112,0.997691157613924,0.0002
2.4625,0.9972768089201859,0.0002
2.463888888888889,0.9976535354550793,0.0002
2.4652777777777777,0.9976232609594302,0.0002
2.466666666666667,0.9977152357065417,0.0002
2.4680555555555554,0.9977711600013924,0.0002
2.4694444444444446,0.9974544483304882,0.0002
2.470833333333333,0.9973632611221837,0.0002
2.4722222222222223,0.997225688743191,0.0002
2.4736111111111114,0.9971976208540838,0.0002
2.475,0.9975716918057665,0.0002
2.476388888888889,0.9974753106387519,0.0002
2.477777777777778,0.9972358809992645,0.0002
2.479166666666667,0.9973114411245779,0.0002
2.4805555555555556,0.9978468631131174,0.0002
2.4819444444444447,0.9977690926445333,0.0002
2.4833333333333334,0.9972700686774253,0.0002
2.4847222222222225,0.9974488279495587,0.0002
2.486111111111111,0.9976659789627206,0.0002
2.4875000000000003,0.9973849313204194,0.0002
2.488888888888889,0.9973492741640338,0.0002
2.490277777777778,0.9974570123578211,0.0002
2.4916666666666667,0.9977302146313036,0.0002
2.493055555555556,0.997664994591634,0.0002
2.4944444444444445,0.9972679525258136,0.0002
2.4958333333333336,0.9974934126480954,0.0002
2.4972222222222222,0.9973944659153688,0.0002
2.4986111111111113,0.9971695936785995,0.0002
2.5,0.9972928266449358,0.0002
2.501388888888889,0.9970988083242733,0.0002
2.5027777777777778,0.9976056825345097,0.0002
2.504166666666667,0.9976708898834885,0.0002
2.5055555555555555,0.9972608091124118,0.0002
2.5069444444444446,0.9972185520996579,0.0002
2.5083333333333333,0.9974728570494733,0.0002
2.5097222222222224,0.9975282038137602,0.0002
2.511111111111111,0.9970633227149367,0.0002
2.5125,0.9972596634913745,0.0002
2.513888888888889,0.9973225805957562,0.0002
2.515277777777778,0.9970923340241242,0.0002
2.5166666666666666,0.9972348881689603,0.0002
2.5180555555555557,0.9970315128281632,0.0002
2.5194444444444444,0.997064434169568,0.0002
2.5208333333333335,0.9971612921853457,0.0002
2.522222222222222,0.9968639645689634,0.0002
2.5236111111111112,0.9967821164992432,0.0002
2.525,0.9974209197667153,0.0002
2.526388888888889,0.9971125649791065,0.0002
2.5277777777777777,0.9976769679664745,0.0002
2.529166666666667,0.9975494554369136,0.0002
2.5305555555555554,0.9970902114543732,0.0002
2.5319444444444446,0.9977163688283452,0.0002
2.533333333333333,0.9974667597788885,0.0002
2.5347222222222223,0.9971113007219345,0.0002
2.5361111111111114,0.9967560200963802,0.0002
2.5375,0.9974505501003245,0.0002
2.538888888888889,0.9973915554139244,0.0002
2.540277777777778,0.9974327992777733,0.0002
2.541666666666667,0.997291654102567,0.0002
2.5430555555555556,0.9971439825944595,0.0002
2.5444444444444447,0.997291184476591,0.0002
2.5458333333333334,0.9974681445360042,0.0002
2.5472222222222225,0.9972760994814209,0.0002
2.548611111111111,0.9973025250080924,0.0002
2.5500000000000003,0.9970759603489681,0.0002
2.551388888888889,0.9974093109354722,0.0002
2.552777777777778,0.9971580864868671,0.0002
2.5541666666666667,0.9976328488557961,0.0002
2.555555555555556,0.9972624028435315,0.0002
2.5569444444444445,0.997324480163359,0.0002
2.5583333333333336,0.997818130002593,0.0002
2.5597222222222222,0.9973653379526694,0.0002
2.5611111111111113,0.9972713993184851,0.0002
2.5625,0.9974180680939284,0.0002
2.563888888888889,0.9968521529801322,0.0002
2.5652777777777778,0.9974621509211152,0.0002
2.566666666666667,0.9973610358823304,0.0002
2.5680555555555555,0.9972509035240997,0.0002
2.5694444444444446,0.9965020953204231,0.0002
2.5708333333333333,0.9970976633751119,0.0002
2.5722222222222224,0.996906845907519,0.0002
2.573611111111111,0.9973738946815414,0.0002
2.575,0.9973915756912035,0.0002
2.576388888888889,0.9972816517238278,0.0002
2.577777777777778,0.9969331466297608,0.0002
2.5791666666666666,0.9974662397662268,0.0002
2.5805555555555557,0.9971638689151001,0.0002
2.5819444444444444,0.9975966347582005,0.0002
2.5833333333333335,0.9972261699494235,0.0002
2.584722222222222,0.997305680398133,0.0002
2.5861111111111112,0.9970640578967878,0.0002
2.5875,0.9975032833809235,0.0002
2.588888888888889,0.9973915975903439,0.0002
2.5902777777777777,0.9975729811285899,0.0002
2.591666666666667,0.9973283429633982,0.0002
2.5930555555555554,0.9972751412536635,0.0002
2.5944444444444446,0.997435794952224,0.0002
2.595833333333333,0.9975895992567112,0.0002
2.5972222222222223,0.9975164369778556,0.0002
2.5986111111111114,0.9973817674956981,0.0002
2.6,0.9969582667840406,0.0002
2.601388888888889,0.9974649049397193,0.0002
2.602777777777778,0.9969618327147034,0.0002
2.604166666666667,0.9972092728096555,0.0002
2.6055555555555556,0.9970969782338649,0.0002
2.6069444444444447,0.9968712150032331,0.0002
2.6083333333333334,0.9973131324159608,0.0002
2.6097222222222225,0.9977358154725977,0.0002
2.611111111111111,0.9971694751513862,0.0002
2.6125000000000003,0.9974195306575288,0.0002
2.613888888888889,0.9978036529310909,0.0002
2.615277777777778,0.9974854266660754,0.0002
2.6166666666666667,0.9971898084475973,0.0002
2.618055555555556,0.9972757949387784,0.0002
2.6194444444444445,0.9973380028380385,0.0002
2.6208333333333336,0.9974813526524055,0.0002
2.6222222222222222,0.9974478085355412,0.0002
2.6236111111111113,0.9965810730802303,0.0002
2.625,0.9969899071923912,0.0002
2.626388888888889,0.9971952083067667,0.0002
2.6277777777777778,0.9969717091372571,0.0002
2.629166666666667,0.9963841747449981,0.0002
2.6305555555555555,0.996882014680676,0.0002
2.6319444444444446,0.9970156350187747,0.0002
2.6333333333333333,0.9968861413341139,0.0002
2.6347222222222224,0.9967224246187683,0.0002
2.636111111111111,0.996952203548502,0.0002
2.6375,0.9969934092966022,0.0002
2.638888888888889,0.9967834065762481,0.0002
2.640277777777778,0.9971276134108361,0.0002
2.6416666666666666,0.9969151508359287,0.0002
2.6430555555555557,0.9967582522131022,0.0002
2.6444444444444444,0.9967031337902945,0.0002
2.6458333333333335,0.9969151207767694,0.0002
2.647222222222222,0.9971288311321359,0.0002
2.6486111111111112,0.9967443184116938,0.0002
2.65,0.9970363854690282,0.0002
2.651388888888889,0.9969161078003591,0.0002
2.6527777777777777,0.9973171504257103,0.0002
2.654166666666667,0.9969623669064932,0.0002
2.6555555555555554,0.9967693781176601,0.0002
2.6569444444444446,0.9970829109096616,0.0002
2.658333333333333,0.9969579410534728,0.0002
2.6597222222222223,0.996780330969097,0.0002
2.6611111111111114,0.9964893149568225,0.0002
2.6625,0.9968027261698507,0.0002
2.663888888888889,0.996756541354408,0.0002
2.665277777777778,0.9964275566943716,0.0002
2.666666666666667,0.9967163776100509,0.0002
2.6680555555555556,0.9964897077510698,0.0002
2.6694444444444447,0.9963624124866198,0.0002
2.6708333333333334,0.996508969020485,0.0002
2.6722222222222225,0.9968890785157244,0.0002
2.673611111111111,0.9968731512651281,0.0002
2.6750000000000003,0.9967680359416026,0.0002
2.676388888888889,0.9966075063944109,0.0002
2.677777777777778,0.9966279954347249,0.0002
2.6791666666666667,0.9965697092556453,0.0002
2.680555555555556,0.9963639899014485,0.0002
2.6819444444444445,0.9963270298889313,0.0002
2.6833333333333336,0.9963698932035635,0.0002
2.6847222222222222,0.9967338354760521,0.0002
2.6861111111111113,0.996729570013842,0.0002
2.6875,0.9962382607130745,0.0002
2.688888888888889,0.9965397613854335,0.0002
2.6902777777777778,0.9964486489295538,0.0002
2.691666666666667,0.9964467342110651,0.0002
2.6930555555555555,0.9963412700057892,0.0002
2.6944444444444446,0.9966946804776551,0.0002
2.6958333333333333,0.9963532562188853,0.0002
2.6972222222222224,0.9964062822859995,0.0002
2.698611111111111,0.9963535525000445,0.0002
2.7,0.9960053587492537,0.0002
2.701388888888889,0.9962170515549678,0.0002
2.702777777777778,0.996327295482462,0.0002
2.7041666666666666,0.996376845243735,0.0002
2.7055555555555557,0.9958130723035142,0.0002
2.7069444444444444,0.9957009905507511,0.0002
2.7083333333333335,0.9961102968719855,0.0002
2.709722222222222,0.9963240878227726,0.0002
2.7111111111111112,0.9961871707056298,0.0002
2.7125,0.9961720463554394,0.0002
2.713888888888889,0.9957359298139649,0.0002
2.7152777777777777,0.99590525475235,0.0002
2.716666666666667,0.9955355198048129,0.0002
2.7180555555555554,0.9959895453862346,0.0002
2.7194444444444446,0.995532159547167,0.0002
2.7208333333333337,0.9962203356563458,0.0002
2.7222222222222223,0.9962398971307692,0.0002
2.7236111111111114,0.9959664442945311,0.0002
2.725,0.995608453476345,0.0002
2.726388888888889,0.9959756415766039,0.0002
2.727777777777778,0.996263447714926,0.0002
2.729166666666667,0.9959551575862295,0.0002
2.7305555555555556,0.996121059782786,0.0002
2.7319444444444447,0.9957998133803417,0.0002
2.7333333333333334,0.9957204598829413,0.0002
2.7347222222222225,0.9958627865540121,0.0002
2.736111111111111,0.99552987493846,0.0002
2.7375000000000003,0.9963591625677164,0.0002
2.738888888888889,0.9959221741247475,0.0002
2.740277777777778,0.9960742763976388,0.0002
2.7416666666666667,0.9958879376942783,0.0002
2.743055555555556,0.9956123182436749,0.0002
2.7444444444444445,0.9962431173688926,0.0002
2.7458333333333336,0.9956486141836454,0.0002
2.7472222222222222,0.9959550268198664,0.0002
2.7486111111111113,0.9960476562888494,0.0002
2.75,0.9959979993718573,0.0002
2.751388888888889,0.9958359375901787,0.0002
2.7527777777777778,0.9959392077396194,0.0002
2.754166666666667,0.9957824065078535,0.0002
2.7555555555555555,0.9961246140237904,0.0002
2.7569444444444446,0.9960430900651425,0.0002
2.7583333333333333,0.9959131566915554,0.0002
2.7597222222222224,0.9958147092458695,0.0002
2.761111111111111,0.9963167172900207,0.0002
2.7625,0.995599947774007,0.0002
2.763888888888889,0.995491282042561,0.0002
2.765277777777778,0.9958035773139085,0.0002
2.7666666666666666,0.9957951885190284,0.0002
2.7680555555555557,0.9960788081660668,0.0002
2.7694444444444444,0.9960344751255723,0.0002
2.7708333333333335,0.995917061892344,0.0002
2.772222222222222,0.9960310055047491,0.0002
2.7736111111111112,0.9960431194948924,0.0002
2.775,0.9963650965449253,0.0002
2.776388888888889,0.9959727120604844,0.0002
2.7777777777777777,0.9958887498519907,0.0002
2.779166666666667,0.996045881495099,0.0002
2.7805555555555554,0.9954539079685097,0.0002
2.7819444444444446,0.9959927812766367,0.0002
2.7833333333333337,0.9962312518896144,0.0002
2.7847222222222223,0.9960708329561773,0.0002
2.7861111111111114,0.9960632128813681,0.0002
2.7875,0.9961309009267897,0.0002
2.788888888888889,0.9961728602408406,0.0002
2.790277777777778,0.9962933769220625,0.0002
2.791666666666667,0.9961282204308441,0.0002
2.7930555555555556,0.9959196356380281,0.0002
2.7944444444444447,0.9956031110384664,0.0002
2.7958333333333334,0.9962933339711906,0.0002
2.7972222222222225,0.9962020807119066,0.0002
2.798611111111111,0.996203944116103,0.0002
2.8000000000000003,0.9960448423109957,0.0002
2.801388888888889,0.9963759684702153,0.0002
2.802777777777778,0.9961031260698039,0.0002
2.8041666666666667,0.9961760203819576,0.0002
2.805555555555556,0.9961952226660694,0.0002
2.8069444444444445,0.9962988165064823,0.0002
2.8083333333333336,0.9959448250844851,0.0002
2.8097222222222222,0.9962947615769593,0.0002
2.8111111111111113,0.9960366554736411,0.0002
2.8125,0.9959845897164671,0.0002
2.813888888888889,0.9962334303498976,0.0002
2.8152777777777778,0.9958849916089706,0.0002
2.816666666666667,0.9961437664011148,0.0002
2.8180555555555555,0.9959985914223349,0.0002
2.8194444444444446,0.9956287078304911,0.0002
2.8208333333333333,0.9962928282406764,0.0002
2.8222222222222224,0.9960613075865804,0.0002
2.823611111111111,0.9961100280133754,0.0002
2.825,0.9962163759206328,0.0002
2.826388888888889,0.9963218067889542,0.0002
2.827777777777778,0.9960976333257848,0.0002
2.8291666666666666,0.9961616024563554,0.0002
2.8305555555555557,0.9961596917175614,0.0002
2.8319444444444444,0.9959733474620246,0.0002
2.8333333333333335,0.9957405089127899,0.0002
2.834722222222222,0.9961441083375138,0.0002
2.8361111111111112,0.996408835588824,0.0002
2.8375,0.9963389575527785,0.0002
2.838888888888889,0.9959757168432153,0.0002
2.8402777777777777,0.9963475349386334,0.0002
2.841666666666667,0.9960225543536931,0.0002
2.8430555555555554,0.9956979934497363,0.0002
2.8444444444444446,0.9963444986434661,0.0002
2.8458333333333337,0.9959582942305967,0.0002
2.8472222222222223,0.9964540553622866,0.0002
2.8486111111111114,0.9963642649150162,0.0002
2.85,0.9960350525198692,0.0002
2.851388888888889,0.9962271847815245,0.0002
2.852777777777778,0.9967522787570205,0.0002
2.854166666666667,0.9964859463219605,0.0002
2.8555555555555556,0.9963619129548936,0.0002
2.8569444444444447,0.9968713190475782,0.0002
2.8583333333333334,0.9962361145979796,0.0002
2.8597222222222225,0.9963032104980464,0.0002
2.861111111111111,0.9959514977664343,0.0002
2.8625000000000003,0.9957395527025382,0.0002
2.863888888888889,0.9960973493811026,0.0002
2.865277777777778,0.9961768227093035,0.0002
2.8666666666666667,0.9962540932214813,0.0002
2.868055555555556,0.9958919489779867,0.0002
2.8694444444444445,0.9963019194340589,0.0002
2.8708333333333336,0.9960494956270514,0.0002
2.8722222222222222,0.9963375956087125,0.0002
2.8736111111111113,0.9964288026971867,0.0002
2.875,0.9961555108185025,0.0002
2.876388888888889,0.9960279782244872,0.0002
2.8777777777777778,0.9964670194359376,0.0002
2.879166666666667,0.9962443995602546,0.0002
2.8805555555555555,0.9960900956663948,0.0002
2.8819444444444446,0.9963577878555103,0.0002
2.8833333333333333,0.9960238864507727,0.0002
2.8847222222222224,0.995883407547914,0.0002
2.886111111111111,0.995811469414533,0.0002
2.8875,0.9958937108809497,0.0002
2.888888888888889,0.9960297455764091,0.0002
2.890277777777778,0.9961738470845144,0.0002
2.8916666666666666,0.9959201595378055,0.0002
2.8930555555555557,0.9961073274067372,0.0002
2.8944444444444444,0.9958309930385418,0.0002
2.8958333333333335,0.9957660926264353,0.0002
2.897222222222222,0.9956984970756245,0.0002
2.8986111111111112,0.9958560336039255,0.0002
2.9,0.9956840661515287,0.0002
2.901388888888889,0.9963128613111634,0.0002
2.9027777777777777,0.9960220589187226,0.0002
2.904166666666667,0.995925861719221,0.0002
2.9055555555555554,0.996319983511151,0.0002
2.9069444444444446,0.995723010205067,0.0002
2.9083333333333337,0.9959952568301764,0.0002
2.9097222222222223,0.9964287776183918,0.0002
2.9111111111111114,0.9960376805185239,0.0002
2.9125,0.9965974102647093,0.0002
2.913888888888889,0.9962302569398196,0.0002
2.915277777777778,0.9962536277191958,0.0002
2.916666666666667,0.9963317106064687,0.0002
2.9180555555555556,0.996078585699119,0.0002
2.9194444444444447,0.9959042009664085,0.0002
2.9208333333333334,0.995948032092536,0.0002
2.9222222222222225,0.9958108213726559,0.0002
2.923611111111111,0.9959841004328176,0.0002
2.9250000000000003,0.995974897585838,0.0002
2.926388888888889,0.9963794148468463,0.0002
2.927777777777778,0.9961142643368553,0.0002
2.9291666666666667,0.9964335640433308,0.0002
2.930555555555556,0.9955406473635025,0.0002
2.9319444444444445,0.9957488291920265,0.0002
2.9333333333333336,0.9959456734956452,0.0002
2.9347222222222222,0.996358667637908,0.0002
2.9361111111111113,0.9960491386136378,0.0002
2.9375,0.9958016392709291,0.0002
2.938888888888889,0.9960361586163703,0.0002
2.9402777777777778,0.9958503369582149,0.0002
2.941666666666667,0.9958178483941259,0.0002
2.9430555555555555,0.9965079614044525,0.0002
2.9444444444444446,0.9960749287075591,0.0002
2.9458333333333333,0.9962069982000645,0.0002
2.9472222222222224,0.9961575657536963,0.0002
2.948611111111111,0.9960907049539517,0.0002
2.95,0.9959777460724664,0.0002
2.951388888888889,0.996084256725631,0.0002
2.952777777777778,0.9962244298626177,0.0002
2.9541666666666666,0.9965431789237109,0.0002
2.9555555555555557,0.9964267690088294,0.0002
2.9569444444444444,0.9960144804055503,0.0002
2.9583333333333335,0.9965064892503597,0.0002
2.959722222222222,0.9964100509900345,0.0002
2.9611111111111112,0.9962984076744749,0.0002
2.9625,0.9964441757056873,0.0002
2.963888888888889,0.996538665571989,0.0002
2.9652777777777777,0.9963988219120055,0.0002
2.966666666666667,0.9964710900490129,0.0002
2.9680555555555554,0.9962154886088284,0.0002
2.9694444444444446,0.9968269363985476,0.0002
2.9708333333333337,0.9960587274427039,0.0002
2.9722222222222223,0.9966192574442849,0.0002
2.9736111111111114,0.9965743246305315,0.0002
2.975,0.9966160223212661,0.0002
2.976388888888889,0.9964707762900568,0.0002
2.977777777777778,0.9968658479529926,0.0002
2.979166666666667,0.9965791392163531,0.0002
2.9805555555555556,0.9963333844079103,0.0002
2.9819444444444447,0.996310235326728,0.0002
2.9833333333333334,0.9965984833526687,0.0002
2.9847222222222225,0.9962391963672909,0.0002
2.986111111111111,0.9969260067163068,0.0002
2.9875000000000003,0.9967743811760644,0.0002
2.988888888888889,0.9969649360609232,0.0002
2.990277777777778,0.9969067863459835,0.0002
2.9916666666666667,0.9964446298495936,0.0002
2.993055555555556,0.9963529936525463,0.0002
2.9944444444444445,0.9960203361366281,0.0002
2.9958333333333336,0.9964914124154463,0.0002
2.9972222222222222,0.9968904383880363,0.0002
2.9986111111111113,0.99640425606676,0.0002
3.0,0.9964954850822304,0.0002
3.001388888888889,0.9964043585198157,0.0002
3.0027777777777778,0.9965488091116836,0.0002
3.004166666666667,0.996792034871927,0.0002
3.0055555555555555,0.9962574846055655,0.0002
3.0069444444444446,0.9963249689435719,0.0002
3.0083333333333333,0.9969503383694527,0.0002
3.0097222222222224,0.9969295264831826,0.0002
3.011111111111111,0.9966545289578835,0.0002
3.0125,0.9970156517562345,0.0002
3.013888888888889,0.9963746508690816,0.0002
3.015277777777778,0.9967966255589574,0.0002
3.0166666666666666,0.9965491308050713,0.0002
3.0180555555555557,0.9966720040688932,0.0002
3.0194444444444444,0.9960193441535048,0.0002
3.0208333333333335,0.9964615443748153,0.0002
3.022222222222222,0.9966650171997562,0.0002
3.0236111111111112,0.9965285544079856,0.0002
3.025,0.9968170500861733,0.0002
3.026388888888889,0.99683945798569,0.0002
3.0277777777777777,0.9963879204747542,0.0002
3.029166666666667,0.9968428089672561,0.0002
3.030555555555556,0.9964917132988412,0.0002
3.0319444444444446,0.996617590122677,0.0002
3.0333333333333337,0.9966938418574238,0.0002
3.0347222222222223,0.9963177262913094,0.0002
3.0361111111111114,0.9966445861841855,0.0002
3.0375,0.9963821973815992,0.0002
3.038888888888889,0.9963473811031036,0.0002
3.040277777777778,0.9966982522421565,0.0002
3.041666666666667,0.9964163728314384,0.0002
3.0430555555555556,0.9964409156760621,0.0002
3.0444444444444447,0.9967855915648982,0.0002
3.0458333333333334,0.9965550620142273,0.0002
3.0472222222222225,0.996245810788322,0.0002
3.048611111111111,0.9967172608336634,0.0002
3.0500000000000003,0.9963817019202305,0.0002
3.051388888888889,0.9961758286622311,0.0002
3.052777777777778,0.9959572506403822,0.0002
3.0541666666666667,0.9966312177087999,0.0002
3.055555555555556,0.9962430766960002,0.0002
3.0569444444444445,0.9961433300654254,0.0002
3.0583333333333336,0.9965135789111517,0.0002
3.0597222222222222,0.9965526730407852,0.0002
3.0611111111111113,0.9962633627741097,0.0002
3.0625,0.9966542908596437,0.0002
3.063888888888889,0.9968709424124504,0.0002
3.0652777777777778,0.9967101192408602,0.0002
3.066666666666667,0.9967006169421696,0.0002
3.0680555555555555,0.9965547434193226,0.0002
3.0694444444444446,0.9963849838291919,0.0002
3.0708333333333333,0.9965002504274417,0.0002
3.0722222222222224,0.9966458920658311,0.0002
3.073611111111111,0.996366778128031,0.0002
3.075,0.9965471194742146,0.0002
3.076388888888889,0.9963774356375761,0.0002
3.077777777777778,0.9967122017638588,0.0002
3.0791666666666666,0.9962869347896482,0.0002
3.0805555555555557,0.9950948540698777,0.0002
3.0819444444444444,0.9939763672023629,0.0002
3.0833333333333335,0.9919684319966529,0.0002
3.084722222222222,0.9904485626948549,0.0002
3.0861111111111112,0.9892967179263386,0.0002
3.0875,0.988596732840958,0.0002
3.088888888888889,0.9878425887779684,0.0002
3.0902777777777777,0.9877018141869719,0.0002
3.091666666666667,0.9872638247770879,0.0002
3.093055555555556,0.9871772862090232,0.0002
3.0944444444444446,0.9870906437419643,0.0002
3.0958333333333337,0.9871147542437185,0.0002
3.0972222222222223,0.9869398382905684,0.0002
3.0986111111111114,0.9868301923933571,0.0002
3.1,0.9864024154207262,0.0002
3.101388888888889,0.9865410279692167,0.0002
3.102777777777778,0.9865591688551302,0.0002
3.104166666666667,0.9864685650698028,0.0002
3.1055555555555556,0.9860717716558351,0.0002
3.1069444444444447,0.9863367578508638,0.0002
3.1083333333333334,0.9858328198110807,0.0002
3.1097222222222225,0.9859224317126942,0.0002
3.111111111111111,0.9858987011309478,0.0002
3.1125000000000003,0.9857212709972907,0.0002
3.113888888888889,0.9858487353181925,0.0002
3.115277777777778,0.9858625838581739,0.0002
3.1166666666666667,0.9854745953224372,0.0002
3.118055555555556,0.9857662678209117,0.0002
3.1194444444444445,0.9854549139801358,0.0002
3.1208333333333336,0.9861329485108887,0.0002
3.1222222222222222,0.9857289973827088,0.0002
3.1236111111111113,0.985708599085753,0.0002
3.125,0.9857857702149572,0.0002
3.126388888888889,0.9858206504012147,0.0002
3.1277777777777778,0.9859027261793094,0.0002
3.129166666666667,0.9854400696486619,0.0002
3.1305555555555555,0.9859266639549067,0.0002
3.1319444444444446,0.9859841787864301,0.0002
3.1333333333333333,0.9856965654051859,0.0002
3.1347222222222224,0.9857340621278339,0.0002
3.136111111111111,0.9851864181908229,0.0002
3.1375,0.9856505592042797,0.0002
3.138888888888889,0.9860772066281787,0.0002
3.140277777777778,0.9861616949913696,0.0002
3.1416666666666666,0.9860942956260355,0.0002
3.1430555555555557,0.9860095829134375,0.0002
3.1444444444444444,0.9864793957113127,0.0002
3.1458333333333335,0.986404443805801,0.0002
3.147222222222222,0.9862583736297471,0.0002
3.1486111111111112,0.9869109831272651,0.0002
3.15,0.9863691849591817,0.0002
3.151388888888889,0.9863499637520298,0.0002
3.1527777777777777,0.9866975380018044,0.0002
3.154166666666667,0.9868292652714166,0.0002
3.155555555555556,0.9870666995730017,0.0002
3.1569444444444446,0.9875710938890506,0.0002
3.1583333333333337,0.9877365033678018,0.0002
3.1597222222222223,0.988108917366335,0.0002
3.1611111111111114,0.9886049127141726,0.0002
3.1625,0.9894271371358425,0.0002
3.163888888888889,0.9912577373006066,0.0002
3.165277777777778,0.993044147789924,0.0002
3.166666666666667,0.9942871118958511,0.0002
3.1680555555555556,0.9955751379337427,0.0002
3.1694444444444447,0.9964340014243098,0.0002
3.1708333333333334,0.9961904881042677,0.0002
3.1722222222222225,0.995955339173527,0.0002
3.173611111111111,0.996083827980945,0.0002
3.1750000000000003,0.9966028675197868,0.0002
3.176388888888889,0.996600810336977,0.0002
3.177777777777778,0.9965191281738813,0.0002
3.1791666666666667,0.996133432290922,0.0002
3.180555555555556,0.9964368193175394,0.0002
3.1819444444444445,0.9964742578877981,0.0002
3.1833333333333336,0.9964563831114881,0.0002
3.1847222222222222,0.9963937982319392,0.0002
3.1861111111111113,0.9964174233612689,0.0002
3.1875,0.9964167911257491,0.0002
3.188888888888889,0.9963596542584336,0.0002
3.1902777777777778,0.9969808372156669,0.0002
3.191666666666667,0.9968514014793277,0.0002
3.1930555555555555,0.9965963376539376,0.0002
3.1944444444444446,0.9967113391074858,0.0002
3.1958333333333333,0.9966980281022834,0.0002
3.1972222222222224,0.9970496147461496,0.0002
3.198611111111111,0.9966310651331342,0.0002
3.2,0.9966053087928436,0.0002
3.201388888888889,0.9964644545098692,0.0002
3.202777777777778,0.9963491062952765,0.0002
3.2041666666666666,0.996802499976108,0.0002
3.2055555555555557,0.9966586307078872,0.0002
3.2069444444444444,0.9964227883540966,0.0002
3.2083333333333335,0.9966929783905276,0.0002
3.209722222222222,0.9968089664170797,0.0002
3.2111111111111112,0.9962366201394258,0.0002
3.2125,0.9965353185865493,0.0002
3.213888888888889,0.9967964198511919,0.0002
3.2152777777777777,0.9963631304702404,0.0002
3.216666666666667,0.9964130185588917,0.0002
3.218055555555556,0.9967004938810131,0.0002
3.2194444444444446,0.9968728777907561,0.0002
3.2208333333333337,0.9969855802991079,0.0002
3.2222222222222223,0.9971836094741834,0.0002
3.2236111111111114,0.9969041738427795,0.0002
3.225,0.9968720272362113,0.0002
3.226388888888889,0.9967385323515648,0.0002
3.227777777777778,0.9969250019660599,0.0002
3.229166666666667,0.9970360598903987,0.0002
3.2305555555555556,0.9970701145340815,0.0002
3.2319444444444447,0.996872638458812,0.0002
3.2333333333333334,0.9969976872785464,0.0002
3.2347222222222225,0.9971527148865205,0.0002
3.236111111111111,0.9969595466895183,0.0002
3.2375000000000003,0.9971782043258253,0.0002
3.238888888888889,0.9966899983023177,0.0002
3.240277777777778,0.9968340332485933,0.0002
3.2416666666666667,0.9967524499878044,0.0002
3.243055555555556,0.9969861858221363,0.0002
3.2444444444444445,0.9966300795962874,0.0002
3.2458333333333336,0.9968963756203754,0.0002
3.2472222222222222,0.9966282820516903,0.0002
3.2486111111111113,0.9971683727856975,0.0002
3.25,0.9973387326386356,0.0002
3.251388888888889,0.9973403756442952,0.0002
3.2527777777777778,0.9973134013672221,0.0002
3.254166666666667,0.9972263097698628,0.0002
3.2555555555555555,0.9971911242314934,0.0002
3.2569444444444446,0.9972124713879953,0.0002
3.2583333333333333,0.9971824671693476,0.0002
3.2597222222222224,0.996908866906699,0.0002
3.261111111111111,0.9969697671788118,0.0002
3.2625,0.9970937806234971,0.0002
3.263888888888889,0.9970481425657846,0.0002
3.265277777777778,0.9968330886160476,0.0002
3.2666666666666666,0.9969290350961805,0.0002
3.2680555555555557,0.9972216394097979,0.0002
3.2694444444444444,0.9973671217204958,0.0002
3.2708333333333335,0.9971350539046762,0.0002
3.272222222222222,0.9975877029476156,0.0002
3.2736111111111112,0.9968590072273474,0.0002
3.275,0.9971481014668866,0.0002
3.276388888888889,0.9973738971165516,0.0002
3.277777777777778,0.9974018317941282,0.0002
3.279166666666667,0.9973926546844324,0.0002
3.280555555555556,0.9974314167785528,0.0002
3.2819444444444446,0.9972136579073412,0.0002
3.2833333333333337,0.9975583692760165,0.0002
3.2847222222222223,0.9975992471689559,0.0002
3.2861111111111114,0.9972409411550697,0.0002
3.2875,0.9975279798489695,0.0002
3.288888888888889,0.9971376849712204,0.0002
3.290277777777778,0.9977123806622413,0.0002
3.291666666666667,0.9974900690874025,0.0002
3.2930555555555556,0.9976659334048792,0.0002
3.2944444444444447,0.9973646319669541,0.0002
3.2958333333333334,0.9970112219800349,0.0002
3.2972222222222225,0.9979838498545014,0.0002
3.298611111111111,0.9974675854907701,0.0002
3.3000000000000003,0.9971312000974955,0.0002
3.301388888888889,0.9975846488440488,0.0002
3.302777777777778,0.9977319934142453,0.0002
3.3041666666666667,0.9972875179256179,0.0002
3.305555555555556,0.9973054372323926,0.0002
3.3069444444444445,0.9973616430387832,0.0002
3.3083333333333336,0.997129148478824,0.0002
3.3097222222222222,0.9971444858649657,0.0002
3.3111111111111113,0.9976166693819143,0.0002
3.3125,0.9972663257052043,0.0002
3.313888888888889,0.9970984861356831,0.0002
3.3152777777777778,0.9971034399519579,0.0002
3.316666666666667,0.9974402200868268,0.0002
3.3180555555555555,0.9968830102519042,0.0002
3.3194444444444446,0.9973283261486106,0.0002
3.3208333333333333,0.9976816208575678,0.0002
3.3222222222222224,0.9976289061450807,0.0002
3.323611111111111,0.9972628740329432,0.0002
3.325,0.9974269333876062,0.0002
3.326388888888889,0.9973858253245119,0.0002
3.327777777777778,0.9970476937009769,0.0002
3.3291666666666666,0.9972390120319755,0.0002
3.3305555555555557,0.997404769009375,0.0002
3.3319444444444444,0.9967662696019011,0.0002
3.3333333333333335,0.9971625962755969,0.0002
3.334722222222222,0.9971005724034636,0.0002
3.3361111111111112,0.9970950147232055,0.0002
3.3375,0.9970914933969683,0.0002
3.338888888888889,0.9971044166880962,0.0002
3.340277777777778,0.9970830433968066,0.0002
3.341666666666667,0.9971698511886345,0.0002
3.343055555555556,0.9970561115871746,0.0002
3.3444444444444446,0.9969104591555059,0.0002
3.3458333333333337,0.9966712133707618,0.0002
3.3472222222222223,0.9967217258868203,0.0002
3.3486111111111114,0.9968288043742215,0.0002
3.35,0.9967087518574035,0.0002
3.351388888888889,0.9969628965670536,0.0002
3.352777777777778,0.9967954523430222,0.0002
3.354166666666667,0.9969903210788116,0.0002
3.3555555555555556,0.9966972638055615,0.0002
3.3569444444444447,0.9966262878775565,0.0002
3.3583333333333334,0.9969923535035854,0.0002
3.3597222222222225,0.9968207507817543,0.0002
3.361111111111111,0.9966495476234588,0.0002
3.3625000000000003,0.9967463833579735,0.0002
3.363888888888889,0.9967277010352903,0.0002
3.365277777777778,0.9964165604035746,0.0002
3.3666666666666667,0.996926300880229,0.0002
3.368055555555556,0.9965734473715271,0.0002
3.3694444444444445,0.9970488185641531,0.0002
3.3708333333333336,0.9965397720109426,0.0002
3.3722222222222222,0.9968451163321536,0.0002
3.3736111111111113,0.9967452336437702,0.0002
3.375,0.9964719460677129,0.0002
3.376388888888889,0.9969306222356724,0.0002
3.3777777777777778,0.9964625664345095,0.0002
3.379166666666667,0.9967440109130287,0.0002
3.3805555555555555,0.9970293555540699,0.0002
3.3819444444444446,0.9966928990363481,0.0002
3.3833333333333333,0.9965759241194045,0.0002
3.3847222222222224,0.9968733815641064,0.0002
3.386111111111111,0.9966775415352789,0.0002
3.3875,0.9966933773565811,0.0002
3.388888888888889,0.9970249605336787,0.0002
3.390277777777778,0.9965412008056288,0.0002
3.3916666666666666,0.9967102923469041,0.0002
3.3930555555555557,0.9969326454513255,0.0002
3.3944444444444444,0.9965482209044562,0.0002
3.3958333333333335,0.9971885525102283,0.0002
3.397222222222222,0.9969103904562963,0.0002
3.3986111111111112,0.9971129126434212,0.0002
3.4,0.9970930078249183,0.0002
3.401388888888889,0.996924579691522,0.0002
3.402777777777778,0.9968980223991408,0.0002
3.404166666666667,0.9969622057118739,0.0002
3.405555555555556,0.9970963400416992,0.0002
3.4069444444444446,0.9967826215875724,0.0002
3.4083333333333337,0.9967028875689485,0.0002
3.4097222222222223,0.9972230606412124,0.0002
3.4111111111111114,0.9967847601848863,0.0002
3.4125,0.9970494157943612,0.0002
3.413888888888889,0.9969119670108914,0.0002
3.415277777777778,0.9968381718275859,0.0002
3.416666666666667,0.9970698116914651,0.0002
3.4180555555555556,0.996710717802277,0.0002
3.4194444444444447,0.9965979772333792,0.0002
3.4208333333333334,0.9966098855958707,0.0002
3.4222222222222225,0.9965104290579032,0.0002
3.423611111111111,0.9964466023606182,0.0002
3.4250000000000003,0.9964469899583137,0.0002
3.426388888888889,0.9968610179627823,0.0002
3.427777777777778,0.996732630384484,0.0002
3.4291666666666667,0.9965530781366679,0.0002
3.430555555555556,0.9968207480792672,0.0002
3.4319444444444445,0.9962875025959389,0.0002
3.4333333333333336,0.9968618787507908,0.0002
3.4347222222222222,0.9968623101292627,0.0002
3.4361111111111113,0.9970787753474827,0.0002
3.4375,0.9967939606642419,0.0002
3.438888888888889,0.9966823395853279,0.0002
3.4402777777777778,0.9967619879662877,0.0002
3.441666666666667,0.9963898773895796,0.0002
3.4430555555555555,0.996472348155136,0.0002
3.4444444444444446,0.9965273983129307,0.0002
3.4458333333333333,0.9968985184947392,0.0002
3.4472222222222224,0.99641491523673,0.0002
3.448611111111111,0.996405181170183,0.0002
3.45,0.9966448411589071,0.0002
3.451388888888889,0.9967380376123165,0.0002
3.452777777777778,0.9964502747770625,0.0002
3.4541666666666666,0.9967314399307683,0.0002
3.4555555555555557,0.9969113060288259,0.0002
3.4569444444444444,0.9969421450074435,0.0002
3.4583333333333335,0.996774135011174,0.0002
3.459722222222222,0.9967240880271195,0.0002
3.4611111111111112,0.9970588164731534,0.0002
3.4625,0.9967512473895561,0.0002
3.463888888888889,0.9969029706984276,0.0002
3.465277777777778,0.9971578466642451,0.0002
3.466666666666667,0.9970356189091868,0.0002
3.468055555555556,0.9966650253974664,0.0002
3.4694444444444446,0.9965180380987322,0.0002
3.4708333333333337,0.9966828035167365,0.0002
3.4722222222222223,0.9969419511941013,0.0002
3.4736111111111114,0.9969157282011438,0.0002
3.475,0.997281014858323,0.0002
3.476388888888889,0.9969741010588105,0.0002
3.477777777777778,0.9968451494419763,0.0002
3.479166666666667,0.9967409676266158,0.0002
3.4805555555555556,0.9972470831149757,0.0002
3.4819444444444447,0.9970806066022746,0.0002
3.4833333333333334,0.9967983145271241,0.0002
3.4847222222222225,0.9971466467817274,0.0002
3.486111111111111,0.9969303546662678,0.0002
3.4875000000000003,0.9970182569620673,0.0002
3.488888888888889,0.9971838484732448,0.0002
3.490277777777778,0.9970127445778789,0.0002
3.4916666666666667,0.9971342833299721,0.0002
3.493055555555556,0.9970899120965779,0.0002
3.4944444444444445,0.9970697918325525,0.0002
3.4958333333333336,0.9970134366141257,0.0002
3.4972222222222222,0.9971853055296228,0.0002
3.4986111111111113,0.9971295141226,0.0002
3.5,0.9973489168065824,0.0002
3.501388888888889,0.9972632191175336,0.0002
3.5027777777777778,0.9975446188571535,0.0002
3.504166666666667,0.9976745073853205,0.0002
3.5055555555555555,0.997351721518835,0.0002
3.5069444444444446,0.9973938478601716,0.0002
3.5083333333333333,0.9974843854068672,0.0002
3.5097222222222224,0.9974276737209399,0.0002
3.511111111111111,0.9973286807362782,0.0002
3.5125,0.9973634077356441,0.0002
3.513888888888889,0.9971414242322176,0.0002
3.515277777777778,0.9975671690328631,0.0002
3.5166666666666666,0.9974190718579226,0.0002
3.5180555555555557,0.997727591881459,0.0002
3.5194444444444444,0.9976285415228974,0.0002
3.5208333333333335,0.9973135220628383,0.0002
3.522222222222222,0.9977369517812156,0.0002
3.5236111111111112,0.9969371398785696,0.0002
3.5250000000000004,0.997762500749097,0.0002
3.526388888888889,0.9971380196029264,0.0002
3.527777777777778,0.9975347371649421,0.0002
3.529166666666667,0.9975442996929608,0.0002
3.530555555555556,0.9977033418953736,0.0002
3.5319444444444446,0.9973993989932819,0.0002
3.5333333333333337,0.9970731431205683,0.0002
3.5347222222222223,0.9974358663790263,0.0002
3.5361111111111114,0.9974364195827577,0.0002
3.5375,0.9970573473890145,0.0002
3.538888888888889,0.9975696402586494,0.0002
3.540277777777778,0.9972673526115429,0.0002
3.541666666666667,0.9976363119807952,0.0002
3.5430555555555556,0.9973818103289462,0.0002
3.5444444444444447,0.9978194953075622,0.0002
3.5458333333333334,0.9973574436835956,0.0002
3.5472222222222225,0.997400811015499,0.0002
3.548611111111111,0.9972911142981836,0.0002
3.5500000000000003,0.9969929667906194,0.0002
3.551388888888889,0.9971821263352076,0.0002
3.552777777777778,0.9974133489394491,0.0002
3.5541666666666667,0.9974498148155085,0.0002
3.555555555555556,0.9973399982203133,0.0002
3.5569444444444445,0.9971248848467484,0.0002
3.5583333333333336,0.9975484254680788,0.0002
3.5597222222222222,0.9975652331997442,0.0002
3.5611111111111113,0.9977279560130627,0.0002
3.5625,0.9975573092287232,0.0002
3.563888888888889,0.9972333967786791,0.0002
3.5652777777777778,0.9976873363539406,0.0002
3.566666666666667,0.9975999320376008,0.0002
3.5680555555555555,0.9977986291642178,0.0002
3.5694444444444446,0.9975486050900337,0.0002
3.5708333333333333,0.9976386258049764,0.0002
3.5722222222222224,0.9977614610401216,0.0002
3.573611111111111,0.9976269349123804,0.0002
3.575,0.9976266840550263,0.0002
3.576388888888889,0.9977338297575755,0.0002
3.577777777777778,0.9975877659477874,0.0002
3.5791666666666666,0.9976898308263727,0.0002
3.5805555555555557,0.9980806303219504,0.0002
3.5819444444444444,0.9979600979888206,0.0002
3.5833333333333335,0.9978768436046845,0.0002
3.584722222222222,0.9980813555617911,0.0002
3.5861111111111112,0.9976512452591538,0.0002
3.5875000000000004,0.9983113549828472,0.0002
3.588888888888889,0.9977376851262895,0.0002
3.590277777777778,0.9982525524545236,0.0002
3.591666666666667,0.9982980413737412,0.0002
3.593055555555556,0.9975522623296202,0.0002
3.5944444444444446,0.9982616472688568,0.0002
3.5958333333333337,0.9979265068600418,0.0002
3.5972222222222223,0.9978991118334285,0.0002
3.5986111111111114,0.9980805287221652,0.0002
3.6,0.9978734610876169,0.0002
3.601388888888889,0.9981977740598215,0.0002
3.602777777777778,0.9979426325862745,0.0002
3.604166666666667,0.9980936861970525,0.0002
3.6055555555555556,0.9982886992505577,0.0002
3.6069444444444447,0.9981563343485051,0.0002
3.6083333333333334,0.9980210532732234,0.0002
3.6097222222222225,0.9981148449956774,0.0002
3.611111111111111,0.997773569665649,0.0002
3.6125000000000003,0.9978631794425294,0.0002
3.613888888888889,0.9980102115765916,0.0002
3.615277777777778,0.9982505085884374,0.0002
3.6166666666666667,0.9981845222685828,0.0002
3.618055555555556,0.9982650728924795,0.0002
3.6194444444444445,0.9981124603725166,0.0002
3.6208333333333336,0.9979158815155857,0.0002
3.6222222222222222,0.9983630497141033,0.0002
3.6236111111111113,0.9979645094267525,0.0002
3.625,0.9981280215518201,0.0002
3.626388888888889,0.9979465806839677,0.0002
3.6277777777777778,0.9981201291503585,0.0002
3.629166666666667,0.9978598396469861,0.0002
3.6305555555555555,0.9981745085683059,0.0002
3.6319444444444446,0.9981558393089158,0.0002
3.6333333333333333,0.9980484456601164,0.0002
3.6347222222222224,0.9978823558466934,0.0002
3.636111111111111,0.997807256404573,0.0002
3.6375,0.9984244849216759,0.0002
3.638888888888889,0.9977383591545196,0.0002
3.640277777777778,0.998082646658271,0.0002
3.6416666666666666,0.9979427552436503,0.0002
3.6430555555555557,0.9979348280023923,0.0002
3.6444444444444444,0.997994967723982,0.0002
3.6458333333333335,0.9978316467219561,0.0002
3.647222222222222,0.9980129781074549,0.0002
3.6486111111111112,0.9980536359170313,0.0002
3.6500000000000004,0.998593639087302,0.0002
3.651388888888889,0.9982358989923772,0.0002
3.652777777777778,0.9981238903741194,0.0002
3.654166666666667,0.9981408558554402,0.0002
3.655555555555556,0.9983495603176501,0.0002
3.6569444444444446,0.9977859606022883,0.0002
3.6583333333333337,0.9979446772119721,0.0002
3.6597222222222223,0.9976527615571147,0.0002
3.6611111111111114,0.9982019523836031,0.0002
3.6625,0.9982456935215805,0.0002
3.663888888888889,0.9978680659482577,0.0002
3.665277777777778,0.9983854102157519,0.0002
3.666666666666667,0.9979287944884578,0.0002
3.6680555555555556,0.9980318303930876,0.0002
3.6694444444444447,0.9981211050388543,0.0002
3.6708333333333334,0.998372675305408,0.0002
3.6722222222222225,0.9978394339492239,0.0002
3.673611111111111,0.9981362771287724,0.0002
3.6750000000000003,0.998226746872029,0.0002
3.676388888888889,0.9982612200922073,0.0002
3.677777777777778,0.9982460249397331,0.0002
3.6791666666666667,0.9982914012197351,0.0002
3.680555555555556,0.9981382029341093,0.0002
3.6819444444444445,0.9985392621174654,0.0002
3.6833333333333336,0.9980937056946735,0.0002
3.6847222222222222,0.9981267489292913,0.0002
3.6861111111111113,0.9984081583762492,0.0002
3.6875,0.9980124365538593,0.0002
3.688888888888889,0.9981767299527043,0.0002
3.6902777777777778,0.9979812180170157,0.0002
3.691666666666667,0.9985871237937856,0.0002
3.6930555555555555,0.9985376834976473,0.0002
3.6944444444444446,0.9980753213696265,0.0002
3.6958333333333333,0.9981562095020429,0.0002
3.6972222222222224,0.9980222326387574,0.0002
3.698611111111111,0.9979365365676448,0.0002
3.7,0.9979659044707092,0.0002
3.701388888888889,0.997915527733123,0.0002
3.702777777777778,0.9976258966307323,0.0002
3.7041666666666666,0.9979653602641217,0.0002
3.7055555555555557,0.9978928793996573,0.0002
3.7069444444444444,0.9979638412707955,0.0002
3.7083333333333335,0.9978569454423951,0.0002
3.709722222222222,0.9978329011208231,0.0002
3.7111111111111112,0.9981464486680096,0.0002
3.7125000000000004,0.9980578413926667,0.0002
3.713888888888889,0.9982535133067643,0.0002
3.715277777777778,0.9980632529593627,0.0002
3.716666666666667,0.997942406206191,0.0002
3.718055555555556,0.9981776664888804,0.0002
3.7194444444444446,0.997682302376641,0.0002
3.7208333333333337,0.9984191242031336,0.0002
3.7222222222222223,0.9980749078866552,0.0002
3.7236111111111114,0.9985140987265555,0.0002
3.725,0.9978941164172287,0.0002
3.726388888888889,0.9978907843828585,0.0002
3.727777777777778,0.998156860888228,0.0002
3.729166666666667,0.9980892985685065,0.0002
3.7305555555555556,0.9980918004777829,0.0002
3.7319444444444447,0.9979820780244039,0.0002
3.7333333333333334,0.9978092990941091,0.0002
3.7347222222222225,0.9976975296515057,0.0002
3.736111111111111,0.9979650109543761,0.0002
3.7375000000000003,0.9975944433057113,0.0002
3.738888888888889,0.9975294604313331,0.0002
3.740277777777778,0.997726861889639,0.0002
3.7416666666666667,0.9978734481982451,0.0002
3.743055555555556,0.9982497391686208,0.0002
3.7444444444444445,0.9980925830703468,0.0002
3.7458333333333336,0.9982069490191654,0.0002
3.7472222222222222,0.9980586459835726,0.0002
3.7486111111111113,0.9980201877147385,0.0002
3.75,0.998409590535573,0.0002
3.751388888888889,0.9976839465093819,0.0002
3.7527777777777778,0.9978160752130192,0.0002
3.754166666666667,0.997870778655497,0.0002
3.7555555555555555,0.9981716077286485,0.0002
3.7569444444444446,0.9978076923532145,0.0002
3.7583333333333333,0.9981490166146018,0.0002
3.7597222222222224,0.9981314554046096,0.0002
3.761111111111111,0.9980485338320912,0.0002
3.7625,0.9980596804385501,0.0002
3.763888888888889,0.9982040987783752,0.0002
3.765277777777778,0.9978852562940013,0.0002
3.7666666666666666,0.998034345220577,0.0002
3.7680555555555557,0.9977785507447232,0.0002
3.7694444444444444,0.9976818305873105,0.0002
3.7708333333333335,0.998222286386621,0.0002
3.7722222222222226,0.9977109658278065,0.0002
3.7736111111111112,0.9980078810918764,0.0002
3.7750000000000004,0.9979941975309191,0.0002
3.776388888888889,0.998171392216278,0.0002
3.777777777777778,0.9975561520626338,0.0002
3.779166666666667,0.9980750289744279,0.0002
3.780555555555556,0.9979450179985591,0.0002
3.7819444444444446,0.9977584328677127,0.0002
3.7833333333333337,0.9978374309910492,0.0002
3.7847222222222223,0.9980692138228282,0.0002
3.7861111111111114,0.9979921807989449,0.0002
3.7875,0.997780055961164,0.0002
3.788888888888889,0.9975710977270255,0.0002
3.790277777777778,0.9976702510693847,0.0002
3.791666666666667,0.9979778457131695,0.0002
3.7930555555555556,0.9975193240775987,0.0002
3.7944444444444447,0.9976928604203215,0.0002
3.7958333333333334,0.9983325899277792,0.0002
3.7972222222222225,0.9978682096905258,0.0002
3.798611111111111,0.9979246066304653,0.0002
3.8000000000000003,0.9975465988670001,0.0002
3.801388888888889,0.9974712861068208,0.0002
3.802777777777778,0.997866237037218,0.0002
3.8041666666666667,0.9977638405151199,0.0002
3.805555555555556,0.9981195684394523,0.0002
3.8069444444444445,0.9978755277060256,0.0002
3.8083333333333336,0.9985887209279161,0.0002
3.8097222222222222,0.997746021978668,0.0002
3.8111111111111113,0.9978382508371838,0.0002
3.8125,0.9976491553235831,0.0002
3.813888888888889,0.9980883535423538,0.0002
3.8152777777777778,0.9980187641180781,0.0002
3.816666666666667,0.9977179493781595,0.0002
3.8180555555555555,0.9978400964348565,0.0002
3.8194444444444446,0.9982131140166426,0.0002
3.8208333333333333,0.9982079173349983,0.0002
3.8222222222222224,0.99765768813925,0.0002
3.823611111111111,0.9977744527392652,0.0002
3.825,0.9982381187133031,0.0002
3.826388888888889,0.9978906355932038,0.0002
3.827777777777778,0.9979070762432333,0.0002
3.8291666666666666,0.9981059215782485,0.0002
3.8305555555555557,0.9976502130967523,0.0002
3.8319444444444444,0.9977639109912492,0.0002
3.8333333333333335,0.9979278587721463,0.0002
3.8347222222222226,0.9982027711868052,0.0002
3.8361111111111112,0.9980929654802172,0.0002
3.8375000000000004,0.998009605936624,0.0002
3.838888888888889,0.9978793913572804,0.0002
3.840277777777778,0.9981093819506641,0.0002
3.841666666666667,0.9978222565961109,0.0002
3.843055555555556,0.9978862687035779,0.0002
3.8444444444444446,0.9980341025451032,0.0002
3.8458333333333337,0.9982297421526609,0.0002
3.8472222222222223,0.9979152315802166,0.0002
3.8486111111111114,0.9978991036391966,0.0002
3.85,0.9982579057806795,0.0002
3.851388888888889,0.9982630472515803,0.0002
3.852777777777778,0.9978734690025882,0.0002
3.854166666666667,0.9977425693509118,0.0002
3.8555555555555556,0.9983285658979625,0.0002
3.8569444444444447,0.9977826771917492,0.0002
3.8583333333333334,0.9977521813644229,0.0002
3.8597222222222225,0.9980592176019273,0.0002
3.861111111111111,0.9980681183271702,0.0002
3.8625000000000003,0.9979051987456966,0.0002
3.863888888888889,0.9981322669618404,0.0002
3.865277777777778,0.9981649391641829,0.0002
3.8666666666666667,0.9980650853425723,0.0002
3.868055555555556,0.9985862650100292,0.0002
3.8694444444444445,0.9982706779593145,0.0002
3.8708333333333336,0.9984117566662227,0.0002
3.8722222222222222,0.9978930802787778,0.0002
3.8736111111111113,0.99786587843847,0.0002
3.875,0.9982312002419022,0.0002
3.876388888888889,0.9985785386675975,0.0002
3.8777777777777778,0.9980014567615919,0.0002
3.879166666666667,0.9981970925654184,0.0002
3.8805555555555555,0.997898685546518,0.0002
3.8819444444444446,0.9980530517433399,0.0002
3.8833333333333333,0.9982670631054436,0.0002
3.8847222222222224,0.998156308067249,0.0002
3.886111111111111,0.9979827818307658,0.0002
3.8875,0.99800528014034,0.0002
3.888888888888889,0.9978650947855816,0.0002
3.890277777777778,0.9983265797667993,0.0002
3.8916666666666666,0.9983958529529919,0.0002
3.8930555555555557,0.9984355411411073,0.0002
3.8944444444444444,0.9980911667912897,0.0002
3.8958333333333335,0.9984359513360996,0.0002
3.8972222222222226,0.9983818942660582,0.0002
3.8986111111111112,0.9983215803599202,0.0002
3.9000000000000004,0.9982021203191578,0.0002
3.901388888888889,0.9981171817775042,0.0002
3.902777777777778,0.9982234556603156,0.0002
3.904166666666667,0.9984803665117552,0.0002
3.905555555555556,0.9983687113997611,0.0002
3.9069444444444446,0.9980715693260025,0.0002
3.9083333333333337,0.9982070458697666,0.0002
3.9097222222222223,0.997880244187225,0.0002
3.9111111111111114,0.9982229975051504,0.0002
3.9125,0.9978449664274588,0.0002
3.913888888888889,0.9981856973013121,0.0002
3.915277777777778,0.9986767200881602,0.0002
3.916666666666667,0.9980082670607002,0.0002
3.9180555555555556,0.9986373910166059,0.0002
3.9194444444444447,0.998165499238036,0.0002
3.9208333333333334,0.9979491884734059,0.0002
3.9222222222222225,0.9978938453767145,0.0002
3.923611111111111,0.998527247543915,0.0002
3.9250000000000003,0.998148449164177,0.0002
3.926388888888889,0.9980215863230342,0.0002
3.927777777777778,0.9981828085775727,0.0002
3.9291666666666667,0.9982345285715784,0.0002
3.930555555555556,0.9982612916454289,0.0002
3.9319444444444445,0.9982912550940636,0.0002
3.9333333333333336,0.998622371414569,0.0002
3.9347222222222222,0.998087143648673,0.0002
3.9361111111111113,0.9983970084912066,0.0002
3.9375,0.9982768138136149,0.0002
3.938888888888889,0.9981874680183562,0.0002
3.9402777777777778,0.9985278003964813,0.0002
3.941666666666667,0.9980323873697595,0.0002
3.9430555555555555,0.9979067537993707,0.0002
3.9444444444444446,0.9984291375876961,0.0002
3.9458333333333333,0.9983496823103161,0.0002
3.9472222222222224,0.9981575165562316,0.0002
3.948611111111111,0.9981131882757356,0.0002
3.95,0.9988755352525268,0.0002
3.951388888888889,0.9985523836603801,0.0002
3.952777777777778,0.9984167242762731,0.0002
3.9541666666666666,0.9988266719056164,0.0002
3.9555555555555557,0.9985644517888862,0.0002
3.9569444444444444,0.998750530327479,0.0002
3.9583333333333335,0.9982059633594945,0.0002
3.9597222222222226,0.998192117719829,0.0002
3.9611111111111112,0.9986250324813122,0.0002
3.9625000000000004,0.9986476581533789,0.0002
3.963888888888889,0.9988264620454304,0.0002
3.965277777777778,0.9982135253516419,0.0002
3.966666666666667,0.9987529676616941,0.0002
3.968055555555556,0.9988079598304465,0.0002
3.9694444444444446,0.9988037411318393,0.0002
3.9708333333333337,0.998520311009829,0.0002
3.9722222222222223,0.9986654163681576,0.0002
3.9736111111111114,0.9983402092460931,0.0002
3.975,0.9984663275577975,0.0002
3.976388888888889,0.9982812633302862,0.0002
3.977777777777778,0.9984784319698409,0.0002
3.979166666666667,0.9985330459088898,0.0002
3.9805555555555556,0.998426329594172,0.0002
3.9819444444444447,0.998396720742263,0.0002
3.9833333333333334,0.9983590186011301,0.0002
3.9847222222222225,0.9990147438205341,0.0002
3.986111111111111,0.9985491627752161,0.0002
3.9875000000000003,0.9986317671016115,0.0002
3.988888888888889,0.9981837265627499,0.0002
3.990277777777778,0.998758736335052,0.0002
3.9916666666666667,0.9984348622490364,0.0002
3.993055555555556,0.9983187332747289,0.0002
3.9944444444444445,0.9982188701488575,0.0002
3.9958333333333336,0.9984202287134734,0.0002
3.9972222222222222,0.997632025589579,0.0002
3.9986111111111113,0.998020694614524,0.0002
4.0,0.9981806456535989,0.0002
4.001388888888889,0.998193115815537,0.0002
4.002777777777778,0.9987619113634003,0.0002
4.004166666666666,0.9982284687667168,0.0002
4.0055555555555555,0.9985468802617907,0.0002
4.006944444444445,0.9987118430097512,0.0002
4.008333333333334,0.9984982464276471,0.0002
4.009722222222222,0.9982534594671207,0.0002
4.011111111111111,0.9981385354023237,0.0002
4.0125,0.9985271344981261,0.0002
4.013888888888889,0.998692635870623,0.0002
4.0152777777777775,0.9984362732196018,0.0002
4.016666666666667,0.9985937841853236,0.0002
4.018055555555556,0.9988619588281488,0.0002
4.019444444444445,0.998470556615527,0.0002
4.020833333333334,0.9973945236756818,0.0002
4.022222222222222,0.9964016350531663,0.0002
4.023611111111111,0.9952510781417045,0.0002
4.025,0.9933337838504733,0.0002
4.0263888888888895,0.9920758480634618,0.0002
4.027777777777778,0.9905136973635441,0.0002
4.029166666666667,0.9900441419377086,0.0002
4.030555555555556,0.9894968282561175,0.0002
4.031944444444445,0.9893645746257718,0.0002
4.033333333333333,0.9891156250957917,0.0002
4.034722222222222,0.9885316391352539,0.0002
4.036111111111111,0.9885923371188519,0.0002
4.0375000000000005,0.9883328859929712,0.0002
4.038888888888889,0.9883644117941202,0.0002
4.040277777777778,0.9881134998168104,0.0002
4.041666666666667,0.9883937257790133,0.0002
4.043055555555556,0.9882800460658564,0.0002
4.044444444444444,0.9881889149578492,0.0002
4.045833333333333,0.9877486200087267,0.0002
4.0472222222222225,0.9878151690236511,0.0002
4.048611111111112,0.9875225772059532,0.0002
4.05,0.9877982254974915,0.0002
4.051388888888889,0.9879823686129443,0.0002
4.052777777777778,0.9880937340849668,0.0002
4.054166666666667,0.9879089109533403,0.0002
4.055555555555555,0.9880773207535108,0.0002
4.0569444444444445,0.9878197911111439,0.0002
4.058333333333334,0.9877105677138597,0.0002
4.059722222222223,0.9878581527774064,0.0002
4.061111111111111,0.9878234047365624,0.0002
4.0625,0.9874985765308022,0.0002
4.063888888888889,0.9877155708687378,0.0002
4.065277777777778,0.9876167530326547,0.0002
4.066666666666666,0.9872899753060307,0.0002
4.0680555555555555,0.987726258025239,0.0002
4.069444444444445,0.987376784005994,0.0002
4.070833333333334,0.9876832575722672,0.0002
4.072222222222222,0.9873696469388898,0.0002
4.073611111111111,0.9876101621565333,0.0002
4.075,0.9877438342341711,0.0002
4.076388888888889,0.9880703951009872,0.0002
4.0777777777777775,0.9876384214780313,0.0002
4.079166666666667,0.9874946922945004,0.0002
4.080555555555556,0.9878970890252328,0.0002
4.081944444444445,0.9878194910517868,0.0002
4.083333333333334,0.9880509647547663,0.0002
4.084722222222222,0.9878363418958073,0.0002
4.086111111111111,0.9882183227696486,0.0002
4.0875,0.9887610984506108,0.0002
4.0888888888888895,0.9883068933748657,0.0002
4.090277777777778,0.9884993454272196,0.0002
4.091666666666667,0.9882675410995545,0.0002
4.093055555555556,0.9886455803858186,0.0002
4.094444444444445,0.9890910223723474,0.0002
4.095833333333333,0.9891535766002024,0.0002
4.097222222222222,0.9896126402071611,0.0002
4.098611111111111,0.9897775749797347,0.0002
4.1000000000000005,0.9897719282395884,0.0002
4.101388888888889,0.9906175990784774,0.0002
4.102777777777778,0.9909109268355983,0.0002
4.104166666666667,0.9923728779033657,0.0002
4.105555555555556,0.9941326885380618,0.0002
4.106944444444444,0.9959785127923025,0.0002
4.108333333333333,0.9968169576097949,0.0002
4.1097222222222225,0.998030972186494,0.0002
4.111111111111112,0.9984058472006982,0.0002
4.1125,0.9984489550637276,0.0002
4.113888888888889,0.9985538160750685,0.0002
4.115277777777778,0.9982508661950465,0.0002
4.116666666666667,0.9985012249486226,0.0002
4.118055555555555,0.9985669994628122,0.0002
4.1194444444444445,0.9985855029163362,0.0002
4.120833333333334,0.9983942538181259,0.0002
4.122222222222223,0.9982950421276351,0.0002
4.123611111111111,0.998262140423523,0.0002
4.125,0.9980645385171185,0.0002
4.126388888888889,0.9983484190872454,0.0002
4.127777777777778,0.9984247836854584,0.0002
4.129166666666666,0.9983797542422173,0.0002
4.1305555555555555,0.99849528510505,0.0002
4.131944444444445,0.998091094629317,0.0002
4.133333333333334,0.9983607945925477,0.0002
4.134722222222222,0.9987610971635164,0.0002
4.136111111111111,0.9985563149554156,0.0002
4.1375,0.9984533529800078,0.0002
4.138888888888889,0.9985139648762433,0.0002
4.1402777777777775,0.9983593713329894,0.0002
4.141666666666667,0.9981528827524744,0.0002
4.143055555555556,0.9985868882630707,0.0002
4.144444444444445,0.9980183053341383,0.0002
4.145833333333334,0.9983832726258779,0.0002
4.147222222222222,0.9984279688791549,0.0002
4.148611111111111,0.9983495972400034,0.0002
4.15,0.9989464085263187,0.0002
4.1513888888888895,0.998887818875992,0.0002
4.152777777777778,0.9987933396142634,0.0002
4.154166666666667,0.9984316044131736,0.0002
4.155555555555556,0.9990758562916514,0.0002
4.156944444444445,0.9988132783944698,0.0002
4.158333333333333,0.9986107682064284,0.0002
4.159722222222222,0.9987841132578879,0.0002
4.161111111111111,0.9989348747154808,0.0002
4.1625000000000005,0.9985687473915112,0.0002
4.163888888888889,0.9988236083041377,0.0002
4.165277777777778,0.9988967484146716,0.0002
4.166666666666667,0.9985985753162223,0.0002
4.168055555555556,0.9988222709685052,0.0002
4.169444444444444,0.9987030985846636,0.0002
4.170833333333333,0.9991721503141123,0.0002
4.1722222222222225,0.9987466369853742,0.0002
4.173611111111112,0.9989749957046512,0.0002
4.175,0.9986179990115636,0.0002
4.176388888888889,0.9985797887497185,0.0002
4.177777777777778,0.9986190382071372,0.0002
4.179166666666667,0.9987856901948734,0.0002
4.180555555555555,0.9989139683717865,0.0002
4.1819444444444445,0.9990590459132531,0.0002
4.183333333333334,0.9986159975564275,0.0002
4.184722222222223,0.998917974774833,0.0002
4.186111111111111,0.9988074884402407,0.0002
4.1875,0.9991099720818487,0.0002
4.188888888888889,0.9989242097154266,0.0002
4.190277777777778,0.9989332512811506,0.0002
4.191666666666666,0.9988491566626477,0.0002
4.1930555555555555,0.99936081814778,0.0002
4.194444444444445,0.998666321173113,0.0002
4.195833333333334,0.9987876704552562,0.0002
4.197222222222222,0.9989581669443685,0.0002
4.198611111111111,0.9989052085267229,0.0002
4.2,0.9987683956106334,0.0002
4.201388888888889,0.9985515691357324,0.0002
4.2027777777777775,0.9987767107866925,0.0002
4.204166666666667,0.9987572115091253,0.0002
4.205555555555556,0.9992234382062564,0.0002
4.206944444444445,0.9993026723397138,0.0002
4.208333333333334,0.9988525630113737,0.0002
4.209722222222222,0.998577740685247,0.0002
4.211111111111111,0.9990329247157737,0.0002
4.2125,0.9986335104443935,0.0002
4.2138888888888895,0.9987367300469433,0.0002
4.215277777777778,0.9987711404364571,0.0002
4.216666666666667,0.9988195347705278,0.0002
4.218055555555556,0.9988555399887085,0.0002
4.219444444444445,0.9986599050774502,0.0002
4.220833333333333,0.9987446046649597,0.0002
4.222222222222222,0.9990862268171363,0.0002
4.223611111111111,0.9989335280777363,0.0002
4.2250000000000005,0.9989603611246299,0.0002
4.226388888888889,0.9984487371234105,0.0002
4.227777777777778,0.9990627921474549,0.0002
4.229166666666667,0.9987458183654275,0.0002
4.230555555555556,0.999091188542388,0.0002
4.231944444444444,0.9989199203244932,0.0002
4.233333333333333,0.9988010278007711,0.0002
4.2347222222222225,0.9986189504430166,0.0002
4.236111111111112,0.999454922730493,0.0002
4.2375,0.9992265006179185,0.0002
4.238888888888889,0.9991962663042631,0.0002
4.240277777777778,0.999346637902114,0.0002
4.241666666666667,0.9990247028684219,0.0002
4.243055555555555,0.9992302491648495,0.0002
4.2444444444444445,0.9988125903358951,0.0002
4.245833333333334,0.9990361706771343,0.0002
4.247222222222223,0.9987414965810218,0.0002
4.248611111111111,0.9987366099238538,0.0002
4.25,0.9988429095064775,0.0002
4.251388888888889,0.9986243503823657,0.0002
4.252777777777778,0.9989533262377848,0.0002
4.254166666666666,0.9989383607267553,0.0002
4.2555555555555555,0.9986114835468768,0.0002
4.256944444444445,0.9989046854219045,0.0002
4.258333333333334,0.9989278600606147,0.0002
4.259722222222222,0.9991796070923568,0.0002
4.261111111111111,0.999086399997944,0.0002
4.2625,0.9994140706793667,0.0002
4.263888888888889,0.9991904288257879,0.0002
4.2652777777777775,0.9990152383885388,0.0002
4.266666666666667,0.9991242435317659,0.0002
4.268055555555556,0.9989950118666968,0.0002
4.269444444444445,0.9991978182750033,0.0002
4.270833333333334,0.9991704500441859,0.0002
4.272222222222222,0.9989940476715834,0.0002
4.273611111111111,0.9991214794379333,0.0002
4.275,0.9991336698398684,0.0002
4.2763888888888895,0.9987831499834774,0.0002
4.277777777777778,0.9990961308197107,0.0002
4.279166666666667,0.9986961561786998,0.0002
4.280555555555556,0.9991828664305686,0.0002
4.281944444444445,0.9990781398440196,0.0002
4.283333333333333,0.9992751965415314,0.0002
4.284722222222222,0.9987050219539301,0.0002
4.286111111111111,0.9991892652629915,0.0002
4.2875000000000005,0.9990971977497138,0.0002
4.288888888888889,0.9988327853058426,0.0002
4.290277777777778,0.9988014575569869,0.0002
4.291666666666667,0.9987045139626891,0.0002
4.293055555555556,0.9987093813522695,0.0002
4.294444444444444,0.998798420465007,0.0002
4.295833333333333,0.998740774122924,0.0002
4.2972222222222225,0.9992757575876893,0.0002
4.298611111111112,0.9987400210238403,0.0002
4.3,0.9990189172922439,0.0002
4.301388888888889,0.9991373695560646,0.0002
4.302777777777778,0.999092210565061,0.0002
4.304166666666667,0.9992020921514533,0.0002
4.305555555555555,0.999329708758718,0.0002
4.3069444444444445,0.9990052782554422,0.0002
4.308333333333334,0.9990885606506894,0.0002
4.309722222222223,0.9990484158171726,0.0002
4.311111111111111,0.9994160818136226,0.0002
4.3125,0.9995727137629169,0.0002
4.313888888888889,0.9989163838757072,0.0002
4.315277777777778,0.998783947404345,0.0002
4.316666666666666,0.9993103830776764,0.0002
4.3180555555555555,0.9993519767340147,0.0002
4.319444444444445,0.9994925982170816,0.0002
4.320833333333334,0.9992599260625404,0.0002
4.322222222222222,0.9994473811272051,0.0002
4.323611111111111,0.9995743641722312,0.0002
4.325,0.9995712305144482,0.0002
4.326388888888889,0.9994679510511586,0.0002
4.3277777777777775,0.9990697754797633,0.0002
4.329166666666667,0.9992944310552604,0.0002
4.330555555555556,0.999349444567077,0.0002
4.331944444444445,0.9992321962618314,0.0002
4.333333333333334,0.9991878992896773,0.0002
4.334722222222222,0.999524559288337,0.0002
4.336111111111111,0.9990685780050219,0.0002
4.3375,0.9994114955016679,0.0002
4.3388888888888895,0.9993402404278232,0.0002
4.340277777777778,0.999116852873796,0.0002
4.341666666666667,0.9990987685177681,0.0002
4.343055555555556,0.9989721955237018,0.0002
4.344444444444445,0.9994287336429107,0.0002
4.345833333333333,0.9992861425035422,0.0002
4.347222222222222,0.9991508313228407,0.0002
4.348611111111111,0.9989715842762065,0.0002
4.3500000000000005,0.9994030902552968,0.0002
4.351388888888889,0.9992844842091878,0.0002
4.352777777777778,0.9991483492294089,0.0002
4.354166666666667,0.9990745819918654,0.0002
4.355555555555556,0.9991686801549371,0.0002
4.356944444444444,0.9993685182662772,0.0002
4.358333333333333,0.9992574885586699,0.0002
4.3597222222222225,0.9991106177287814,0.0002
4.361111111111112,0.9994269968197966,0.0002
4.3625,0.9996393552957841,0.0002
4.363888888888889,0.9995769113969512,0.0002
4.365277777777778,0.9995723592978862,0.0002
4.366666666666667,0.99950539030195,0.0002
4.368055555555555,0.999374638323883,0.0002
4.3694444444444445,0.9993851890236994,0.0002
4.370833333333334,0.9992757284304494,0.0002
4.372222222222223,0.9998393274598082,0.0002
4.373611111111111,0.9997768338697403,0.0002
4.375,0.9997118996012493,0.0002
4.376388888888889,0.9997670028265893,0.0002
4.377777777777778,0.9997344470828008,0.0002
4.379166666666666,0.9995388836499431,0.0002
4.3805555555555555,0.999614769812844,0.0002
4.381944444444445,0.9995573729462013,0.0002
4.383333333333334,1.00011922761615,0.0002
4.384722222222222,0.9999430810538282,0.0002
4.386111111111111,0.9997607146362144,0.0002
4.3875,0.9999339747392199,0.0002
4.388888888888889,0.9998770106161184,0.0002
4.3902777777777775,0.9993507865971019,0.0002
4.391666666666667,0.9996074395451867,0.0002
4.393055555555556,0.999674223411308,0.0002
4.394444444444445,0.9998308190971299,0.0002
4.395833333333334,0.9996344229751719,0.0002
4.397222222222222,0.9996751990883181,0.0002
4.398611111111111,0.9995627995542165,0.0002
4.4,0.9998367398477382,0.0002
4.4013888888888895,0.9992965795958286,0.0002
4.402777777777778,0.9994457389723468,0.0002
4.404166666666667,0.9992112547633566,0.0002
4.405555555555556,0.9994056798836419,0.0002
4.406944444444445,0.9997197911892348,0.0002
4.408333333333333,0.9997255395841841,0.0002
4.409722222222222,0.9996312765939844,0.0002
4.411111111111111,0.9998384807456575,0.0002
4.4125000000000005,0.9999240563605455,0.0002
4.413888888888889,0.9996476453184755,0.0002
4.415277777777778,0.9997403509194032,0.0002
4.416666666666667,0.9996172404193187,0.0002
4.418055555555556,0.9997882198510354,0.0002
4.419444444444444,0.9993558262427428,0.0002
4.420833333333333,0.9999214997690631,0.0002
4.4222222222222225,0.999816311297151,0.0002
4.423611111111112,0.9993802104546828,0.0002
4.425,0.9993999446310597,0.0002
4.426388888888889,0.9995974322871061,0.0002
4.427777777777778,0.9994127542381929,0.0002
4.429166666666667,0.9995732599707989,0.0002
4.430555555555555,0.9993305542827475,0.0002
4.4319444444444445,0.9996427800270068,0.0002
4.433333333333334,0.9993022827728653,0.0002
4.434722222222223,0.9997889921318186,0.0002
4.436111111111111,0.9993718638635882,0.0002
4.4375,0.9989765100037447,0.0002
4.438888888888889,0.9997123439229705,0.0002
4.440277777777778,0.9994557025975053,0.0002
4.441666666666666,0.9993029292329964,0.0002
4.4430555555555555,0.9994033469396512,0.0002
4.444444444444445,0.9990174600851469,0.0002
4.445833333333334,0.9988685606597014,0.0002
4.447222222222222,0.9992745363849022,0.0002
4.448611111111111,0.9995449994002423,0.0002
4.45,0.9993991267376665,0.0002
4.451388888888889,0.9996817089877452,0.0002
4.452777777777778,0.9995887793635688,0.0002
4.454166666666667,0.9993508593008542,0.0002
4.455555555555556,0.9995984143772532,0.0002
4.456944444444445,0.9997130634564262,0.0002
4.458333333333334,0.9993677591011791,0.0002
4.459722222222222,0.9993432059528624,0.0002
4.461111111111111,0.9994115282299748,0.0002
4.4625,0.9989334743262861,0.0002
4.4638888888888895,0.9994254306620325,0.0002
4.465277777777778,0.9995601314772111,0.0002
4.466666666666667,0.999466496359229,0.0002
4.468055555555556,0.9994466941185247,0.0002
4.469444444444445,0.999424488603894,0.0002
4.470833333333333,0.9991359901864246,0.0002
4.472222222222222,0.9999138452342843,0.0002
4.473611111111111,0.9995730718696125,0.0002
4.4750000000000005,0.9995271429202028,0.0002
4.476388888888889,0.9998466357528224,0.0002
4.477777777777778,0.9996868232694605,0.0002
4.479166666666667,0.9995575720566092,0.0002
4.480555555555556,0.9996300491296157,0.0002
4.481944444444444,0.999203685129584,0.0002
4.483333333333333,0.9994159022639173,0.0002
4.4847222222222225,0.9997193918180488,0.0002
4.486111111111112,0.9992589627128969,0.0002
4.4875,0.9991745211005814,0.0002
4.488888888888889,0.9994590981159843,0.0002
4.490277777777778,0.9994149777474515,0.0002
4.491666666666667,0.9995640507910329,0.0002
4.493055555555555,0.9991370479012103,0.0002
4.4944444444444445,0.9989279810770884,0.0002
4.495833333333334,0.9996724373354032,0.0002
4.497222222222223,0.9993056583472358,0.0002
4.498611111111111,0.9994419654613557,0.0002
4.5,0.9990749676112413,0.0002
4.501388888888889,0.9997672429103188,0.0002
4.502777777777778,0.9995940195136304,0.0002
4.504166666666666,0.9995980547842104,0.0002
4.5055555555555555,0.999608706193812,0.0002
4.506944444444445,0.9991583295393844,0.0002
4.508333333333334,0.999388903971192,0.0002
4.509722222222222,0.9994572778318845,0.0002
4.511111111111111,0.9993364856084629,0.0002
4.5125,0.9994719775246262,0.0002
4.513888888888889,0.9995842192253139,0.0002
4.515277777777778,0.9997889316792541,0.0002
4.516666666666667,0.9992897527747397,0.0002
4.518055555555556,0.9995200963794496,0.0002
4.519444444444445,0.9997084808800467,0.0002
4.520833333333334,0.9993646551943292,0.0002
4.522222222222222,0.9995267204410636,0.0002
4.523611111111111,0.9996292531233524,0.0002
4.525,0.9996134336555303,0.0002
4.5263888888888895,0.9997062111302457,0.0002
4.527777777777778,0.9995751116745129,0.0002
4.529166666666667,0.9994989081703273,0.0002
4.530555555555556,0.9992771022536624,0.0002
4.531944444444445,0.9995763865462194,0.0002
4.533333333333333,0.9996207226262565,0.0002
4.534722222222222,0.999379965219157,0.0002
4.536111111111111,0.9997131694142628,0.0002
4.5375000000000005,0.9997250646555017,0.0002
4.538888888888889,0.9993379295136774,0.0002
4.540277777777778,0.9993103819827363,0.0002
4.541666666666667,0.9992659800490991,0.0002
4.543055555555556,0.9991326962680717,0.0002
4.544444444444444,0.9998546834844741,0.0002
4.545833333333333,0.9993561640616629,0.0002
4.5472222222222225,0.9992572943156574,0.0002
4.548611111111112,0.9991164244134603,0.0002
4.55,0.9992128346729804,0.0002
4.551388888888889,0.9991955722849537,0.0002
4.552777777777778,0.9995262534316364,0.0002
4.554166666666667,0.9989542743763157,0.0002
4.555555555555555,0.9988784430978646,0.0002
4.5569444444444445,0.9993764501225942,0.0002
4.558333333333334,0.9992800653823114,0.0002
4.559722222222223,0.9992318156628981,0.0002
4.561111111111111,0.9994481956509196,0.0002
4.5625,0.9993301259954005,0.0002
4.563888888888889,0.9993397910952498,0.0002
4.565277777777778,0.9990063170177342,0.0002
4.566666666666666,0.9990031329740781,0.0002
4.5680555555555555,0.9991784402262611,0.0002
4.569444444444445,0.9990550346221871,0.0002
4.570833333333334,0.999316176861092,0.0002
4.572222222222222,0.9989155901936533,0.0002
4.573611111111111,0.999163659726809,0.0002
4.575,0.9992441010354012,0.0002
4.576388888888889,0.9992445150517483,0.0002
4.577777777777778,0.9993608944126802,0.0002
4.579166666666667,0.9992363061795388,0.0002
4.580555555555556,0.9991656589686518,0.0002
4.581944444444445,0.9995282361971236,0.0002
4.583333333333334,0.9992225824494526,0.0002
4.584722222222222,0.9995958549867313,0.0002
4.586111111111111,0.9993414079401469,0.0002
4.5875,0.9994463227491441,0.0002
4.5888888888888895,0.9994666193115821,0.0002
4.590277777777778,0.9996817845612109,0.0002
4.591666666666667,0.9995752846168733,0.0002
4.593055555555556,0.999700754695795,0.0002
4.594444444444445,1.0000199642209397,0.0002
4.595833333333333,0.9998776621150814,0.0002
4.597222222222222,0.9998589365883243,0.0002
4.598611111111111,0.9993564678147089,0.0002
4.6000000000000005,0.9994185561367964,0.0002
4.601388888888889,0.999690342084472,0.0002
4.602777777777778,0.9998074105166395,0.0002
4.604166666666667,0.9995992201083707,0.0002
4.605555555555556,0.999603055835294,0.0002
4.606944444444444,1.0000140807484919,0.0002
4.608333333333333,0.999842036118846,0.0002
4.6097222222222225,0.999968400700914,0.0002
4.611111111111112,0.9997039408810521,0.0002
4.6125,0.9996150246525551,0.0002
4.613888888888889,0.9998946467917907,0.0002
4.615277777777778,0.9996600130662993,0.0002
4.616666666666667,0.999626060199695,0.0002
4.618055555555555,0.9996072394966813,0.0002
4.6194444444444445,0.9997006724895423,0.0002
4.620833333333334,1.0000047460326222,0.0002
4.622222222222223,0.9995308019153614,0.0002
4.623611111111111,0.9999278729374682,0.0002
4.625,0.99964858803512,0.0002
4.626388888888889,0.999749135424843,0.0002
4.627777777777778,0.9997604605164297,0.0002
4.629166666666666,0.9996596136763133,0.0002
4.6305555555555555,0.9996283358896263,0.0002
4.631944444444445,0.9995996005076003,0.0002
4.633333333333334,0.999561491100249,0.0002
4.634722222222222,0.9999286176073006,0.0002
4.636111111111111,0.9996920964757083,0.0002
4.6375,0.9996128057528053,0.0002
4.638888888888889,0.9994349400004617,0.0002
4.640277777777778,0.9994665956196612,0.0002
4.641666666666667,0.9994550280872689,0.0002
4.643055555555556,0.9998135321317051,0.0002
4.644444444444445,0.9995455914810938,0.0002
4.645833333333334,0.9991802014331497,0.0002
4.647222222222222,0.9996306801156605,0.0002
4.648611111111111,0.9995750276744646,0.0002
4.65,0.9995220230463892,0.0002
4.6513888888888895,0.9998462689964762,0.0002
4.652777777777778,0.9990755617121189,0.0002
4.654166666666667,0.9999406528290709,0.0002
4.655555555555556,0.999855693536582,0.0002
4.656944444444445,0.999556989586146,0.0002
4.658333333333333,0.9995558229714849,0.0002
4.659722222222222,0.999731270539002,0.0002
4.661111111111111,0.9996134241555034,0.0002
4.6625000000000005,0.999352273526864,0.0002
4.663888888888889,0.9991320050565647,0.0002
4.665277777777778,0.9998318243587926,0.0002
4.666666666666667,0.9996081415090177,0.0002
4.668055555555556,0.9994460042312425,0.0002
4.669444444444444,0.9993469649475059,0.0002
4.670833333333333,0.9994462261076154,0.0002
4.6722222222222225,0.9994281269934798,0.0002
4.673611111111112,0.9988851377325584,0.0002
4.675,0.9991740648592567,0.0002
4.676388888888889,0.9991549923600008,0.0002
4.677777777777778,0.999201098844767,0.0002
4.679166666666667,0.9994017308400659,0.0002
4.680555555555555,0.9988955945863291,0.0002
4.6819444444444445,0.9989724837169425,0.0002
4.683333333333334,0.9990362091987764,0.0002
4.684722222222223,0.9991364008119419,0.0002
4.686111111111111,0.9992457264164437,0.0002
4.6875,0.9994056142926339,0.0002
4.688888888888889,0.9989947487289795,0.0002
4.690277777777778,0.9992470848144462,0.0002
4.691666666666666,0.9992107048145065,0.0002
4.6930555555555555,0.9991334008103673,0.0002
4.694444444444445,0.9990079716822287,0.0002
4.695833333333334,0.9989436850589057,0.0002
4.697222222222222,0.9988257889756531,0.0002
4.698611111111111,0.9988987111764286,0.0002
4.7,0.9991643267709704,0.0002
4.701388888888889,0.9990810917796885,0.0002
4.702777777777778,0.9990287403969942,0.0002
4.704166666666667,0.9992441458274772,0.0002
4.705555555555556,0.9990486529631286,0.0002
4.706944444444445,0.9988358395166043,0.0002
4.708333333333334,0.9989423191332675,0.0002
4.709722222222222,0.9991112133564185,0.0002
4.711111111111111,0.9986640818701772,0.0002
4.7125,0.9988748542748346,0.0002
4.7138888888888895,0.9987746719971374,0.0002
4.715277777777778,0.9986607971085204,0.0002
4.716666666666667,0.9987822676916869,0.0002
4.718055555555556,0.9984858912977329,0.0002
4.719444444444445,0.9988108362511717,0.0002
4.720833333333333,0.9984317250209823,0.0002
4.722222222222222,0.9988972004049026,0.0002
4.723611111111111,0.9986831349250498,0.0002
4.7250000000000005,0.9986254120595804,0.0002
4.726388888888889,0.9989399314938104,0.0002
4.727777777777778,0.9985500472273722,0.0002
4.729166666666667,0.9985382904711945,0.0002
4.730555555555556,0.9982656520888555,0.0002
4.731944444444444,0.9989264200874012,0.0002
4.733333333333333,0.9991159683474579,0.0002
4.7347222222222225,0.9984297757385037,0.0002
4.736111111111112,0.9986000709634713,0.0002
4.7375,0.9986775878339028,0.0002
4.738888888888889,0.9984688145472356,0.0002
4.740277777777778,0.9985722566962685,0.0002
4.741666666666667,0.9985393185819113,0.0002
4.743055555555555,0.9985945511830807,0.0002
4.7444444444444445,0.9983245264070951,0.0002
4.745833333333334,0.9985611917686529,0.0002
4.747222222222223,0.998343214662645,0.0002
4.748611111111111,0.9984909656651698,0.0002
4.75,0.9982827026211772,0.0002
4.751388888888889,0.9985501421277861,0.0002
4.752777777777778,0.9985118747953001,0.0002
4.754166666666666,0.9988643416913995,0.0002
4.7555555555555555,0.9986197376239652,0.0002
4.756944444444445,0.9987851552941367,0.0002
4.758333333333334,0.9987738619980858,0.0002
4.759722222222222,0.9983704744563621,0.0002
4.761111111111111,0.9984214258100778,0.0002
4.7625,0.9988432846646442,0.0002
4.763888888888889,0.9989994025581461,0.0002
4.765277777777778,0.9988239629489503,0.0002
4.766666666666667,0.9987626913263619,0.0002
4.768055555555556,0.9988723770782756,0.0002
4.769444444444445,0.9988604120817006,0.0002
4.770833333333334,0.9990237508499024,0.0002
4.772222222222222,0.9990370903400029,0.0002
4.773611111111111,0.9987525919054192,0.0002
4.775,0.9988583871394124,0.0002
4.7763888888888895,0.9989111713429798,0.0002
4.777777777777778,0.9990292339797794,0.0002
4.779166666666667,0.9993657698036716,0.0002
4.780555555555556,0.9990321897340033,0.0002
4.781944444444445,0.999274933065867,0.0002
4.783333333333333,0.9987925699665239,0.0002
4.784722222222222,0.9989479736590563,0.0002
4.786111111111111,0.998633761852058,0.0002
4.7875000000000005,0.9990723958223482,0.0002
4.788888888888889,0.9992167387703006,0.0002
4.790277777777778,0.9985520152430467,0.0002
4.791666666666667,0.9990994603168648,0.0002
4.793055555555556,0.999110919434917,0.0002
4.794444444444444,0.9991321266392493,0.0002
4.795833333333333,0.9988725268023952,0.0002
4.7972222222222225,0.9992996458413649,0.0002
4.798611111111112,0.9992139847341898,0.0002
4.8,0.9992920858672797,0.0002
4.801388888888889,0.9991598733224486,0.0002
4.802777777777778,0.9992185903800697,0.0002
4.804166666666667,0.9993542333984853,0.0002
4.805555555555555,0.9991272217208398,0.0002
4.8069444444444445,0.9992298785556728,0.0002
4.808333333333334,0.9993589310644708,0.0002
4.809722222222223,0.9990227350068467,0.0002
4.811111111111111,0.9987617151762221,0.0002
4.8125,0.9991448984498471,0.0002
4.813888888888889,0.9993913053819303,0.0002
4.815277777777778,0.9994246741621993,0.0002
4.816666666666666,0.9992237811499003,0.0002
4.8180555555555555,0.998677225478397,0.0002
4.819444444444445,0.9990620164464796,0.0002
4.820833333333334,0.9990021215397827,0.0002
4.822222222222222,0.9991145870781998,0.0002
4.823611111111111,0.999493672294186,0.0002
4.825,0.9989654195649166,0.0002
4.826388888888889,0.9995706092318309,0.0002
4.827777777777778,0.9990739795170511,0.0002
4.829166666666667,0.998899917540364,0.0002
4.830555555555556,0.999212608891608,0.0002
4.831944444444445,0.9992807998543984,0.0002
4.833333333333334,0.9992271862160502,0.0002
4.834722222222222,0.9989209555995109,0.0002
4.836111111111111,0.9992162640533611,0.0002
4.8375,0.9989540369419699,0.0002
4.8388888888888895,0.9990614687892445,0.0002
4.840277777777778,0.999242203384921,0.0002
4.841666666666667,0.9991468730235258,0.0002
4.843055555555556,0.9995551791665178,0.0002
4.844444444444445,0.9992414162168917,0.0002
4.845833333333333,0.9993173406355419,0.0002
4.847222222222222,0.9991748609191343,0.0002
4.848611111111111,0.9995033989956567,0.0002
4.8500000000000005,0.9991193838322011,0.0002
4.851388888888889,0.9994684882197626,0.0002
4.852777777777778,0.9994651646291429,0.0002
4.854166666666667,0.9992283627664695,0.0002
4.855555555555556,0.9993218930616338,0.0002
4.856944444444444,0.999267325933172,0.0002
4.858333333333333,0.999520759791048,0.0002
4.8597222222222225,0.9993624318592144,0.0002
4.861111111111112,0.9993452445766328,0.0002
4.8625,0.999427128041764,0.0002
4.863888888888889,0.9991620514929794,0.0002
4.865277777777778,0.9994925818066652,0.0002
4.866666666666667,0.99958357636498,0.0002
4.868055555555555,0.9994888885781227,0.0002
4.8694444444444445,0.9997270666399954,0.0002
4.870833333333334,0.9994532200213315,0.0002
4.872222222222223,0.9994574702221019,0.0002
4.873611111111111,0.9993509832394044,0.0002
4.875,0.9994461908341599,0.0002
4.876388888888889,0.9999440422404697,0.0002
4.877777777777778,0.9995425754182502,0.0002
4.879166666666666,0.9993420476369245,0.0002
4.8805555555555555,0.9993072652735167,0.0002
4.881944444444445,0.9992052948662236,0.0002
4.883333333333334,0.9993452479229556,0.0002
4.884722222222222,0.9996837648719817,0.0002
4.886111111111111,0.9994439942778063,0.0002
4.8875,0.9993385580970608,0.0002
4.888888888888889,0.9993907457316117,0.0002
4.890277777777778,0.9996572901682839,0.0002
4.891666666666667,0.999513200812153,0.0002
4.893055555555556,0.9993899806104308,0.0002
4.894444444444445,0.9993816122977229,0.0002
4.895833333333334,0.9998427211314665,0.0002
4.897222222222222,0.999717308057723,0.0002
4.898611111111111,0.9997849083287706,0.0002
4.9,0.9990805987002221,0.0002
4.9013888888888895,0.9993307714248844,0.0002
4.902777777777778,0.9992272114559124,0.0002
4.904166666666667,0.9995364769140132,0.0002
4.905555555555556,0.9996314128080457,0.0002
4.906944444444445,0.9995446476734375,0.0002
4.908333333333333,0.9993211690532796,0.0002
4.909722222222222,0.9993851983935611,0.0002
4.911111111111111,0.999580785697003,0.0002
4.9125000000000005,0.9996437196085813,0.0002
4.913888888888889,0.999512843064971,0.0002
4.915277777777778,0.9995502347890483,0.0002
4.916666666666667,0.9994973682988285,0.0002
4.918055555555556,0.9995494796789703,0.0002
4.919444444444444,0.9996551489437494,0.0002
4.920833333333333,0.9996311867841225,0.0002
4.9222222222222225,0.999528560375827,0.0002
4.923611111111112,0.9995020973043197,0.0002
4.925,0.9994650549099799,0.0002
4.926388888888889,0.9993999509597825,0.0002
4.927777777777778,0.9994454838069997,0.0002
4.929166666666667,0.9996783434134617,0.0002
4.930555555555555,0.9994531174257619,0.0002
4.9319444444444445,0.9997247744618524,0.0002
4.933333333333334,0.9994978611885672,0.0002
4.934722222222223,0.9997194522559949,0.0002
4.936111111111111,0.9996053675400483,0.0002
4.9375,0.999689098586255,0.0002
4.938888888888889,0.9994139289105713,0.0002
4.940277777777778,0.9995815556181332,0.0002
4.941666666666666,0.999666283028041,0.0002
4.9430555555555555,0.999235184695667,0.0002
4.944444444444445,0.9998482906121241,0.0002
4.945833333333334,0.9999941222395525,0.0002
4.947222222222223,0.999735775207511,0.0002
4.948611111111111,0.9996503861637617,0.0002
4.95,0.9995994462735449,0.0002
4.951388888888889,0.9994802796680469,0.0002
4.952777777777778,0.9995996509307994,0.0002
4.954166666666667,0.9998474758073055,0.0002
4.955555555555556,0.9994057923380574,0.0002
4.956944444444445,0.9994108651913989,0.0002
4.958333333333334,0.9995825445499916,0.0002
4.959722222222222,0.9998265336831405,0.0002
4.961111111111111,0.999423185498533,0.0002
4.9625,0.9987134711648386,0.0002
4.9638888888888895,0.997456419699024,0.0002
4.965277777777778,0.9957274580888896,0.0002
4.966666666666667,0.9937446024386947,0.0002
4.968055555555556,0.9925213259274936,0.0002
4.969444444444445,0.9917241398482186,0.0002
4.970833333333333,0.9913728447734426,0.0002
4.972222222222222,0.9909897997853816,0.0002
4.973611111111111,0.9907759929238796,0.0002
4.9750000000000005,0.9903968596348137,0.0002
4.976388888888889,0.9901641136608934,0.0002
4.977777777777778,0.9902360813139501,0.0002
4.979166666666667,0.9899849086770006,0.0002
4.980555555555556,0.9901700262214026,0.0002
4.981944444444444,0.98990290227063,0.0002
4.983333333333333,0.9899896774493216,0.0002
4.9847222222222225,0.9895120212875873,0.0002
4.986111111111112,0.9897122281196277,0.0002
4.9875,0.9898306072360087,0.0002
4.988888888888889,0.989430446728604,0.0002
4.990277777777778,0.9895432820558646,0.0002
4.991666666666667,0.989226521988114,0.0002
4.993055555555555,0.9895294800009109,0.0002
4.9944444444444445,0.9896497117353305,0.0002
4.995833333333334,0.9892715827719105,0.0002
4.997222222222223,0.9894327321875744,0.0002
4.998611111111111,0.9892669439344159,0.0002
5.0,0.989331985538308,0.0002
5.001388888888889,0.9894441196467876,0.0002
5.002777777777778,0.9894829149810189,0.0002
5.004166666666666,0.9892808422998111,0.0002
5.0055555555555555,0.989537334007068,0.0002
5.006944444444445,0.9895963040945652,0.0002
5.008333333333334,0.9893034900537423,0.0002
5.009722222222223,0.9893475222704042,0.0002
5.011111111111111,0.9890724122178518,0.0002
5.0125,0.9895944656126544,0.0002
5.013888888888889,0.9897409518739573,0.0002
5.015277777777778,0.9894987830244407,0.0002
5.016666666666667,0.9895718191527886,0.0002
5.018055555555556,0.989509344714893,0.0002
5.019444444444445,0.989495378894306,0.0002
5.020833333333334,0.9895803055909023,0.0002
5.022222222222222,0.9894674624347708,0.0002
5.023611111111111,0.9896892367139437,0.0002
5.025,0.9895891544836269,0.0002
5.0263888888888895,0.9899771187218935,0.0002
5.027777777777778,0.9899776150587166,0.0002
5.029166666666667,0.9899508431672964,0.0002
5.030555555555556,0.9901199827526866,0.0002
5.031944444444445,0.9901452929012382,0.0002
5.033333333333333,0.990597516714667,0.0002
5.034722222222222,0.9904269117250599,0.0002
5.036111111111111,0.9909036806517211,0.0002
5.0375000000000005,0.9908333152943487,0.0002
5.038888888888889,0.9913229382284287,0.0002
5.040277777777778,0.9916928144730196,0.0002
5.041666666666667,0.9920604245090363,0.0002
5.043055555555556,0.9926032467047613,0.0002
5.044444444444444,0.9935495347421148,0.0002
5.045833333333333,0.9952456182857686,0.0002
5.0472222222222225,0.996927950286423,0.0002
5.048611111111112,0.9978795134739775,0.0002
5.05,0.9991789992864073,0.0002
5.051388888888889,0.9998021795125824,0.0002
5.052777777777778,1.0004721148007887,0.0002
5.054166666666667,0.9999688896782543,0.0002
5.055555555555555,0.9998530776231404,0.0002
5.0569444444444445,0.9999184732036525,0.0002
5.058333333333334,0.9998661941833179,0.0002
5.059722222222223,1.0002640676807777,0.0002
5.061111111111111,0.9999630872556388,0.0002
5.0625,0.9998293528287086,0.0002
5.063888888888889,1.0000915433012365,0.0002
5.065277777777778,1.000168234199903,0.0002
5.066666666666666,0.9997728427126552,0.0002
5.0680555555555555,1.0000663897610134,0.0002
5.069444444444445,1.000196462470079,0.0002
5.070833333333334,1.000205161530682,0.0002
5.072222222222223,1.0002222152838887,0.0002
5.073611111111111,1.0005627715222465,0.0002
5.075,1.000788886131508,0.0002
5.076388888888889,1.0003251936740059,0.0002
5.077777777777778,1.000139174832533,0.0002
5.079166666666667,1.0003458220605985,0.0002
5.080555555555556,1.000518822518076,0.0002
5.081944444444445,1.0004276997944619,0.0002
5.083333333333334,1.0005604874022374,0.0002
5.084722222222222,1.0008812074230549,0.0002
5.086111111111111,1.0001143628606322,0.0002
5.0875,1.0003357614616486,0.0002
5.0888888888888895,1.0007595664931979,0.0002
5.090277777777778,1.000339015050525,0.0002
5.091666666666667,1.000528928410127,0.0002
5.093055555555556,1.0004974740145396,0.0002
5.094444444444445,1.0005682759119252,0.0002
5.095833333333333,1.0006242741632199,0.0002
5.097222222222222,1.0003143548648645,0.0002
5.098611111111111,0.9999207232704963,0.0002
5.1000000000000005,1.0001537176752582,0.0002
5.101388888888889,1.0007567553883565,0.0002
5.102777777777778,0.9999483675483161,0.0002
5.104166666666667,1.0002683541463318,0.0002
5.105555555555556,0.9997560704382672,0.0002
5.106944444444444,0.9999408197204762,0.0002
5.108333333333333,1.000416229418704,0.0002
5.1097222222222225,1.0002145765843835,0.0002
5.111111111111112,1.0001356357509104,0.0002
5.1125,1.000019058005505,0.0002
5.113888888888889,0.9998081612933409,0.0002
5.115277777777778,1.0003522963608613,0.0002
5.116666666666667,1.0001364300370978,0.0002
5.118055555555555,0.9998406746310716,0.0002
5.1194444444444445,1.0001632376930858,0.0002
5.120833333333334,1.0002180367312228,0.0002
5.122222222222223,1.0000811125124203,0.0002
5.123611111111111,1.0002642440079517,0.0002
5.125,1.0003101715518976,0.0002
5.126388888888889,1.0001938275486233,0.0002
5.127777777777778,1.000341976773634,0.0002
5.129166666666666,1.0003895439087773,0.0002
5.1305555555555555,1.0003889771419603,0.0002
5.131944444444445,1.0003986476772662,0.0002
5.133333333333334,1.000069331959972,0.0002
5.134722222222223,1.0002995905322123,0.0002
5.136111111111111,1.0002578024097641,0.0002
5.1375,0.9999742267905048,0.0002
5.138888888888889,0.99996727111556,0.0002
5.140277777777778,1.0001937411678836,0.0002
5.141666666666667,1.0002924742753454,0.0002
5.143055555555556,0.9996209354656075,0.0002
5.144444444444445,1.0002756417598195,0.0002
5.145833333333334,1.0002043225419972,0.0002
5.147222222222222,1.0000007349149311,0.0002
5.148611111111111,0.9999046372111474,0.0002
5.15,1.000058129503367,0.0002
5.1513888888888895,0.9998454572876831,0.0002
5.152777777777778,0.9999253460394911,0.0002
5.154166666666667,0.9996873658107903,0.0002
5.155555555555556,0.9996645666299993,0.0002
5.156944444444445,1.000472615188352,0.0002
5.158333333333333,1.0000224444299854,0.0002
5.159722222222222,1.0000148872207615,0.0002
5.161111111111111,0.9999287392884741,0.0002
5.1625000000000005,0.999804459676439,0.0002
5.163888888888889,0.9999289199708687,0.0002
5.165277777777778,1.00002935123216,0.0002
5.166666666666667,0.9999845969155927,0.0002
5.168055555555556,0.9998755813452308,0.0002
5.169444444444444,1.0001536869569092,0.0002
5.170833333333333,1.0001381071906363,0.0002
5.1722222222222225,1.0002205513719773,0.0002
5.173611111111112,1.0002783142715663,0.0002
5.175,1.0001664295896142,0.0002
5.176388888888889,1.0001770893078918,0.0002
5.177777777777778,1.0005361170193874,0.0002
5.179166666666667,1.0000635850645212,0.0002
5.180555555555555,0.9998888165902055,0.0002
5.1819444444444445,1.0003409541399193,0.0002
5.183333333333334,1.0001358747255769,0.0002
5.184722222222223,1.0001759926733735,0.0002
5.186111111111111,1.0005512262601641,0.0002
5.1875,1.00034829148986,0.0002
5.188888888888889,1.000103996067787,0.0002
5.190277777777778,1.0007212631945337,0.0002
5.191666666666666,1.0000824598337665,0.0002
5.1930555555555555,1.000356364463148,0.0002
5.194444444444445,0.9999740381112473,0.0002
5.195833333333334,1.000333420204234,0.0002
5.197222222222223,1.0001163654642482,0.0002
5.198611111111111,1.0003303695757124,0.0002
5.2,1.0001917913961396,0.0002
5.201388888888889,1.0005930583833016,0.0002
5.202777777777778,1.0002201119237257,0.0002
5.204166666666667,0.9999089450405879,0.0002
5.205555555555556,1.000318320402465,0.0002
5.206944444444445,1.0001870085922646,0.0002
5.208333333333334,0.9999328512507398,0.0002
5.209722222222222,1.0000726200142809,0.0002
5.211111111111111,1.000107306635517,0.0002
5.2125,1.0005575711638939,0.0002
5.2138888888888895,1.0004224491682665,0.0002
5.215277777777778,1.0002009050500758,0.0002
5.216666666666667,1.0003418338184413,0.0002
5.218055555555556,0.9998305799865523,0.0002
5.219444444444445,1.000067341816325,0.0002
5.220833333333333,1.0002785563870926,0.0002
5.222222222222222,1.0001498070977017,0.0002
5.223611111111111,0.9999885399905176,0.0002
5.2250000000000005,1.0001233579809983,0.0002
5.226388888888889,1.0002124096622809,0.0002
5.227777777777778,1.0001697877019449,0.0002
5.229166666666667,1.0003408121439135,0.0002
5.230555555555556,1.0002856527391901,0.0002
5.231944444444444,1.0003662544804905,0.0002
5.233333333333333,1.0006269538919603,0.0002
5.2347222222222225,1.000491939317972,0.0002
5.236111111111112,1.0007087227121023,0.0002
5.2375,1.0002059272447301,0.0002
5.238888888888889,0.9999603437128851,0.0002
5.240277777777778,1.0002698236505356,0.0002
5.241666666666667,1.0002775423414527,0.0002
5.243055555555555,1.0006641565881447,0.0002
5.2444444444444445,1.0001033654293665,0.0002
5.245833333333334,1.000272082917997,0.0002
5.247222222222223,1.0003897479671906,0.0002
5.248611111111111,1.0003253421436094,0.0002
5.25,1.000184821466213,0.0002
5.251388888888889,1.0003078569663206,0.0002
5.252777777777778,1.0003673219184435,0.0002
5.254166666666666,1.000415446486712,0.0002
5.2555555555555555,1.0001764899608023,0.0002
5.256944444444445,1.000089955389132,0.0002
5.258333333333334,1.000504440172278,0.0002
5.259722222222223,0.9999668841162703,0.0002
5.261111111111111,1.000542387137204,0.0002
5.2625,1.0005342958483483,0.0002
5.263888888888889,1.000540734579636,0.0002
5.265277777777778,1.0003580589453296,0.0002
5.266666666666667,0.9998690534507372,0.0002
5.268055555555556,1.00006648959928,0.0002
5.269444444444445,1.0003685206601205,0.0002
5.270833333333334,1.0001044650137314,0.0002
5.272222222222222,1.000168613679231,0.0002
5.273611111111111,1.000278391707338,0.0002
5.275,1.0000736004956758,0.0002
5.2763888888888895,0.9999020366917389,0.0002
5.277777777777778,1.0003206277201075,0.0002
5.279166666666667,1.000231848367774,0.0002
5.280555555555556,1.0000448412981728,0.0002
5.281944444444445,1.000226780723882,0.0002
5.283333333333333,1.0001172384676356,0.0002
5.284722222222222,1.000409309226013,0.0002
5.286111111111111,1.0000534190854977,0.0002
5.2875000000000005,1.0002499965704486,0.0002
5.288888888888889,0.9996177473621078,0.0002
5.290277777777778,1.0000798137857883,0.0002
5.291666666666667,0.9999268104511355,0.0002
5.293055555555556,0.9998467783197735,0.0002
5.294444444444444,1.000236367999553,0.0002
5.295833333333333,1.0001584413266276,0.0002
5.2972222222222225,0.9995681345055285,0.0002
5.298611111111112,1.000164963659946,0.0002
5.3,1.0001072803165814,0.0002
5.301388888888889,0.9998409756935053,0.0002
5.302777777777778,0.9998269023273078,0.0002
5.304166666666667,0.9997470543332272,0.0002
5.305555555555555,0.9999839288730729,0.0002
5.3069444444444445,1.000059667145454,0.0002
5.308333333333334,1.0003107388566685,0.0002
5.309722222222223,1.0002022362278478,0.0002
5.311111111111111,0.9999266941269661,0.0002
5.3125,1.0001713707275621,0.0002
5.313888888888889,1.0000610555989287,0.0002
5.315277777777778,0.9999638291757749,0.0002
5.316666666666666,0.999843364848013,0.0002
5.3180555555555555,1.0002968892919957,0.0002
5.319444444444445,1.0002097811715593,0.0002
5.320833333333334,1.000187650314269,0.0002
5.322222222222223,1.0000284241798503,0.0002
5.323611111111111,1.000200093749964,0.0002
5.325,0.9998553730134416,0.0002
5.326388888888889,0.9999983742265636,0.0002
5.327777777777778,1.0002152064169367,0.0002
5.329166666666667,1.0002872170295518,0.0002
5.330555555555556,0.9999025746907327,0.0002
5.331944444444445,1.000002181635684,0.0002
5.333333333333334,1.0001327743713722,0.0002
5.334722222222222,1.0003343629377155,0.0002
5.336111111111111,0.9999759602199573,0.0002
5.3375,1.0001801405565056,0.0002
5.3388888888888895,1.0002854758192217,0.0002
5.340277777777778,1.0001902739019495,0.0002
5.341666666666667,1.0001871896301207,0.0002
5.343055555555556,0.9998602515950509,0.0002
5.344444444444445,1.000123029444254,0.0002
5.345833333333333,1.0005804760791357,0.0002
5.347222222222222,1.0005574179103989,0.0002
5.348611111111111,1.0004519043262132,0.0002
5.3500000000000005,1.0004694071928575,0.0002
5.351388888888889,0.9998222529050592,0.0002
5.352777777777778,0.9999817120106123,0.0002
5.354166666666667,1.0001133281409897,0.0002
5.355555555555556,1.0005731635466302,0.0002
5.356944444444444,0.9999749371269387,0.0002
5.358333333333333,1.0001869890422912,0.0002
5.3597222222222225,1.0000950388361651,0.0002
5.361111111111112,1.0001085965756906,0.0002
5.3625,0.9999772195220819,0.0002
5.363888888888889,0.9997745145870122,0.0002
5.365277777777778,0.9994202631905725,0.0002
5.366666666666667,1.0002918456205905,0.0002
5.368055555555555,0.9998338659777543,0.0002
5.3694444444444445,0.9995339062118976,0.0002
5.370833333333334,1.0000140098231738,0.0002
5.372222222222223,1.0000861534862617,0.0002
5.373611111111111,1.0001703493113925,0.0002
5.375,1.0002655911127956,0.0002
5.376388888888889,0.9998594313124226,0.0002
5.377777777777778,0.9998213746132775,0.0002
5.379166666666666,0.9999102655058117,0.0002
5.3805555555555555,1.0000830431722216,0.0002
5.381944444444445,0.9994398736097766,0.0002
5.383333333333334,0.9999044402913264,0.0002
5.384722222222223,1.0000140255259742,0.0002
5.386111111111111,1.0000204344487982,0.0002
5.3875,0.9999246424304354,0.0002
5.388888888888889,1.000009155530853,0.0002
5.390277777777778,0.99922491300771,0.0002
5.391666666666667,1.0001613357930892,0.0002
5.393055555555556,0.9999195699901657,0.0002
5.394444444444445,1.0001768795268307,0.0002
5.395833333333334,0.9996405816439554,0.0002
5.397222222222222,0.9995273627800996,0.0002
5.398611111111111,1.0001906901616417,0.0002
5.4,0.9996293133217725,0.0002
5.4013888888888895,0.9997405731155458,0.0002
5.402777777777778,0.9998752020504178,0.0002
5.404166666666667,0.9998689280238034,0.0002
5.405555555555556,0.9998656631533573,0.0002
5.406944444444445,0.9995880494510401,0.0002
5.408333333333333,0.9992845174857091,0.0002
5.409722222222222,0.9996655738416639,0.0002
5.411111111111111,0.9995960344752238,0.0002
5.4125000000000005,0.999026338624957,0.0002
5.413888888888889,0.9997550892602682,0.0002
5.415277777777778,0.9989451366437561,0.0002
5.416666666666667,0.9996643431987756,0.0002
5.418055555555556,0.999360200042942,0.0002
5.419444444444444,0.9996585944111673,0.0002
5.420833333333333,0.9995502869481703,0.0002
5.4222222222222225,0.9994305350364869,0.0002
5.423611111111112,0.99945459248058,0.0002
5.425,0.9994590124052039,0.0002
5.426388888888889,0.9995465557826128,0.0002
5.427777777777778,0.9997932798655226,0.0002
5.429166666666667,0.9990407899687616,0.0002
5.430555555555555,0.9986034312353037,0.0002
5.4319444444444445,0.999219999821762,0.0002
5.433333333333334,0.9993171955668857,0.0002
5.434722222222223,0.9993170484935414,0.0002
5.436111111111111,0.9991473006471558,0.0002
5.4375,0.9994053066041579,0.0002
5.438888888888889,0.9989437704897126,0.0002
5.440277777777778,0.9992961157147947,0.0002
5.441666666666667,0.9993043007579583,0.0002
5.4430555555555555,0.9992503839409076,0.0002
5.444444444444445,0.9993029286036845,0.0002
5.445833333333334,0.9994104643914036,0.0002
5.447222222222223,0.9992172590206013,0.0002
5.448611111111111,0.9990873436061488,0.0002
5.45,0.9992846913196815,0.0002
5.451388888888889,0.9993084376283051,0.0002
5.452777777777778,0.9994072146589953,0.0002
5.454166666666667,0.998923210139728,0.0002
5.455555555555556,0.9991644430236971,0.0002
5.456944444444445,0.9989229975856143,0.0002
5.458333333333334,0.999214186506199,0.0002
5.459722222222222,0.99919955048138,0.0002
5.461111111111111,0.9990342282672545,0.0002
5.4625,0.9989597101258764,0.0002
5.4638888888888895,0.9992755294686323,0.0002
5.465277777777778,0.9991479717613965,0.0002
5.466666666666667,0.9994698168918394,0.0002
5.468055555555556,0.999594238866759,0.0002
5.469444444444445,0.9994615774585235,0.0002
5.470833333333333,0.9993114162290913,0.0002
5.472222222222222,0.9996978974654089,0.0002
5.473611111111111,0.9993864914190584,0.0002
5.4750000000000005,0.9992289268630208,0.0002
5.476388888888889,0.9991517777155561,0.0002
5.477777777777778,0.9991785567266416,0.0002
5.479166666666667,0.9993747484816747,0.0002
5.480555555555556,0.9994666201519959,0.0002
5.481944444444444,0.9991509452385573,0.0002
5.483333333333333,0.9992545557659597,0.0002
5.4847222222222225,0.9993846841269619,0.0002
5.486111111111112,0.9994693140339617,0.0002
5.4875,0.9993025345202932,0.0002
5.488888888888889,0.9994657238136154,0.0002
5.490277777777778,0.9991663670654191,0.0002
5.491666666666667,0.9992133794283593,0.0002
5.493055555555555,0.9993850288238607,0.0002
5.4944444444444445,0.9994081960582839,0.0002
5.495833333333334,0.9993179926358728,0.0002
5.497222222222223,0.9991471723558849,0.0002
5.498611111111111,0.9992412403414573,0.0002
5.5,0.9995534256601437,0.0002
5.501388888888889,0.9994200138511762,0.0002
5.502777777777778,0.9993401342346706,0.0002
5.504166666666667,0.9991913556851852,0.0002
5.5055555555555555,0.9992333597754168,0.0002
5.506944444444445,0.9993667130985718,0.0002
5.508333333333334,0.9993841824150315,0.0002
5.509722222222223,0.9993970217991328,0.0002
5.511111111111111,0.99931417783411,0.0002
5.5125,0.9991346831316789,0.0002
5.513888888888889,0.9990596582627518,0.0002
5.515277777777778,0.9995003084192782,0.0002
5.516666666666667,0.9989900499539959,0.0002
5.518055555555556,0.998854123923866,0.0002
5.519444444444445,0.9988627442149995,0.0002
5.520833333333334,0.9990897263473437,0.0002
5.522222222222222,0.9993622614723795,0.0002
5.523611111111111,0.9990737273745273,0.0002
5.525,0.9994732118702292,0.0002
5.5263888888888895,0.9992105994168973,0.0002
5.527777777777778,0.9994697080640581,0.0002
5.529166666666667,0.9991115411308834,0.0002
5.530555555555556,0.9991033174947515,0.0002
5.531944444444445,0.9992540011425294,0.0002
5.533333333333333,0.9992702419630244,0.0002
5.534722222222222,0.9991015455924586,0.0002
5.536111111111111,0.9991678453609949,0.0002
5.5375000000000005,0.9991761715188556,0.0002
5.538888888888889,0.9987948840256724,0.0002
5.540277777777778,0.9990658296678966,0.0002
5.541666666666667,0.9989892438797031,0.0002
5.543055555555556,0.9990123100514706,0.0002
5.544444444444444,0.9991409340910707,0.0002
5.545833333333333,0.9989451214388435,0.0002
5.5472222222222225,0.998614003528591,0.0002
5.548611111111112,0.9989956375234382,0.0002
5.55,0.9987995278986537,0.0002
5.551388888888889,0.9991582976956472,0.0002
5.552777777777778,0.9992093932587605,0.0002
5.554166666666667,0.9985840852546712,0.0002
5.555555555555555,0.9988074665930455,0.0002
5.5569444444444445,0.9990450223882719,0.0002
5.558333333333334,0.9987338989716429,0.0002
5.559722222222223,0.9991851342393451,0.0002
5.561111111111111,0.999341079555124,0.0002
5.5625,0.9991644607092951,0.0002
5.563888888888889,0.9990284198431949,0.0002
5.565277777777778,0.9987069541571935,0.0002
5.566666666666667,0.9993536910054437,0.0002
5.5680555555555555,0.9995535265304716,0.0002
5.569444444444445,0.9995657626187224,0.0002
5.570833333333334,0.9991845058007875,0.0002
5.572222222222223,0.9990170277331306,0.0002
5.573611111111111,0.9994347893110436,0.0002
5.575,0.9993208477279883,0.0002
5.576388888888889,0.9994499516357901,0.0002
5.577777777777778,0.9994100161167061,0.0002
5.579166666666667,0.9994372149491421,0.0002
5.580555555555556,0.9996687383263231,0.0002
5.581944444444445,0.9996617704489872,0.0002
5.583333333333334,0.999344591173007,0.0002
5.584722222222222,0.9992736770036387,0.0002
5.586111111111111,0.9989752376631317,0.0002
5.5875,0.9993441658324203,0.0002
5.5888888888888895,0.9991246164111638,0.0002
5.590277777777778,0.9993869305390016,0.0002
5.591666666666667,0.9991922164437074,0.0002
5.593055555555556,0.9991848672861434,0.0002
5.594444444444445,0.999422066210785,0.0002
5.595833333333333,0.9993317578510048,0.0002
5.597222222222222,0.9992382770487453,0.0002
5.598611111111111,0.9995433733451535,0.0002
5.6000000000000005,0.9993330193491857,0.0002
5.601388888888889,0.9991293927611575,0.0002
5.602777777777778,0.9991658282029409,0.0002
5.604166666666667,0.9993650420636672,0.0002
5.605555555555556,0.9992556792767452,0.0002
5.606944444444444,0.9990915814722491,0.0002
5.608333333333333,0.9994942696160051,0.0002
5.6097222222222225,0.9995354582049114,0.0002
5.611111111111112,0.9995126916416536,0.0002
5.6125,0.9995895049007701,0.0002
5.613888888888889,0.9996882292763642,0.0002
5.615277777777778,0.9996192865019666,0.0002
5.616666666666667,0.999275894628083,0.0002
5.618055555555555,0.999122515688539,0.0002
5.6194444444444445,0.9987918531661859,0.0002
5.620833333333334,0.999152795233659,0.0002
5.622222222222223,0.9992290051105769,0.0002
5.623611111111111,0.9991262157384345,0.0002
5.625,0.9987430537153331,0.0002
5.626388888888889,0.9991043672244166,0.0002
5.627777777777778,0.9992866185924885,0.0002
5.629166666666667,0.9989709713773202,0.0002
5.6305555555555555,0.9991849591178192,0.0002
5.631944444444445,0.9992646452879379,0.0002
5.633333333333334,0.9994194394296141,0.0002
5.634722222222223,0.9995782489998329,0.0002
5.636111111111111,0.9991930737855803,0.0002
5.6375,0.9993325947517396,0.0002
5.638888888888889,0.9993346919530032,0.0002
5.640277777777778,0.9994330582488187,0.0002
5.641666666666667,0.999459517504444,0.0002
5.643055555555556,0.9996075818052188,0.0002
5.644444444444445,0.9988279587731832,0.0002
5.645833333333334,0.9993864282659907,0.0002
5.647222222222222,0.9994195793950796,0.0002
5.648611111111111,0.9992377586802667,0.0002
5.65,0.9988289219718801,0.0002
5.6513888888888895,0.9992655677120295,0.0002
5.652777777777778,0.999034899231871,0.0002
5.654166666666667,0.9995029626627098,0.0002
5.655555555555556,0.9992356363596236,0.0002
5.656944444444445,0.9989945550063586,0.0002
5.658333333333333,0.9988081270998265,0.0002
5.659722222222222,0.9992816607838761,0.0002
5.661111111111111,0.9992655242601695,0.0002
5.6625000000000005,0.9989643411648013,0.0002
5.663888888888889,0.9991067453554754,0.0002
5.665277777777778,0.9988987710888722,0.0002
5.666666666666667,0.9991590739402458,0.0002
5.668055555555556,0.9991952024942872,0.0002
5.669444444444444,0.9987086173966914,0.0002
5.670833333333333,0.9987613629434647,0.0002
5.6722222222222225,0.9994301896335713,0.0002
5.673611111111112,0.9992576524326551,0.0002
5.675,0.9988182652459506,0.0002
5.676388888888889,0.9987197554493324,0.0002
5.677777777777778,0.9989975155203801,0.0002
5.679166666666667,0.9987078427716168,0.0002
5.680555555555555,0.9989078933486746,0.0002
5.6819444444444445,0.9990661404092815,0.0002
5.683333333333334,0.9990607478989502,0.0002
5.684722222222223,0.999269644144283,0.0002
5.686111111111111,0.9993576565731223,0.0002
5.6875,0.9989205762609601,0.0002
5.688888888888889,0.9987101585882605,0.0002
5.690277777777778,0.9990396658847588,0.0002
5.691666666666667,0.9993259877885319,0.0002
5.6930555555555555,0.9989394204656674,0.0002
5.694444444444445,0.9991805650273335,0.0002
5.695833333333334,0.9988693040565354,0.0002
5.697222222222223,0.9990492317309966,0.0002
5.698611111111111,0.9987775229267118,0.0002
5.7,0.9990969758973309,0.0002
5.701388888888889,0.9990558892830805,0.0002
5.702777777777778,0.9992366309568468,0.0002
5.704166666666667,0.999360659739085,0.0002
5.705555555555556,0.9989859780266673,0.0002
5.706944444444445,0.9987312686976293,0.0002
5.708333333333334,0.9990925572763648,0.0002
5.709722222222222,0.9992187412740966,0.0002
5.711111111111111,0.9992251337990825,0.0002
5.7125,0.999124314429208,0.0002
5.7138888888888895,0.9994786995455548,0.0002
5.715277777777778,0.9991718782514433,0.0002
5.716666666666667,0.9990962926066854,0.0002
5.718055555555556,0.9990135449965899,0.0002
5.719444444444445,0.9988646052154543,0.0002
5.720833333333333,0.9992479235480412,0.0002
5.722222222222222,0.9991980640443809,0.0002
5.723611111111111,0.9989080477580652,0.0002
5.7250000000000005,0.9991448792749029,0.0002
5.726388888888889,0.9990797428617408,0.0002
5.727777777777778,0.9990003035351784,0.0002
5.729166666666667,0.9990010272497195,0.0002
5.730555555555556,0.9992370677660983,0.0002
5.731944444444444,0.9991573719374346,0.0002
5.733333333333333,0.9990708180903549,0.0002
5.7347222222222225,0.9990072989028018,0.0002
5.736111111111112,0.9991094213457722,0.0002
5.7375,0.9993671320858067,0.0002
5.738888888888889,0.999188963279567,0.0002
5.740277777777778,0.9991165665136641,0.0002
5.741666666666667,0.9992228215897664,0.0002
5.743055555555555,0.9993863471551726,0.0002
5.7444444444444445,0.9991841681014452,0.0002
5.745833333333334,0.9992016530866399,0.0002
5.747222222222223,0.9992869146329805,0.0002
5.748611111111111,0.9990819446097174,0.0002
5.75,0.9991647042614373,0.0002
5.751388888888889,0.9990238356542677,0.0002
5.752777777777778,0.9989695410752197,0.0002
5.754166666666667,0.9993615633787086,0.0002
5.7555555555555555,0.9993452904188099,0.0002
5.756944444444445,0.9992835470486164,0.0002
5.758333333333334,0.9994645468626122,0.0002
5.759722222222223,0.9991177098195563,0.0002
5.761111111111111,0.9989991068961505,0.0002
5.7625,0.999208957379477,0.0002
5.763888888888889,0.998961398597125,0.0002
5.765277777777778,0.9993194648872026,0.0002
5.766666666666667,0.9991681623210479,0.0002
5.768055555555556,0.9995329923111134,0.0002
5.769444444444445,0.9994908420377043,0.0002
5.770833333333334,0.9990821426719669,0.0002
5.772222222222222,0.9990803145347549,0.0002
5.773611111111111,0.9993656572491663,0.0002
5.775,0.999516146239047,0.0002
5.7763888888888895,0.9989659940211713,0.0002
5.777777777777778,0.9994459537986399,0.0002
5.779166666666667,0.9988896171016572,0.0002
5.780555555555556,0.9991591449902572,0.0002
5.781944444444445,0.9995122518720153,0.0002
5.783333333333333,0.9998344036757061,0.0002
5.784722222222222,0.9991747468513271,0.0002
5.786111111111111,0.9989873275995972,0.0002
5.7875000000000005,0.9990824938074351,0.0002
5.788888888888889,0.9991520431728838,0.0002
5.790277777777778,0.9990008845603353,0.0002
5.791666666666667,0.9989733515393632,0.0002
5.793055555555556,0.9991217761193257,0.0002
5.794444444444444,0.9993143302098759,0.0002
5.795833333333333,0.9992050481242515,0.0002
5.7972222222222225,0.9990289105253579,0.0002
5.798611111111112,0.9990227177682638,0.0002
5.8,0.9990510360251478,0.0002
5.801388888888889,0.9989530299612127,0.0002
5.802777777777778,0.9990272394633912,0.0002
5.804166666666667,0.9992019556580993,0.0002
5.805555555555555,0.9989917404409633,0.0002
5.8069444444444445,0.9987425178715676,0.0002
5.808333333333334,0.9993022395327019,0.0002
5.809722222222223,0.999116349256581,0.0002
5.811111111111111,0.9988643294265982,0.0002
5.8125,0.9990669571340496,0.0002
5.813888888888889,0.9989995495151931,0.0002
5.815277777777778,0.9993119716679779,0.0002
5.816666666666667,0.9990858667232062,0.0002
5.8180555555555555,0.9991128298519076,0.0002
5.819444444444445,0.9991867678880935,0.0002
5.820833333333334,0.9989747180376333,0.0002
5.822222222222223,0.9995896691633221,0.0002
5.823611111111111,0.9994676737591456,0.0002
5.825,0.9991402543651784,0.0002
5.826388888888889,0.9993867297350265,0.0002
5.827777777777778,0.9995050078922522,0.0002
5.829166666666667,0.9993345790186406,0.0002
5.830555555555556,0.9995602845559435,0.0002
5.831944444444445,0.9997397210454341,0.0002
5.833333333333334,0.9991458416873348,0.0002
5.834722222222222,0.9990180221498202,0.0002
5.836111111111111,0.9988462751870356,0.0002
5.8375,0.9986265541544739,0.0002
5.8388888888888895,0.9994160744930881,0.0002
5.840277777777778,0.9991595423158024,0.0002
5.841666666666667,0.999393926332052,0.0002
5.843055555555556,0.9994349108118836,0.0002
5.844444444444445,0.9990442962193649,0.0002
5.845833333333333,0.9991258757614776,0.0002
5.847222222222222,0.9996456178456798,0.0002
5.848611111111111,0.9992845526044801,0.0002
5.8500000000000005,0.9991805507403129,0.0002
5.851388888888889,0.9991291667806539,0.0002
5.852777777777778,0.9993041439258671,0.0002
5.854166666666667,0.9996288431045153,0.0002
5.855555555555556,0.9995276290613925,0.0002
5.856944444444444,0.9994823700632115,0.0002
5.858333333333333,0.9997857638651593,0.0002
5.8597222222222225,0.9998259089958339,0.0002
5.861111111111112,0.9995961535197025,0.0002
5.8625,1.0001588319814023,0.0002
5.863888888888889,0.9995790634890309,0.0002
5.865277777777778,0.9999975924272154,0.0002
5.866666666666667,0.9996450736595819,0.0002
5.868055555555555,0.9998729136873614,0.0002
5.8694444444444445,0.9996619199578488,0.0002
5.870833333333334,0.9998221315212987,0.0002
5.872222222222223,1.0002970007357934,0.0002
5.873611111111111,0.9999789277727683,0.0002
5.875,0.9999253176337146,0.0002
5.876388888888889,0.9997281342160134,0.0002
5.877777777777778,0.9999529298173205,0.0002
5.879166666666667,0.9996698696577623,0.0002
5.8805555555555555,1.0001131651519413,0.0002
5.881944444444445,1.0001642729030362,0.0002
5.883333333333334,0.9999833348663778,0.0002
5.884722222222223,1.0003612844319374,0.0002
5.886111111111111,1.0003434620038723,0.0002
5.8875,1.0000652011635043,0.0002
5.888888888888889,1.0001775986794168,0.0002
5.890277777777778,0.9999481959351496,0.0002
5.891666666666667,0.999972700051265,0.0002
5.893055555555556,0.9997636716892472,0.0002
5.894444444444445,0.9998492977701271,0.0002
5.895833333333334,0.999934249425229,0.0002
5.897222222222222,0.9996218444431643,0.0002
5.898611111111111,1.0000791287964943,0.0002
5.9,1.0001910620238565,0.0002
5.9013888888888895,0.9999564324831428,0.0002
5.902777777777778,0.9991485583229904,0.0002
5.904166666666667,0.9986150947523852,0.0002
5.905555555555556,0.9969983288031298,0.0002
5.906944444444445,0.9956118102468721,0.0002
5.908333333333333,0.9943344509440809,0.0002
5.909722222222222,0.9920783142374243,0.0002
5.911111111111111,0.9916463876489263,0.0002
5.9125000000000005,0.9915126859215966,0.0002
5.913888888888889,0.9909530171408031,0.0002
5.915277777777778,0.9907538321371424,0.0002
5.916666666666667,0.9910847415908709,0.0002
5.918055555555556,0.990581809336989,0.0002
5.919444444444444,0.9905817861631757,0.0002
5.920833333333333,0.990330447382887,0.0002
5.9222222222222225,0.9901772228308767,0.0002
5.923611111111112,0.9902556472677156,0.0002
5.925,0.9902629303196938,0.0002
5.926388888888889,0.9894204702444598,0.0002
5.927777777777778,0.9896866187997913,0.0002
5.929166666666667,0.989666953210385,0.0002
5.930555555555555,0.9895187622058982,0.0002
5.9319444444444445,0.9896878123820234,0.0002
5.933333333333334,0.9894449505038132,0.0002
5.934722222222223,0.9897533060090364,0.0002
5.936111111111111,0.9896338448607919,0.0002
5.9375,0.9896719290661954,0.0002
5.938888888888889,0.989113938635394,0.0002
5.940277777777778,0.9892039855194115,0.0002
5.941666666666667,0.9891908514339098,0.0002
5.9430555555555555,0.9895685483373162,0.0002
5.944444444444445,0.9890567214723088,0.0002
5.945833333333334,0.9891196614150368,0.0002
5.947222222222223,0.9889657621017569,0.0002
5.948611111111111,0.9897780328629373,0.0002
5.95,0.9891833277092676,0.0002
5.951388888888889,0.9893084859144096,0.0002
5.952777777777778,0.9890640976625157,0.0002
5.954166666666667,0.9894692765860952,0.0002
5.955555555555556,0.9889137642968572,0.0002
5.956944444444445,0.9890931113105338,0.0002
5.958333333333334,0.9891923775986108,0.0002
5.959722222222222,0.9893985656404805,0.0002
5.961111111111111,0.9891665947451205,0.0002
5.9625,0.9896382275947992,0.0002
5.9638888888888895,0.989545532099111,0.0002
5.965277777777778,0.9893707618489604,0.0002
5.966666666666667,0.9897965097526177,0.0002
5.968055555555556,0.9895827560901852,0.0002
5.969444444444445,0.9895990352310485,0.0002
5.970833333333333,0.9900679832828924,0.0002
5.972222222222222,0.9894974354350698,0.0002
5.973611111111111,0.9902361301047774,0.0002
5.9750000000000005,0.9901329645013652,0.0002
5.976388888888889,0.9902553298194183,0.0002
5.977777777777778,0.990940454374139,0.0002
5.979166666666667,0.9906477295739435,0.0002
5.980555555555556,0.9911844786146259,0.0002
5.981944444444444,0.9913466386965962,0.0002
5.983333333333333,0.991816260724094,0.0002
5.9847222222222225,0.9922745438224329,0.0002
5.986111111111112,0.9934792755442553,0.0002
5.9875,0.9954419695340783,0.0002
5.988888888888889,0.9969198773164737,0.0002
5.990277777777778,0.9980823382594065,0.0002
5.991666666666667,0.999127534809685,0.0002
5.993055555555555,0.9998212046377598,0.0002
5.9944444444444445,1.0001321137470283,0.0002
5.995833333333334,1.0001995577924112,0.0002
5.997222222222223,1.0000500881405372,0.0002
5.998611111111112,0.999572527667768,0.0002
6.0,1.000184670029007,0.0002
6.001388888888889,1.0002619474457684,0.0002
6.002777777777778,1.0000405123638432,0.0002
6.004166666666667,1.000333507542182,0.0002
6.0055555555555555,0.9996786965078338,0.0002
6.006944444444445,1.0000372927109447,0.0002
6.008333333333334,0.9996761417072254,0.0002
6.009722222222223,1.0001396392352084,0.0002
6.011111111111111,1.0000720755868313,0.0002
6.0125,1.000335736173766,0.0002
6.013888888888889,0.9999945927246842,0.0002
6.015277777777778,0.9998977215701264,0.0002
6.016666666666667,0.9998259295726788,0.0002
6.018055555555556,0.9999438960669695,0.0002
6.019444444444445,0.9999384056094882,0.0002
6.020833333333334,1.0003362988580173,0.0002
6.022222222222222,1.000282958258909,0.0002
6.023611111111111,0.9997354217298021,0.0002
6.025,1.0000209016213486,0.0002
6.0263888888888895,1.0000270469349668,0.0002
6.027777777777778,0.9998468804248118,0.0002
6.029166666666667,0.9999977601481532,0.0002
6.030555555555556,1.0002535122802791,0.0002
6.031944444444445,1.0001360206410472,0.0002
6.033333333333333,1.0002049692315735,0.0002
6.034722222222222,0.9997663224097524,0.0002
6.036111111111111,0.9999337167631445,0.0002
6.0375000000000005,0.9997325349642192,0.0002
6.038888888888889,0.9998306930474311,0.0002
6.040277777777778,0.9998673762914955,0.0002
6.041666666666667,1.0000172338122708,0.0002
6.043055555555556,1.0000789356628759,0.0002
6.044444444444444,0.9999017355483035,0.0002
6.045833333333333,0.9995960737986489,0.0002
6.0472222222222225,0.9994309495805557,0.0002
6.048611111111112,0.9997586507494429,0.0002
6.05,0.999920654227766,0.0002
6.051388888888889,0.9996542787183728,0.0002
6.052777777777778,0.9993373690861651,0.0002
6.054166666666667,1.000039526819613,0.0002
6.055555555555555,0.9998098296814217,0.0002
6.0569444444444445,0.9997623943158781,0.0002
6.058333333333334,0.9995101669330942,0.0002
6.059722222222223,0.9997302524617399,0.0002
6.061111111111112,0.9998372981868823,0.0002
6.0625,0.999700892144095,0.0002
6.063888888888889,0.999508702103466,0.0002
6.065277777777778,0.9996538886437694,0.0002
6.066666666666667,0.9995340793983093,0.0002
6.0680555555555555,0.999984009621165,0.0002
6.069444444444445,0.9998639060134278,0.0002
6.070833333333334,0.9995092640172792,0.0002
6.072222222222223,0.999353697616249,0.0002
6.073611111111111,0.9995912926536192,0.0002
6.075,0.999518220302191,0.0002
6.076388888888889,0.9995732585951257,0.0002
6.077777777777778,0.9993295204622189,0.0002
6.079166666666667,0.9992854093329218,0.0002
6.080555555555556,0.9995144229056564,0.0002
6.081944444444445,0.9994071941402211,0.0002
6.083333333333334,0.9998996868747808,0.0002
6.084722222222222,0.9996082575217211,0.0002
6.086111111111111,0.9992735662584572,0.0002
6.0875,0.9992186749515772,0.0002
6.0888888888888895,0.9995740772568021,0.0002
6.090277777777778,0.9994482630839097,0.0002
6.091666666666667,0.9997767898472846,0.0002
6.093055555555556,0.9995541644011864,0.0002
6.094444444444445,0.9991294018635775,0.0002
6.095833333333333,0.9992479044850641,0.0002
6.097222222222222,0.999389863820991,0.0002
6.098611111111111,0.9996218704772074,0.0002
6.1000000000000005,0.9993815818480095,0.0002
6.101388888888889,0.9995738100253688,0.0002
6.102777777777778,0.9992341011750613,0.0002
6.104166666666667,0.9994497780619818,0.0002
6.105555555555556,0.9995342232504958,0.0002
6.106944444444444,0.9997557809731745,0.0002
6.108333333333333,0.9994916498297416,0.0002
6.1097222222222225,0.999233170784105,0.0002
6.111111111111112,0.9996375995457368,0.0002
6.1125,0.9993004564044774,0.0002
6.113888888888889,0.9994708660826213,0.0002
6.115277777777778,0.9991626038053194,0.0002
6.116666666666667,0.9993742677767586,0.0002
6.118055555555555,0.9991923997988479,0.0002
6.1194444444444445,0.9994753608524127,0.0002
6.120833333333334,0.9995476132569202,0.0002
6.122222222222223,0.9992993414558804,0.0002
6.123611111111112,0.9992858466907443,0.0002
6.125,0.9993902238911263,0.0002
6.126388888888889,0.9992193516603802,0.0002
6.127777777777778,0.9990748836096097,0.0002
6.129166666666667,0.9994834605982671,0.0002
6.1305555555555555,0.9993572363445272,0.0002
6.131944444444445,0.9993457690979647,0.0002
6.133333333333334,0.9994364888861976,0.0002
6.134722222222223,0.9995211362318356,0.0002
6.136111111111111,0.9993712791317536,0.0002
6.1375,0.9991959714792809,0.0002
6.138888888888889,0.9993550342160734,0.0002
6.140277777777778,0.9996527510768225,0.0002
6.141666666666667,0.999598178563226,0.0002
6.143055555555556,0.9993962671100658,0.0002
6.144444444444445,0.9993178243221263,0.0002
6.145833333333334,0.9995526989086484,0.0002
6.147222222222222,0.9994182676265423,0.0002
6.148611111111111,0.9996211775601315,0.0002
6.15,0.9995832931538484,0.0002
6.1513888888888895,0.9993365193591889,0.0002
6.152777777777778,0.9995211141395365,0.0002
6.154166666666667,0.9993567504694282,0.0002
6.155555555555556,0.9993073911254856,0.0002
6.156944444444445,0.9988405669996228,0.0002
6.158333333333333,0.9991017141562714,0.0002
6.159722222222222,0.9991999508215674,0.0002
6.161111111111111,0.9993585351850992,0.0002
6.1625000000000005,0.999426104899603,0.0002
6.163888888888889,0.9994718919579142,0.0002
6.165277777777778,0.9994344705199197,0.0002
6.166666666666667,0.9991966999270143,0.0002
6.168055555555556,0.9994874721314695,0.0002
6.169444444444444,0.9996128710843313,0.0002
6.170833333333333,0.9991789993334722,0.0002
6.1722222222222225,0.9990707203173872,0.0002
6.173611111111112,0.9990713792151719,0.0002
6.175,0.9991767251960687,0.0002
6.176388888888889,0.9990742276862093,0.0002
6.177777777777778,0.9988345764221022,0.0002
6.179166666666667,0.9989535738486766,0.0002
6.180555555555555,0.9994496190591515,0.0002
6.1819444444444445,0.9994672135625422,0.0002
6.183333333333334,0.9995199317945451,0.0002
6.184722222222223,0.9991842435542415,0.0002
6.186111111111112,0.9989597333461551,0.0002
6.1875,0.9990976176082872,0.0002
6.188888888888889,0.9989999972168159,0.0002
6.190277777777778,0.9989642449124153,0.0002
6.191666666666667,0.9993093933686279,0.0002
6.1930555555555555,0.999340212838778,0.0002
6.194444444444445,0.9996341199041782,0.0002
6.195833333333334,0.9992435947940593,0.0002
6.197222222222223,0.9989865533082514,0.0002
6.198611111111111,0.9992836518689522,0.0002
6.2,0.9992237097703445,0.0002
6.201388888888889,0.9992272905011009,0.0002
6.202777777777778,0.9994191721924768,0.0002
6.204166666666667,0.9991072794728557,0.0002
6.205555555555556,0.999362247542663,0.0002
6.206944444444445,0.9995774592859514,0.0002
6.208333333333334,0.9996940675364917,0.0002
6.209722222222222,0.9994860637612053,0.0002
6.211111111111111,0.999598644557756,0.0002
6.2125,0.9993830067931807,0.0002
6.2138888888888895,0.9994516409640082,0.0002
6.215277777777778,0.9997513389413348,0.0002
6.216666666666667,0.9992310837526324,0.0002
6.218055555555556,0.9994367609297979,0.0002
6.219444444444445,0.9997197265019944,0.0002
6.220833333333333,0.9994866463802331,0.0002
6.222222222222222,0.999489731548899,0.0002
6.223611111111111,0.9995038382498801,0.0002
6.2250000000000005,0.9995786271959456,0.0002
6.226388888888889,0.9997922897913603,0.0002
6.227777777777778,0.9997705836497875,0.0002
6.229166666666667,0.9995909171433528,0.0002
6.230555555555556,0.9997780423472314,0.0002
6.231944444444444,0.9997054186903034,0.0002
6.233333333333333,0.9997611183247733,0.0002
6.2347222222222225,0.9994033248101617,0.0002
6.236111111111112,0.9999422766885842,0.0002
6.2375,0.9997190898005339,0.0002
6.238888888888889,0.9990843071234019,0.0002
6.240277777777778,0.9999324915913164,0.0002
6.241666666666667,0.9995575263228246,0.0002
6.243055555555555,0.9994923824889324,0.0002
6.2444444444444445,0.9993878866132895,0.0002
6.245833333333334,0.9995753141688875,0.0002
6.247222222222223,0.9992117543921927,0.0002
6.248611111111112,0.9992853046318443,0.0002
6.25,0.999267561403543,0.0002
6.251388888888889,0.9992520709805657,0.0002
6.252777777777778,0.9992573374642845,0.0002
6.254166666666667,0.9994715652516447,0.0002
6.2555555555555555,0.9993919053391114,0.0002
6.256944444444445,0.9993846161946157,0.0002
6.258333333333334,0.999501534986727,0.0002
6.259722222222223,0.9993952871584719,0.0002
6.261111111111111,0.9991641151924743,0.0002
6.2625,0.9996876547847082,0.0002
6.263888888888889,0.9995400708187837,0.0002
6.265277777777778,0.9996654549377589,0.0002
6.266666666666667,0.9995423737628416,0.0002
6.268055555555556,0.9993017554354383,0.0002
6.269444444444445,0.998890349791458,0.0002
6.270833333333334,0.9991185883541606,0.0002
6.272222222222222,0.9995355687499723,0.0002
6.273611111111111,0.9994251110895325,0.0002
6.275,0.9993544637712456,0.0002
6.2763888888888895,0.9989263993297951,0.0002
6.277777777777778,0.9993438031470987,0.0002
6.279166666666667,0.9990821757895711,0.0002
6.280555555555556,0.9991685073433708,0.0002
6.281944444444445,0.9994774305076098,0.0002
6.283333333333333,0.9991053210129569,0.0002
6.284722222222222,0.9991721546233577,0.0002
6.286111111111111,0.9993421241951681,0.0002
6.2875000000000005,0.9994690246173514,0.0002
6.288888888888889,0.9992229489847212,0.0002
6.290277777777778,0.9995651227100704,0.0002
6.291666666666667,0.9990816054714031,0.0002
6.293055555555556,0.9990882964291654,0.0002
6.294444444444444,0.9990847773824519,0.0002
6.295833333333333,0.9991443550998751,0.0002
6.2972222222222225,0.9994739456788282,0.0002
6.298611111111112,0.999211000090694,0.0002
6.3,0.9991415112085266,0.0002
6.301388888888889,0.9994580419589283,0.0002
6.302777777777778,0.9995608809775228,0.0002
6.304166666666667,0.999556045670226,0.0002
6.305555555555555,0.9995527458400714,0.0002
6.3069444444444445,0.9992426284500603,0.0002
6.308333333333334,0.9994941602855036,0.0002
6.309722222222223,0.9994540274060661,0.0002
6.311111111111112,0.9992158574719563,0.0002
6.3125,0.9993698729280858,0.0002
6.313888888888889,0.9990878731279199,0.0002
6.315277777777778,0.9990900476828829,0.0002
6.316666666666667,0.9993470023158663,0.0002
6.3180555555555555,0.9995807260901822,0.0002
6.319444444444445,0.999472462280215,0.0002
6.320833333333334,0.9994200996088318,0.0002
6.322222222222223,0.9992732793359473,0.0002
6.323611111111111,0.9992112208467226,0.0002
6.325,0.9989534577857616,0.0002
6.326388888888889,0.9991575009593824,0.0002
6.327777777777778,0.9992384330328737,0.0002
6.329166666666667,0.9995306487500548,0.0002
6.330555555555556,0.9996260569261812,0.0002
6.331944444444445,0.9996207610696303,0.0002
6.333333333333334,0.9996528634772253,0.0002
6.334722222222222,0.9994604462649098,0.0002
6.336111111111111,0.9992161671806432,0.0002
6.3375,0.9994175715526423,0.0002
6.3388888888888895,0.9992724756455195,0.0002
6.340277777777778,0.999572156332822,0.0002
6.341666666666667,0.999374415196038,0.0002
6.343055555555556,0.9992865511299553,0.0002
6.344444444444445,0.9994534663645206,0.0002
6.345833333333333,0.9991961435910202,0.0002
6.347222222222222,0.999557810272431,0.0002
6.348611111111111,0.9990911082886681,0.0002
6.3500000000000005,0.9994971704262409,0.0002
6.351388888888889,0.9994321504332232,0.0002
6.352777777777778,0.9996360253480254,0.0002
6.354166666666667,0.9992435905328424,0.0002
6.355555555555556,0.9992290761819205,0.0002
6.356944444444444,0.999644479174357,0.0002
6.358333333333333,0.999305251246824,0.0002
6.3597222222222225,0.9993437881848172,0.0002
6.361111111111112,0.999265018313326,0.0002
6.3625,0.9995636964994322,0.0002
6.363888888888889,0.9994778242700085,0.0002
6.365277777777778,0.9994731701467047,0.0002
6.366666666666667,0.9992501576571803,0.0002
6.368055555555555,0.99957115003828,0.0002
6.3694444444444445,0.9992939899239033,0.0002
6.370833333333334,0.9993840418771619,0.0002
6.372222222222223,0.9993114296590366,0.0002
6.373611111111112,0.9994755042630911,0.0002
6.375,0.9996990169477594,0.0002
6.376388888888889,0.9995704194657552,0.0002
6.377777777777778,0.9995074799734553,0.0002
6.379166666666667,0.9996288156634786,0.0002
6.3805555555555555,0.999614534138796,0.0002
6.381944444444445,0.9996417626574758,0.0002
6.383333333333334,0.9997038292293235,0.0002
6.384722222222223,0.9994441045376812,0.0002
6.386111111111111,0.9996886450143511,0.0002
6.3875,0.9993703126236619,0.0002
6.388888888888889,0.9999228832711222,0.0002
6.390277777777778,0.9996211849705092,0.0002
6.391666666666667,1.0000793418184015,0.0002
6.393055555555556,0.9993523796758343,0.0002
6.394444444444445,1.000201820981081,0.0002
6.395833333333334,0.9995338749498309,0.0002
6.397222222222222,0.9996304500251258,0.0002
6.398611111111111,0.9998820342781034,0.0002
6.4,1.000005236741395,0.0002
6.4013888888888895,0.9997728414804037,0.0002
6.402777777777778,0.9999884001359225,0.0002
6.404166666666667,0.9996551095451638,0.0002
6.405555555555556,0.9998254225731232,0.0002
6.406944444444445,0.9998257008928084,0.0002
6.408333333333333,0.9997480977330943,0.0002
6.409722222222222,0.9994438725254013,0.0002
6.411111111111111,0.9999015536106705,0.0002
6.4125000000000005,0.9997551930941027,0.0002
6.413888888888889,0.9999481758150163,0.0002
6.415277777777778,0.9996001110257435,0.0002
6.416666666666667,0.9997564482051694,0.0002
6.418055555555556,1.000074612061535,0.0002
6.419444444444444,0.9998907356200804,0.0002
6.420833333333333,0.9999451096618562,0.0002
6.4222222222222225,0.9999646079311656,0.0002
6.423611111111112,1.000049495855654,0.0002
6.425,1.0003398817736153,0.0002
6.426388888888889,0.9999693590163226,0.0002
6.427777777777778,0.9997847218965967,0.0002
6.429166666666667,1.000082892717361,0.0002
6.430555555555555,0.9997946893798759,0.0002
6.4319444444444445,0.9998057450109138,0.0002
6.433333333333334,0.9998304268644044,0.0002
6.434722222222223,0.9995513250905613,0.0002
6.436111111111112,0.9995599225818239,0.0002
6.4375,0.9997716016164998,0.0002
6.438888888888889,0.9995121203904574,0.0002
6.440277777777778,0.9996732466066269,0.0002
6.441666666666667,0.9992339425628557,0.0002
6.4430555555555555,0.9992120001283108,0.0002
6.444444444444445,0.9997637608395398,0.0002
6.445833333333334,0.9991461306121934,0.0002
6.447222222222223,0.9994190883811882,0.0002
6.448611111111111,0.9998351940269374,0.0002
6.45,0.9994585604106135,0.0002
6.451388888888889,0.9997319503049019,0.0002
6.452777777777778,0.9995552189900525,0.0002
6.454166666666667,0.9994208674824248,0.0002
6.455555555555556,0.9993615325766985,0.0002
6.456944444444445,0.9989718402871548,0.0002
6.458333333333334,0.9993213803645922,0.0002
6.459722222222222,0.9993888247699555,0.0002
6.461111111111111,0.9994342811308756,0.0002
6.4625,0.9999008815962485,0.0002
6.4638888888888895,0.9994437291639207,0.0002
6.465277777777778,0.9995204893783757,0.0002
6.466666666666667,0.9996239081535749,0.0002
6.468055555555556,0.9994597069383198,0.0002
6.469444444444445,0.9993379139284961,0.0002
6.470833333333333,0.9993108461376962,0.0002
6.472222222222222,0.9992141440250946,0.0002
6.473611111111111,0.9992993966911123,0.0002
6.4750000000000005,0.9991604914173162,0.0002
6.476388888888889,0.9993457882066495,0.0002
6.477777777777778,0.9989876447449295,0.0002
6.479166666666667,0.999334234517352,0.0002
6.480555555555556,0.9996560165155607,0.0002
6.481944444444444,0.99936050171783,0.0002
6.483333333333333,0.9998105912552709,0.0002
6.4847222222222225,0.9995595352527297,0.0002
6.486111111111112,0.9994798050997358,0.0002
6.4875,0.9993978118975989,0.0002
6.488888888888889,0.9992921350278392,0.0002
6.490277777777778,0.9989840804517461,0.0002
6.491666666666667,0.9995634276908767,0.0002
6.493055555555556,0.9998387895377969,0.0002
6.4944444444444445,0.9995568874217324,0.0002
6.495833333333334,0.9995867497578728,0.0002
6.497222222222223,0.999478665194409,0.0002
6.498611111111112,0.9997040909008188,0.0002
6.5,0.999414936817044,0.0002
6.501388888888889,0.9995501591578355,0.0002
6.502777777777778,0.9991885092310507,0.0002
6.504166666666667,0.9993674750531591,0.0002
6.5055555555555555,0.9995187017386261,0.0002
6.506944444444445,0.9995973088096279,0.0002
6.508333333333334,0.9995707728658835,0.0002
6.509722222222223,0.9990096800914424,0.0002
6.511111111111111,0.9989618038496703,0.0002
6.5125,0.9993656323288383,0.0002
6.513888888888889,0.9990727339499623,0.0002
6.515277777777778,0.9994518971870285,0.0002
6.516666666666667,0.9989606554919493,0.0002
6.518055555555556,0.999279444542247,0.0002
6.519444444444445,0.9992586927700824,0.0002
6.520833333333334,0.9993564506143267,0.0002
6.522222222222222,0.9990709411008427,0.0002
6.523611111111111,0.998916837000354,0.0002
6.525,0.9993404790834725,0.0002
6.5263888888888895,0.9994610753406071,0.0002
6.527777777777778,0.9995579430312943,0.0002
6.529166666666667,0.9993212195569757,0.0002
6.530555555555556,0.9995259937843466,0.0002
6.531944444444445,0.9993855895995389,0.0002
6.533333333333333,0.9995654912332728,0.0002
6.534722222222222,0.9993233548665466,0.0002
6.536111111111111,0.999015015465937,0.0002
6.5375000000000005,0.9993670247954846,0.0002
6.538888888888889,0.9993826265297757,0.0002
6.540277777777778,0.9994320549335852,0.0002
6.541666666666667,0.9990473674650008,0.0002
6.543055555555556,0.9993112540922592,0.0002
6.544444444444444,0.9995219781746298,0.0002
6.545833333333333,0.9993784683213204,0.0002
6.5472222222222225,0.999298128792783,0.0002
6.548611111111112,0.9997142095994034,0.0002
6.55,0.9991939271967467,0.0002
6.551388888888889,0.9996944690047384,0.0002
6.552777777777778,0.9996360065487585,0.0002
6.554166666666667,0.9994001003630176,0.0002
6.555555555555556,0.9994458759996786,0.0002
6.5569444444444445,0.999320125248059,0.0002
6.558333333333334,0.9993227527446712,0.0002
6.559722222222223,0.9991654649500515,0.0002
6.561111111111112,0.9991828015628693,0.0002
6.5625,0.9992090009399485,0.0002
6.563888888888889,0.9992672611880012,0.0002
6.565277777777778,0.9992554060694344,0.0002
6.566666666666667,0.9988214442871164,0.0002
6.5680555555555555,0.9993043010782807,0.0002
6.569444444444445,0.9991647039554604,0.0002
6.570833333333334,0.9988900514444335,0.0002
6.572222222222223,0.9991804298869168,0.0002
6.573611111111111,0.9992768972783631,0.0002
6.575,0.9995061870868637,0.0002
6.576388888888889,0.9991259179704606,0.0002
6.577777777777778,0.9993675083136805,0.0002
6.579166666666667,0.9994752213869872,0.0002
6.580555555555556,0.9991144778866267,0.0002
6.581944444444445,0.9992680552881795,0.0002
6.583333333333334,0.9996214482874389,0.0002
6.584722222222222,0.9993094887545159,0.0002
6.586111111111111,0.9993336753713343,0.0002
6.5875,0.9991730359012413,0.0002
6.5888888888888895,0.9993886655222427,0.0002
6.590277777777778,0.9992350944344519,0.0002
6.591666666666667,0.9988884727560831,0.0002
6.593055555555556,0.9992185630270538,0.0002
6.594444444444445,0.9989971621439329,0.0002
6.595833333333333,0.9992086558082194,0.0002
6.597222222222222,0.998923426371217,0.0002
6.598611111111111,0.9992423696069888,0.0002
6.6000000000000005,0.9991675145311236,0.0002
6.601388888888889,0.9989324063746555,0.0002
6.602777777777778,0.999018646895908,0.0002
6.604166666666667,0.9993231281966178,0.0002
6.605555555555556,0.9994012013206571,0.0002
6.606944444444444,0.9989991776284514,0.0002
6.608333333333333,0.9989995415945646,0.0002
6.6097222222222225,0.9995645493279781,0.0002
6.611111111111112,0.9991478504963487,0.0002
6.6125,0.9991766675333521,0.0002
6.613888888888889,0.9991412801067485,0.0002
6.615277777777778,0.9993462726009107,0.0002
6.616666666666667,0.9997198732460786,0.0002
6.618055555555556,0.9994830340532089,0.0002
6.6194444444444445,0.9996622098725352,0.0002
6.620833333333334,0.9994101289733315,0.0002
6.622222222222223,0.9992478069905609,0.0002
6.623611111111112,0.9992482102483955,0.0002
6.625,0.9992346345765176,0.0002
6.626388888888889,0.9995111299446859,0.0002
6.627777777777778,0.999591659218091,0.0002
6.629166666666667,0.9993638476387051,0.0002
6.6305555555555555,0.9993002400280409,0.0002
6.631944444444445,0.9991933477312228,0.0002
6.633333333333334,0.999455292967989,0.0002
6.634722222222223,0.9990980732714371,0.0002
6.636111111111111,0.9990595864418144,0.0002
6.6375,0.9994635093349683,0.0002
6.638888888888889,0.9992297017515092,0.0002
6.640277777777778,0.9992101909350167,0.0002
6.641666666666667,0.9992922115582533,0.0002
6.643055555555556,0.9994327134296435,0.0002
6.644444444444445,0.9993352601983059,0.0002
6.645833333333334,0.9991569680473525,0.0002
6.647222222222222,0.9990934497142594,0.0002
6.648611111111111,0.9991360088594355,0.0002
6.65,0.9992364003470305,0.0002
6.6513888888888895,0.9992596438887467,0.0002
6.652777777777778,0.9992686210405423,0.0002
6.654166666666667,0.99922435692399,0.0002
6.655555555555556,0.9990662777780234,0.0002
6.656944444444445,0.9989513263259971,0.0002
6.658333333333333,0.9993248357245129,0.0002
6.659722222222222,0.999059457606132,0.0002
6.661111111111111,0.9991419649089076,0.0002
6.6625000000000005,0.9987204440991011,0.0002
6.663888888888889,0.9991284912320897,0.0002
6.665277777777778,0.9989315726204503,0.0002
6.666666666666667,0.9989366352812448,0.0002
6.668055555555556,0.9996184311982739,0.0002
6.669444444444444,0.9992090639653345,0.0002
6.670833333333333,0.9994040983056793,0.0002
6.6722222222222225,0.999374790255782,0.0002
6.673611111111112,0.9993796671933537,0.0002
6.675,0.9990829637935738,0.0002
6.676388888888889,0.9995346798386071,0.0002
6.677777777777778,0.9993555097376461,0.0002
6.679166666666667,0.9991688762453188,0.0002
6.680555555555556,0.9992106528949122,0.0002
6.6819444444444445,0.9991341038880756,0.0002
6.683333333333334,0.9991546408078804,0.0002
6.684722222222223,0.9991350733784267,0.0002
6.686111111111112,0.9992186820826091,0.0002
6.6875,0.9994987446005487,0.0002
6.688888888888889,0.9988025209124365,0.0002
6.690277777777778,0.9993583073768949,0.0002
6.691666666666667,0.9990498710826323,0.0002
6.6930555555555555,0.999404351835867,0.0002
6.694444444444445,0.9990212364921206,0.0002
6.695833333333334,0.999149405312136,0.0002
6.697222222222223,0.9990048378604467,0.0002
6.698611111111111,0.9987580020770697,0.0002
6.7,0.9994255981177564,0.0002
6.701388888888889,0.9989242723152051,0.0002
6.702777777777778,0.9991003296197849,0.0002
6.704166666666667,0.9988528385208013,0.0002
6.705555555555556,0.9987851509077088,0.0002
6.706944444444445,0.9990705874849032,0.0002
6.708333333333334,0.9989070447988933,0.0002
6.709722222222222,0.9987323973332174,0.0002
6.711111111111111,0.998870690989979,0.0002
6.7125,0.9985322896299134,0.0002
6.7138888888888895,0.9988172721594373,0.0002
6.715277777777778,0.9986935974882684,0.0002
6.716666666666667,0.9981900731828329,0.0002
6.718055555555556,0.9984902030988222,0.0002
6.719444444444445,0.9986427036128724,0.0002
6.720833333333333,0.9983917627911514,0.0002
6.722222222222222,0.9987258932627844,0.0002
6.723611111111111,0.9987192624798581,0.0002
6.7250000000000005,0.9983840554262354,0.0002
6.726388888888889,0.9985157008500384,0.0002
6.727777777777778,0.9986318583171998,0.0002
6.729166666666667,0.9982903134838614,0.0002
6.730555555555556,0.998464763521463,0.0002
6.731944444444444,0.9987778427144604,0.0002
6.733333333333333,0.9984057173626165,0.0002
6.7347222222222225,0.9986360770439796,0.0002
6.736111111111112,0.9983302012517258,0.0002
6.7375,0.99849985624866,0.0002
6.738888888888889,0.9986128925330083,0.0002
6.740277777777778,0.9981362854392779,0.0002
6.741666666666667,0.9984305608957021,0.0002
6.743055555555556,0.9986132598553469,0.0002
6.7444444444444445,0.9986285396133544,0.0002
6.745833333333334,0.9984126578081814,0.0002
6.747222222222223,0.9982675273221537,0.0002
6.748611111111112,0.9985906947276246,0.0002
6.75,0.9983910415104831,0.0002
6.751388888888889,0.9984924788828242,0.0002
6.752777777777778,0.998487366996526,0.0002
6.754166666666667,0.998352978717127,0.0002
6.7555555555555555,0.9986808943206757,0.0002
6.756944444444445,0.9983085185471261,0.0002
6.758333333333334,0.9986701405084494,0.0002
6.759722222222223,0.9986559898135952,0.0002
6.761111111111111,0.9985873212611749,0.0002
6.7625,0.9984402063375166,0.0002
6.763888888888889,0.9989908065073958,0.0002
6.765277777777778,0.998458272087602,0.0002
6.766666666666667,0.9984850713852063,0.0002
6.768055555555556,0.9983714848484567,0.0002
6.769444444444445,0.99809598112686,0.0002
6.770833333333334,0.9985342162179354,0.0002
6.772222222222222,0.9981412440518865,0.0002
6.773611111111111,0.9984832109810868,0.0002
6.775,0.9985583806166748,0.0002
6.7763888888888895,0.9984717747110607,0.0002
6.777777777777778,0.998163332572023,0.0002
6.779166666666667,0.9982095950431901,0.0002
6.780555555555556,0.9977556048053345,0.0002
6.781944444444445,0.9982398454063799,0.0002
6.783333333333333,0.9984117822004315,0.0002
6.784722222222222,0.9982246890843813,0.0002
6.786111111111111,0.9981390582308171,0.0002
6.7875000000000005,0.998208647401097,0.0002
6.788888888888889,0.9985847525055014,0.0002
6.790277777777778,0.9983237313073994,0.0002
6.791666666666667,0.99876077522053,0.0002
6.793055555555556,0.9983013165808174,0.0002
6.794444444444444,0.9983926884221087,0.0002
6.795833333333333,0.9982130319426951,0.0002
6.7972222222222225,0.9986773571319584,0.0002
6.798611111111112,0.9982601964749132,0.0002
6.8,0.998646572363358,0.0002
6.801388888888889,0.9981658031065787,0.0002
6.802777777777778,0.9986134311522439,0.0002
6.804166666666667,0.9983463621312997,0.0002
6.805555555555556,0.9984705312078193,0.0002
6.8069444444444445,0.9979650243880466,0.0002
6.808333333333334,0.9982826995765819,0.0002
6.809722222222223,0.9980011957855155,0.0002
6.811111111111112,0.998275612926356,0.0002
6.8125,0.9980174516053054,0.0002
6.813888888888889,0.9983597022078434,0.0002
6.815277777777778,0.9986342164026026,0.0002
6.816666666666667,0.9984814359047447,0.0002
6.8180555555555555,0.9981024792023466,0.0002
6.819444444444445,0.9979660279437144,0.0002
6.820833333333334,0.9984104756963277,0.0002
6.822222222222223,0.9986509459516982,0.0002
6.823611111111111,0.9981589745915693,0.0002
6.825,0.9987223447794162,0.0002
6.826388888888889,0.9983569651517994,0.0002
6.827777777777778,0.9979719537155453,0.0002
6.829166666666667,0.9979733710514058,0.0002
6.830555555555556,0.9984379875693268,0.0002
6.831944444444445,0.998323537898623,0.0002
6.833333333333334,0.9986392478552628,0.0002
6.834722222222222,0.9980885456968016,0.0002
6.836111111111111,0.9983904247184737,0.0002
6.8375,0.9983773737886689,0.0002
6.8388888888888895,0.9982881604751965,0.0002
6.840277777777778,0.9981764427488119,0.0002
6.841666666666667,0.998232458700425,0.0002
6.843055555555556,0.9983952886071636,0.0002
6.844444444444445,0.997840495833322,0.0002
6.845833333333333,0.9967604700634901,0.0002
6.847222222222222,0.9955570338792189,0.0002
6.848611111111111,0.993514418748771,0.0002
6.8500000000000005,0.9917714822158423,0.0002
6.851388888888889,0.991092350756384,0.0002
6.852777777777778,0.9901521551019844,0.0002
6.854166666666667,0.9898938975676387,0.0002
6.855555555555556,0.9895321295434262,0.0002
6.856944444444444,0.9893009334485519,0.0002
6.858333333333333,0.9888565488506359,0.0002
6.8597222222222225,0.9888892918498975,0.0002
6.861111111111112,0.9889354512409306,0.0002
6.8625,0.9886854972248789,0.0002
6.863888888888889,0.988643227543636,0.0002
6.865277777777778,0.9883242940984222,0.0002
6.866666666666667,0.9884748143037021,0.0002
6.868055555555556,0.9881006304296711,0.0002
6.8694444444444445,0.9877905180563008,0.0002
6.870833333333334,0.9882709582958329,0.0002
6.872222222222223,0.9883174485164083,0.0002
6.873611111111112,0.9879981422869138,0.0002
6.875,0.988341380670417,0.0002
6.876388888888889,0.9879416208824309,0.0002
6.877777777777778,0.9881729959371951,0.0002
6.879166666666667,0.9883539212303185,0.0002
6.8805555555555555,0.9879044182588255,0.0002
6.881944444444445,0.9878813862088055,0.0002
6.883333333333334,0.9879819687360264,0.0002
6.884722222222223,0.9883196871366147,0.0002
6.886111111111111,0.9879700050011622,0.0002
6.8875,0.9883411343334062,0.0002
6.888888888888889,0.9879265925373546,0.0002
6.890277777777778,0.9877132227844616,0.0002
6.891666666666667,0.9877626924957911,0.0002
6.893055555555556,0.9879143023869877,0.0002
6.894444444444445,0.987486844455417,0.0002
6.895833333333334,0.9877901581502363,0.0002
6.897222222222222,0.9878240310293686,0.0002
6.898611111111111,0.9879723874677784,0.0002
6.9,0.9882958736449902,0.0002
6.9013888888888895,0.987941774209998,0.0002
6.902777777777778,0.9876054314734548,0.0002
6.904166666666667,0.9878488767496645,0.0002
6.905555555555556,0.9880764564754057,0.0002
6.906944444444445,0.9881504895343751,0.0002
6.908333333333333,0.9884040269065083,0.0002
6.909722222222222,0.9883305500529812,0.0002
6.911111111111111,0.9883856839170849,0.0002
6.9125000000000005,0.9882628649636835,0.0002
6.913888888888889,0.9886636912114668,0.0002
6.915277777777778,0.9884418888793569,0.0002
6.916666666666667,0.9889252365743245,0.0002
6.918055555555556,0.9888637570898176,0.0002
6.919444444444444,0.9888251139859245,0.0002
6.920833333333333,0.9893707179716987,0.0002
6.9222222222222225,0.9898698926686618,0.0002
6.923611111111112,0.9897478436341735,0.0002
6.925,0.9905444777307091,0.0002
6.926388888888889,0.9907127448362881,0.0002
6.927777777777778,0.9922566574027374,0.0002
6.929166666666667,0.9940483756416068,0.0002
6.930555555555556,0.9956053861819746,0.0002
6.9319444444444445,0.9968442262417341,0.0002
6.933333333333334,0.998013491072571,0.0002
6.934722222222223,0.9981972800095671,0.0002
6.936111111111112,0.9982010815101827,0.0002
6.9375,0.9983489259066265,0.0002
6.938888888888889,0.9982096920593078,0.0002
6.940277777777778,0.9983070988790123,0.0002
6.941666666666667,0.9982355932636993,0.0002
6.9430555555555555,0.9981266037121659,0.0002
6.944444444444445,0.998480485703526,0.0002
6.945833333333334,0.9986583070461317,0.0002
6.947222222222223,0.998516775225355,0.0002
6.948611111111111,0.9983391984407398,0.0002
6.95,0.9981649019089578,0.0002
6.951388888888889,0.998247321456914,0.0002
6.952777777777778,0.9984443080404759,0.0002
6.954166666666667,0.9977020602882949,0.0002
6.955555555555556,0.9981059376300647,0.0002
6.956944444444445,0.9982890519576157,0.0002
6.958333333333334,0.9979292156162937,0.0002
6.959722222222222,0.9982780386895485,0.0002
6.961111111111111,0.9982115977311528,0.0002
6.9625,0.9977817834063213,0.0002
6.9638888888888895,0.9981673469118661,0.0002
6.965277777777778,0.9980433617655488,0.0002
6.966666666666667,0.998231787836378,0.0002
6.968055555555556,0.9982407642957262,0.0002
6.969444444444445,0.9981641776823807,0.0002
6.970833333333333,0.9980454656447368,0.0002
6.972222222222222,0.9981299455545143,0.0002
6.973611111111111,0.9978024051168856,0.0002
6.9750000000000005,0.9980822773228699,0.0002
6.976388888888889,0.9979117339200275,0.0002
6.977777777777778,0.998230619973735,0.0002
6.979166666666667,0.9981424208997449,0.0002
6.980555555555556,0.9980230280204243,0.0002
6.981944444444444,0.9982251130696786,0.0002
6.983333333333333,0.9978096363560695,0.0002
6.9847222222222225,0.997804449126351,0.0002
6.986111111111112,0.9977584177343266,0.0002
6.987500000000001,0.997562715219708,0.0002
6.988888888888889,0.9976168720612103,0.0002
6.990277777777778,0.9981039057744134,0.0002
6.991666666666667,0.9976991864272478,0.0002
6.993055555555556,0.9978104348724749,0.0002
6.9944444444444445,0.9979388501032667,0.0002
6.995833333333334,0.9979102316443442,0.0002
6.997222222222223,0.9981355462803861,0.0002
6.998611111111112,0.9978960946374207,0.0002
7.0,0.997673990157386,0.0002
7.001388888888889,0.9980292655895243,0.0002
7.002777777777778,0.9979440841439758,0.0002
7.004166666666667,0.9975343095941884,0.0002
7.0055555555555555,0.9977854549800378,0.0002
7.006944444444445,0.9974959688550878,0.0002
7.008333333333334,0.9975544155965852,0.0002
7.009722222222223,0.9981189125004192,0.0002
7.011111111111111,0.9977230250367456,0.0002
7.0125,0.9976555915937161,0.0002
7.013888888888889,0.9977636776699488,0.0002
7.015277777777778,0.9979417078104509,0.0002
7.016666666666667,0.9976343363466424,0.0002
7.018055555555556,0.9977194924081971,0.0002
7.019444444444445,0.9979246585086523,0.0002
7.020833333333334,0.9974924904972502,0.0002
7.022222222222222,0.9979941284783528,0.0002
7.023611111111111,0.997463511363553,0.0002
7.025,0.9977186313957348,0.0002
7.0263888888888895,0.9974523765716633,0.0002
7.027777777777778,0.9975634941070779,0.0002
7.029166666666667,0.9979874649030128,0.0002
7.030555555555556,0.9979744630851695,0.0002
7.031944444444445,0.9979523148191198,0.0002
7.033333333333333,0.9974233484216529,0.0002
7.034722222222222,0.9974905188015987,0.0002
7.036111111111111,0.9977861101134919,0.0002
7.0375000000000005,0.9977655542381774,0.0002
7.038888888888889,0.9975043433194164,0.0002
7.040277777777778,0.9975186498082863,0.0002
7.041666666666667,0.9974649300356377,0.0002
7.043055555555556,0.9980020971728611,0.0002
7.044444444444444,0.9975743063230532,0.0002
7.045833333333333,0.9977639664883587,0.0002
7.0472222222222225,0.9977628190362241,0.0002
7.048611111111112,0.9980247898573187,0.0002
7.050000000000001,0.9976159707834832,0.0002
7.051388888888889,0.9980600883544599,0.0002
7.052777777777778,0.9975748905102455,0.0002
7.054166666666667,0.9981034728070163,0.0002
7.055555555555556,0.9974969717168134,0.0002
7.0569444444444445,0.9977752151879878,0.0002
7.058333333333334,0.998093093702094,0.0002
7.059722222222223,0.9979130406525727,0.0002
7.061111111111112,0.9978487917758676,0.0002
7.0625,0.9975883069451971,0.0002
7.063888888888889,0.9977115877371233,0.0002
7.065277777777778,0.9980838879195564,0.0002
7.066666666666667,0.99787699571687,0.0002
7.0680555555555555,0.9978960641491462,0.0002
7.069444444444445,0.9978264812684754,0.0002
7.070833333333334,0.9977702920441649,0.0002
7.072222222222223,0.9980028714311859,0.0002
7.073611111111111,0.997841247359042,0.0002
7.075,0.9977563545616637,0.0002
7.076388888888889,0.9975318064060542,0.0002
7.077777777777778,0.99799486691094,0.0002
7.079166666666667,0.9979421945620492,0.0002
7.080555555555556,0.9978394258409798,0.0002
7.081944444444445,0.9981542554078026,0.0002
7.083333333333334,0.9979214899494209,0.0002
7.084722222222222,0.9978863372103962,0.0002
7.086111111111111,0.9980847349208102,0.0002
7.0875,0.9980902312267539,0.0002
7.0888888888888895,0.9980099861104582,0.0002
7.090277777777778,0.9979161508057449,0.0002
7.091666666666667,0.998314286390175,0.0002
7.093055555555556,0.9978123718616289,0.0002
7.094444444444445,0.9980919349677758,0.0002
7.095833333333333,0.9979150529129055,0.0002
7.097222222222222,0.9980515056318193,0.0002
7.098611111111111,0.9981996127655257,0.0002
7.1000000000000005,0.9978808377164297,0.0002
7.101388888888889,0.9980649552718254,0.0002
7.102777777777778,0.9980349452588556,0.0002
7.104166666666667,0.9979296420141462,0.0002
7.105555555555556,0.9983371385071493,0.0002
7.106944444444444,0.9982653000195323,0.0002
7.108333333333333,0.9980279012885539,0.0002
7.1097222222222225,0.9983041036731033,0.0002
7.111111111111112,0.9979478314465985,0.0002
7.112500000000001,0.9981170156463091,0.0002
7.113888888888889,0.9979729078150031,0.0002
7.115277777777778,0.9981949427018657,0.0002
7.116666666666667,0.9979458658255891,0.0002
7.118055555555556,0.9981711117680864,0.0002
7.1194444444444445,0.9982068399134137,0.0002
7.120833333333334,0.9980356795463949,0.0002
7.122222222222223,0.9985402094215508,0.0002
7.123611111111112,0.9980380849054031,0.0002
7.125,0.9979098820844478,0.0002
7.126388888888889,0.9983210019659877,0.0002
7.127777777777778,0.9977213013147713,0.0002
7.129166666666667,0.9984509976935004,0.0002
7.1305555555555555,0.998111454683039,0.0002
7.131944444444445,0.9977819701886429,0.0002
7.133333333333334,0.9978638164841537,0.0002
7.134722222222223,0.9977464608989879,0.0002
7.136111111111111,0.9981717998005674,0.0002
7.1375,0.997804194716512,0.0002
7.138888888888889,0.998192284782637,0.0002
7.140277777777778,0.9980234765320051,0.0002
7.141666666666667,0.9978593058402909,0.0002
7.143055555555556,0.9980350762899118,0.0002
7.144444444444445,0.9981081034596957,0.0002
7.145833333333334,0.99813674934939,0.0002
7.147222222222222,0.9977869440280488,0.0002
7.148611111111111,0.9979810436568015,0.0002
7.15,0.9978261628111602,0.0002
7.1513888888888895,0.9979868711619325,0.0002
7.152777777777778,0.9977400564545762,0.0002
7.154166666666667,0.9978861244371526,0.0002
7.155555555555556,0.9978842801254221,0.0002
7.156944444444445,0.9980298206239763,0.0002
7.158333333333333,0.9980344792642875,0.0002
7.159722222222222,0.9981662438504811,0.0002
7.161111111111111,0.9980045222955758,0.0002
7.1625000000000005,0.9978813475698824,0.0002
7.163888888888889,0.9980590668366454,0.0002
7.165277777777778,0.9978098090425828,0.0002
7.166666666666667,0.9980113901044732,0.0002
7.168055555555556,0.9978390090945213,0.0002
7.169444444444444,0.9978704332964149,0.0002
7.170833333333333,0.9979482945879484,0.0002
7.1722222222222225,0.9982336362427332,0.0002
7.173611111111112,0.9979493038769768,0.0002
7.175000000000001,0.9978567347465402,0.0002
7.176388888888889,0.9976183967449526,0.0002
7.177777777777778,0.9978682144598122,0.0002
7.179166666666667,0.9977011351710804,0.0002
7.180555555555556,0.9975529623346122,0.0002
7.1819444444444445,0.9978531797691178,0.0002
7.183333333333334,0.9979272708055343,0.0002
7.184722222222223,0.9977065372135318,0.0002
7.186111111111112,0.9978039403075297,0.0002
7.1875,0.9979082785821081,0.0002
7.188888888888889,0.9979037419524719,0.0002
7.190277777777778,0.9982593594948077,0.0002
7.191666666666667,0.9978146299583336,0.0002
7.1930555555555555,0.9984051543874816,0.0002
7.194444444444445,0.9979623638923634,0.0002
7.195833333333334,0.9980553827706193,0.0002
7.197222222222223,0.997962217937587,0.0002
7.198611111111111,0.997589648683871,0.0002
7.2,0.9978612210596218,0.0002
7.201388888888889,0.9979194164312001,0.0002
7.202777777777778,0.9982343786292707,0.0002
7.204166666666667,0.9977878127436551,0.0002
7.205555555555556,0.9978943535256563,0.0002
7.206944444444445,0.9981043944416383,0.0002
7.208333333333334,0.9981192104692566,0.0002
7.209722222222222,0.9981189569449963,0.0002
7.211111111111111,0.9978578600434098,0.0002
7.2125,0.9977509125973957,0.0002
7.2138888888888895,0.9982052358414106,0.0002
7.215277777777778,0.9984493908315948,0.0002
7.216666666666667,0.9981373126727752,0.0002
7.218055555555556,0.997981519275513,0.0002
7.219444444444445,0.9980718379797048,0.0002
7.220833333333333,0.9982100991949341,0.0002
7.222222222222222,0.9980755005691321,0.0002
7.223611111111111,0.998415952405201,0.0002
7.2250000000000005,0.9982985435212587,0.0002
7.226388888888889,0.9981085898482129,0.0002
7.227777777777778,0.9976275291192013,0.0002
7.229166666666667,0.9978055100049735,0.0002
7.230555555555556,0.9978245884128342,0.0002
7.231944444444444,0.9977187606346776,0.0002
7.233333333333333,0.997861577883773,0.0002
7.2347222222222225,0.997848734573847,0.0002
7.236111111111112,0.9974116845914711,0.0002
7.237500000000001,0.9979257914483975,0.0002
7.238888888888889,0.9978029097056869,0.0002
7.240277777777778,0.9978471596819495,0.0002
7.241666666666667,0.9979056833685188,0.0002
7.243055555555556,0.9976288869972316,0.0002
7.2444444444444445,0.9980025068370841,0.0002
7.245833333333334,0.9976876895943142,0.0002
7.247222222222223,0.9980742146859095,0.0002
7.248611111111112,0.9976342982566468,0.0002
7.25,0.9981291968124733,0.0002
7.251388888888889,0.9977039896636459,0.0002
7.252777777777778,0.9983052926385316,0.0002
7.254166666666667,0.9976679695316356,0.0002
7.2555555555555555,0.9980885358737485,0.0002
7.256944444444445,0.9978518471962328,0.0002
7.258333333333334,0.9980859586022914,0.0002
7.259722222222223,0.9979380338134578,0.0002
7.261111111111111,0.9977162802128225,0.0002
7.2625,0.9973928701660031,0.0002
7.263888888888889,0.9984404746890981,0.0002
7.265277777777778,0.9979941206154371,0.0002
7.266666666666667,0.9973193501987263,0.0002
7.268055555555556,0.9979448324819267,0.0002
7.269444444444445,0.998116518735252,0.0002
7.270833333333334,0.9978079509442683,0.0002
7.272222222222222,0.9977993527499333,0.0002
7.273611111111111,0.9978977334966683,0.0002
7.275,0.9981585175615503,0.0002
7.2763888888888895,0.9979053564426451,0.0002
7.277777777777778,0.9981705182703114,0.0002
7.279166666666667,0.9981438355947583,0.0002
7.280555555555556,0.997840912001042,0.0002
7.281944444444445,0.997609529049302,0.0002
7.283333333333333,0.9979167814678093,0.0002
7.284722222222222,0.9981164961556594,0.0002
7.286111111111111,0.9980305122034581,0.0002
7.2875000000000005,0.99829424392771,0.0002
7.288888888888889,0.9983890127232585,0.0002
7.290277777777778,0.9983381511563933,0.0002
7.291666666666667,0.9981377610297141,0.0002
7.293055555555556,0.9982932107987421,0.0002
7.294444444444444,0.9987022566280599,0.0002
7.295833333333333,0.9980360026428711,0.0002
7.2972222222222225,0.9984996677425957,0.0002
7.298611111111112,0.9988051811195766,0.0002
7.300000000000001,0.9981472855622125,0.0002
7.301388888888889,0.9986054030331665,0.0002
7.302777777777778,0.9985762157405803,0.0002
7.304166666666667,0.9979867893621259,0.0002
7.305555555555556,0.9984363395730251,0.0002
7.3069444444444445,0.998264268894788,0.0002
7.308333333333334,0.9983484449845723,0.0002
7.309722222222223,0.9983189878446677,0.0002
7.311111111111112,0.9986715224469846,0.0002
7.3125,0.9983423642007948,0.0002
7.313888888888889,0.9982680921658826,0.0002
7.315277777777778,0.9982034642698308,0.0002
7.316666666666667,0.9981339118876797,0.0002
7.3180555555555555,0.9980208326748479,0.0002
7.319444444444445,0.9981087617900078,0.0002
7.320833333333334,0.998267368900256,0.0002
7.322222222222223,0.9983761013165259,0.0002
7.323611111111111,0.99850856061224,0.0002
7.325,0.9983436880173245,0.0002
7.326388888888889,0.9981712166791564,0.0002
7.327777777777778,0.9979804722080384,0.0002
7.329166666666667,0.9982480457159311,0.0002
7.330555555555556,0.9981450249671514,0.0002
7.331944444444445,0.9981324008210486,0.0002
7.333333333333334,0.9982927675957114,0.0002
7.334722222222222,0.9982753246080932,0.0002
7.336111111111111,0.9982437117451101,0.0002
7.3375,0.9981111029359612,0.0002
7.3388888888888895,0.9980272353750492,0.0002
7.340277777777778,0.9980794120102958,0.0002
7.341666666666667,0.998389763772396,0.0002
7.343055555555556,0.9980931002595611,0.0002
7.344444444444445,0.9978745162963849,0.0002
7.345833333333333,0.9984188121854242,0.0002
7.347222222222222,0.9980800675379075,0.0002
7.348611111111111,0.9982983119503328,0.0002
7.3500000000000005,0.998349334061313,0.0002
7.351388888888889,0.9982680213830264,0.0002
7.352777777777778,0.9978833248732691,0.0002
7.354166666666667,0.998462474221378,0.0002
7.355555555555556,0.9987171252316346,0.0002
7.356944444444444,0.9985760721682345,0.0002
7.358333333333333,0.9979927782976381,0.0002
7.3597222222222225,0.9988720310007093,0.0002
7.361111111111112,0.99820026211009,0.0002
7.362500000000001,0.998215486210567,0.0002
7.363888888888889,0.998551331066993,0.0002
7.365277777777778,0.9985313651078457,0.0002
7.366666666666667,0.9985119595427818,0.0002
7.368055555555556,0.998451711079254,0.0002
7.3694444444444445,0.9989147463260918,0.0002
7.370833333333334,0.9986474784117648,0.0002
7.372222222222223,0.9983286016121365,0.0002
7.373611111111112,0.998950503417369,0.0002
7.375,0.9987810397453161,0.0002
7.376388888888889,0.9989159362265052,0.0002
7.377777777777778,0.9987608817138152,0.0002
7.379166666666667,0.9991477713154046,0.0002
7.3805555555555555,0.9985999789945135,0.0002
7.381944444444445,0.9986646049330157,0.0002
7.383333333333334,0.9988549148953312,0.0002
7.384722222222223,0.9986854240832613,0.0002
7.386111111111111,0.9989679765020395,0.0002
7.3875,0.9981303765722186,0.0002
7.388888888888889,0.9987174583576809,0.0002
7.390277777777778,0.9987437041187719,0.0002
7.391666666666667,0.9986673688532914,0.0002
7.393055555555556,0.9984905455934694,0.0002
7.394444444444445,0.9988094191874713,0.0002
7.395833333333334,0.9985289307553692,0.0002
7.397222222222222,0.9987447926282974,0.0002
7.398611111111111,0.9987902013276393,0.0002
7.4,0.9988611050492654,0.0002
7.4013888888888895,0.9990718262089062,0.0002
7.402777777777778,0.998850716509316,0.0002
7.404166666666667,0.9989982136772718,0.0002
7.405555555555556,0.9988776565089201,0.0002
7.406944444444445,0.9987618744061836,0.0002
7.408333333333333,0.9989122996279167,0.0002
7.409722222222222,0.9989347018387923,0.0002
7.411111111111111,0.9990571315884196,0.0002
7.4125000000000005,0.9990016297044888,0.0002
7.413888888888889,0.9988626400128245,0.0002
7.415277777777778,0.9989919262810155,0.0002
7.416666666666667,0.9987832117084056,0.0002
7.418055555555556,0.9990604787313248,0.0002
7.419444444444444,0.9991072262566638,0.0002
7.420833333333333,0.9994746006372591,0.0002
7.4222222222222225,0.9992909135058753,0.0002
7.423611111111112,0.9988111923882259,0.0002
7.425000000000001,0.9990283214456358,0.0002
7.426388888888889,0.9989781568894358,0.0002
7.427777777777778,0.9989541391557016,0.0002
7.429166666666667,0.9989903601652468,0.0002
7.430555555555556,0.9989519985274744,0.0002
7.4319444444444445,0.9993720088199023,0.0002
7.433333333333334,0.9989282094015874,0.0002
7.434722222222223,0.9991253334250958,0.0002
7.436111111111112,0.9985140394569205,0.0002
7.4375,0.9991847924975317,0.0002
7.438888888888889,0.9992969958081797,0.0002
7.440277777777778,0.9987618283519872,0.0002
7.441666666666667,0.9988677056351095,0.0002
7.4430555555555555,0.9990412705464743,0.0002
7.444444444444445,0.9989492404754319,0.0002
7.445833333333334,0.99901621959899,0.0002
7.447222222222223,0.9988722762100735,0.0002
7.448611111111111,0.9993906537316504,0.0002
7.45,0.9988697256032159,0.0002
7.451388888888889,0.9995557613711831,0.0002
7.452777777777778,0.9993573122217975,0.0002
7.454166666666667,0.9992506640824577,0.0002
7.455555555555556,0.9989593784115691,0.0002
7.456944444444445,0.9993500386593761,0.0002
7.458333333333334,0.9993705881574478,0.0002
7.459722222222222,0.9988604595400662,0.0002
7.461111111111111,0.9990178070579289,0.0002
7.4625,0.9993675823691032,0.0002
7.4638888888888895,0.9992412457913654,0.0002
7.465277777777778,0.9991684075423742,0.0002
7.466666666666667,0.9995287793996691,0.0002
7.468055555555556,0.999135953376163,0.0002
7.469444444444445,0.9992075307187327,0.0002
7.470833333333333,0.999158053651478,0.0002
7.472222222222222,0.999435112932416,0.0002
7.473611111111111,0.999045403900782,0.0002
7.4750000000000005,0.9992595997705241,0.0002
7.476388888888889,0.9989843680670096,0.0002
7.477777777777778,0.999283967907937,0.0002
7.479166666666667,0.9995611611058365,0.0002
7.480555555555556,0.9996172956116525,0.0002
7.481944444444444,0.9992667166181071,0.0002
7.483333333333333,0.999507122150883,0.0002
7.4847222222222225,0.9993212363613997,0.0002
7.486111111111112,0.9996185756750386,0.0002
7.487500000000001,0.999393882663663,0.0002
7.488888888888889,0.9987606167665962,0.0002
7.490277777777778,0.9994605872258954,0.0002
7.491666666666667,0.9991523542788211,0.0002
7.493055555555556,0.9992027948064444,0.0002
7.4944444444444445,0.9993534899934624,0.0002
7.495833333333334,0.9990216561310703,0.0002
7.497222222222223,0.9993754994057947,0.0002
7.498611111111112,0.9993873091995902,0.0002
7.5,0.9994077830458997,0.0002
7.501388888888889,0.9992012499303142,0.0002
7.502777777777778,0.9995531171028773,0.0002
7.504166666666667,0.999095138337148,0.0002
7.5055555555555555,0.9991700858705116,0.0002
7.506944444444445,0.9992790978752203,0.0002
7.508333333333334,0.9994184532853932,0.0002
7.509722222222223,0.9992224075769706,0.0002
7.511111111111111,0.9995347668207823,0.0002
7.5125,0.9992989132278601,0.0002
7.513888888888889,0.9992784067072767,0.0002
7.515277777777778,0.9993511100526439,0.0002
7.516666666666667,0.9995047258482171,0.0002
7.518055555555556,0.9993821817372083,0.0002
7.519444444444445,0.9990147437518654,0.0002
7.520833333333334,0.9996569394126218,0.0002
7.522222222222222,0.9993882460653085,0.0002
7.523611111111111,0.9995295189427188,0.0002
7.525,0.9993553805661958,0.0002
7.5263888888888895,0.9990596802926169,0.0002
7.527777777777778,0.9989142565991156,0.0002
7.529166666666667,0.999224486430407,0.0002
7.530555555555556,0.9994623531996197,0.0002
7.531944444444445,0.9996106305747621,0.0002
7.533333333333333,0.9994099160175584,0.0002
7.534722222222222,0.9991720295039063,0.0002
7.536111111111111,0.9991973409148791,0.0002
7.5375000000000005,0.9995953816957381,0.0002
7.538888888888889,0.9990658959594538,0.0002
7.540277777777778,0.999794642324257,0.0002
7.541666666666667,0.9998541680343465,0.0002
7.543055555555556,0.9998373552455504,0.0002
7.544444444444445,0.9995012140207397,0.0002
7.545833333333333,0.9993074530334619,0.0002
7.5472222222222225,0.999493807580251,0.0002
7.548611111111112,0.9995616940114812,0.0002
7.550000000000001,0.9992193226107746,0.0002
7.551388888888889,0.9991026480553403,0.0002
7.552777777777778,0.9992629376241342,0.0002
7.554166666666667,0.9991803267071052,0.0002
7.555555555555556,0.9996053461928651,0.0002
7.5569444444444445,0.9992339173421652,0.0002
7.558333333333334,0.9993159421662109,0.0002
7.559722222222223,0.9995269585037223,0.0002
7.561111111111112,0.9995842121510884,0.0002
7.5625,0.9994232798954645,0.0002
7.563888888888889,0.9994264172996499,0.0002
7.565277777777778,0.9990733444124907,0.0002
7.566666666666667,0.999480135923299,0.0002
7.5680555555555555,0.9995877027568391,0.0002
7.569444444444445,0.9989685795636483,0.0002
7.570833333333334,0.9996864320719013,0.0002
7.572222222222223,0.9991543028185623,0.0002
7.573611111111111,0.9994938995916053,0.0002
7.575,0.9993437912185636,0.0002
7.576388888888889,0.9992834127106801,0.0002
7.577777777777778,0.9992805227324764,0.0002
7.579166666666667,0.9990389317980217,0.0002
7.580555555555556,0.9994007263938057,0.0002
7.581944444444445,0.9992675615202474,0.0002
7.583333333333334,0.9991042331197415,0.0002
7.584722222222222,0.9991848785865177,0.0002
7.586111111111111,0.9991263191968554,0.0002
7.5875,0.9992316604376489,0.0002
7.5888888888888895,0.9994275134176621,0.0002
7.590277777777778,0.9991440768889054,0.0002
7.591666666666667,0.9995039038672671,0.0002
7.593055555555556,0.9993221083489534,0.0002
7.594444444444445,0.9993557641736924,0.0002
7.595833333333333,0.9994342345082362,0.0002
7.597222222222222,0.9997523669597709,0.0002
7.598611111111111,0.9991857524038357,0.0002
7.6000000000000005,0.9997697182568821,0.0002
7.601388888888889,0.9996523518647177,0.0002
7.602777777777778,0.9994386024280458,0.0002
7.604166666666667,0.9996920804558574,0.0002
7.605555555555556,0.999342807419914,0.0002
7.606944444444445,0.9994244806981888,0.0002
7.608333333333333,0.9992883505713912,0.0002
7.6097222222222225,0.9996306700903944,0.0002
7.611111111111112,0.9992512059197297,0.0002
7.612500000000001,0.9994132667265327,0.0002
7.613888888888889,0.999535324547891,0.0002
7.615277777777778,0.9996101658393499,0.0002
7.616666666666667,0.9993012337720797,0.0002
7.618055555555556,0.9996531878913012,0.0002
7.6194444444444445,0.9993427114837229,0.0002
7.620833333333334,0.9991963594588483,0.0002
7.622222222222223,0.9994448656916889,0.0002
7.623611111111112,0.9997166096985333,0.0002
7.625,0.999514490168634,0.0002
7.626388888888889,0.9993985438979868,0.0002
7.627777777777778,0.9994094228512775,0.0002
7.629166666666667,0.9993936200397715,0.0002
7.6305555555555555,0.9994889521681186,0.0002
7.631944444444445,0.9990782898808241,0.0002
7.633333333333334,0.9993965206428492,0.0002
7.634722222222223,0.9994147049586006,0.0002
7.636111111111111,0.9991439795563696,0.0002
7.6375,0.9991745115758409,0.0002
7.638888888888889,0.9993425697582902,0.0002
7.640277777777778,0.999394988665271,0.0002
7.641666666666667,0.9992944238755676,0.0002
7.643055555555556,0.9991313026014951,0.0002
7.644444444444445,0.999089574858259,0.0002
7.645833333333334,0.9991337570360332,0.0002
7.647222222222222,0.9992297203846539,0.0002
7.648611111111111,0.9993958940509213,0.0002
7.65,0.9986473698082453,0.0002
7.6513888888888895,0.9992242785754185,0.0002
7.652777777777778,0.9990972911649183,0.0002
7.654166666666667,0.9992434346190175,0.0002
7.655555555555556,0.9993763617529768,0.0002
7.656944444444445,0.9989183025144368,0.0002
7.658333333333333,0.9992303290973302,0.0002
7.659722222222222,0.9987725166325205,0.0002
7.661111111111111,0.9990308935434425,0.0002
7.6625000000000005,0.9989607523282227,0.0002
7.663888888888889,0.99908402185247,0.0002
7.665277777777778,0.998914445724407,0.0002
7.666666666666667,0.9991549767897168,0.0002
7.668055555555556,0.9994162466651044,0.0002
7.669444444444445,0.9989342537828878,0.0002
7.670833333333333,0.9991301743191163,0.0002
7.6722222222222225,0.9993025762826766,0.0002
7.673611111111112,0.9990651370843392,0.0002
7.675000000000001,0.9993326286679391,0.0002
7.676388888888889,0.9989958195033296,0.0002
7.677777777777778,0.9990688238601821,0.0002
7.679166666666667,0.9988834825869388,0.0002
7.680555555555556,0.9991061472507884,0.0002
7.6819444444444445,0.9990490451966973,0.0002
7.683333333333334,0.9992039033661846,0.0002
7.684722222222223,0.9989479264711427,0.0002
7.686111111111112,0.998946792175575,0.0002
7.6875,0.9991924115256167,0.0002
7.688888888888889,0.9993270806249493,0.0002
7.690277777777778,0.999133076578842,0.0002
7.691666666666667,0.9992763701101429,0.0002
7.6930555555555555,0.9990442259818672,0.0002
7.694444444444445,0.9989822000905738,0.0002
7.695833333333334,0.9990207688129834,0.0002
7.697222222222223,0.9991999898130934,0.0002
7.698611111111111,0.999177864882996,0.0002
7.7,0.9986589274332744,0.0002
7.701388888888889,0.9990335662332073,0.0002
7.702777777777778,0.9990032624649416,0.0002
7.704166666666667,0.9989900993631353,0.0002
7.705555555555556,0.998719824509382,0.0002
7.706944444444445,0.9987822073915944,0.0002
7.708333333333334,0.9989719012149093,0.0002
7.709722222222222,0.9987851113279038,0.0002
7.711111111111111,0.9990024940251615,0.0002
7.7125,0.999240122096113,0.0002
7.7138888888888895,0.998952601887645,0.0002
7.715277777777778,0.9990780252336139,0.0002
7.716666666666667,0.9988552673226864,0.0002
7.718055555555556,0.999140680374741,0.0002
7.719444444444445,0.9992055094345256,0.0002
7.720833333333333,0.9987932798832867,0.0002
7.722222222222222,0.998866618213731,0.0002
7.723611111111111,0.9988381601968062,0.0002
7.7250000000000005,0.9993074497633635,0.0002
7.726388888888889,0.9992591929472634,0.0002
7.727777777777778,0.9991563896368679,0.0002
7.729166666666667,0.9991057783566529,0.0002
7.730555555555556,0.9992196363251842,0.0002
7.731944444444445,0.9992852297233362,0.0002
7.733333333333333,0.9990625586823713,0.0002
7.7347222222222225,0.9990292691668549,0.0002
7.736111111111112,0.9991539209236333,0.0002
7.737500000000001,0.9991676124280544,0.0002
7.738888888888889,0.999602384021258,0.0002
7.740277777777778,0.999042481911383,0.0002
7.741666666666667,0.9992059486611004,0.0002
7.743055555555556,0.9992929230372668,0.0002
7.7444444444444445,0.999476444109013,0.0002
7.745833333333334,0.9990529666257308,0.0002
7.747222222222223,0.9994618439073694,0.0002
7.748611111111112,0.999126213192663,0.0002
7.75,0.9997031910116675,0.0002
7.751388888888889,0.9992934939331664,0.0002
7.752777777777778,0.9989979252222912,0.0002
7.754166666666667,0.9992731753611733,0.0002
7.7555555555555555,0.9995320435288056,0.0002
7.756944444444445,0.9992562475793689,0.0002
7.758333333333334,0.9992355730352579,0.0002
7.759722222222223,0.9993658945531142,0.0002
7.761111111111111,0.9991891924960938,0.0002
7.7625,0.9992078371637636,0.0002
7.763888888888889,0.9990161038136983,0.0002
7.765277777777778,0.9995541721820553,0.0002
7.766666666666667,0.9989720252291675,0.0002
7.768055555555556,0.9992934557730763,0.0002
7.769444444444445,0.9993738222586628,0.0002
7.770833333333334,0.9992964928639135,0.0002
7.772222222222222,0.9990633907523927,0.0002
7.773611111111111,0.9991061387943578,0.0002
7.775,0.9993780330410741,0.0002
7.7763888888888895,0.9991310706022548,0.0002
7.777777777777778,0.9988577715374322,0.0002
7.779166666666667,0.999427019171204,0.0002
7.780555555555556,0.9992366732428486,0.0002
7.781944444444445,0.9995665670531486,0.0002
7.783333333333333,0.9994175285638045,0.0002
7.784722222222222,0.9993096219672862,0.0002
7.786111111111111,0.998503364589912,0.0002
7.7875000000000005,0.9970041925998449,0.0002
7.788888888888889,0.9955654351699873,0.0002
7.790277777777778,0.9940798185376601,0.0002
7.791666666666667,0.9923879360603993,0.0002
7.793055555555556,0.9916686075780208,0.0002
7.794444444444445,0.9909998913383061,0.0002
7.795833333333333,0.9904109018581819,0.0002
7.7972222222222225,0.9903849265063327,0.0002
7.798611111111112,0.9903243051901935,0.0002
7.800000000000001,0.990001684466129,0.0002
7.801388888888889,0.9899960183674947,0.0002
7.802777777777778,0.9898771203919268,0.0002
7.804166666666667,0.9901125115373719,0.0002
7.805555555555556,0.9897670483815769,0.0002
7.8069444444444445,0.9892204917119074,0.0002
7.808333333333334,0.9893919015445364,0.0002
7.809722222222223,0.9893581866485897,0.0002
7.811111111111112,0.9893769431509936,0.0002
7.8125,0.9889879875798121,0.0002
7.813888888888889,0.9890659262628868,0.0002
7.815277777777778,0.988890075586027,0.0002
7.816666666666667,0.9887750548806543,0.0002
7.8180555555555555,0.9887734355295097,0.0002
7.819444444444445,0.9888761760410447,0.0002
7.820833333333334,0.9885820153932937,0.0002
7.822222222222223,0.9890596843961662,0.0002
7.823611111111111,0.9888123631517154,0.0002
7.825,0.988454605706698,0.0002
7.826388888888889,0.9887373839233373,0.0002
7.827777777777778,0.9883052785698662,0.0002
7.829166666666667,0.9889031440145074,0.0002
7.830555555555556,0.9890095934205159,0.0002
7.831944444444445,0.9886960649600856,0.0002
7.833333333333334,0.9885710343465373,0.0002
7.834722222222222,0.9886020726570575,0.0002
7.836111111111111,0.9885762141818479,0.0002
7.8375,0.9886971885470075,0.0002
7.8388888888888895,0.9890964163567054,0.0002
7.840277777777778,0.9890938309866705,0.0002
7.841666666666667,0.9890414480766253,0.0002
7.843055555555556,0.9888525333605676,0.0002
7.844444444444445,0.9885947215421507,0.0002
7.845833333333333,0.9886508176644259,0.0002
7.847222222222222,0.9888769249998774,0.0002
7.848611111111111,0.9887075211407969,0.0002
7.8500000000000005,0.9890171087556338,0.0002
7.851388888888889,0.98923449977804,0.0002
7.852777777777778,0.9893016759975051,0.0002
7.854166666666667,0.9893720668454251,0.0002
7.855555555555556,0.9890059708744405,0.0002
7.856944444444445,0.9896885549383305,0.0002
7.858333333333333,0.989241463867281,0.0002
7.8597222222222225,0.9896933692602166,0.0002
7.861111111111112,0.9900489254609601,0.0002
7.862500000000001,0.9902391129209256,0.0002
7.863888888888889,0.990189023406727,0.0002
7.865277777777778,0.9905370570802903,0.0002
7.866666666666667,0.9912480984641481,0.0002
7.868055555555556,0.9923957026946199,0.0002
7.8694444444444445,0.9935876458280994,0.0002
7.870833333333334,0.995512922262046,0.0002
7.872222222222223,0.9966438981186097,0.0002
7.873611111111112,0.9983217052302066,0.0002
7.875,0.998901882860692,0.0002
7.876388888888889,0.999208094916038,0.0002
7.877777777777778,0.9991925077120053,0.0002
7.879166666666667,0.9994437737549232,0.0002
7.8805555555555555,0.999246563745145,0.0002
7.881944444444445,0.9990637143788496,0.0002
7.883333333333334,0.9992326441200348,0.0002
7.884722222222223,0.9995144938731356,0.0002
7.886111111111111,0.9992519314998803,0.0002
7.8875,0.999103054447078,0.0002
7.888888888888889,0.9989873479229275,0.0002
7.890277777777778,0.9990069117967372,0.0002
7.891666666666667,0.9993531032769939,0.0002
7.893055555555556,0.9990229780618459,0.0002
7.894444444444445,0.9991611126857314,0.0002
7.895833333333334,0.999403142441838,0.0002
7.897222222222222,0.9990669824277099,0.0002
7.898611111111111,0.9988914617477962,0.0002
7.9,0.9996058367682228,0.0002
7.9013888888888895,0.9995505546976493,0.0002
7.902777777777778,0.999257780324787,0.0002
7.904166666666667,0.9994957395776352,0.0002
7.905555555555556,0.9991714940626996,0.0002
7.906944444444445,0.9993578632074831,0.0002
7.908333333333333,0.9991942150502378,0.0002
7.909722222222222,0.9990382418153666,0.0002
7.911111111111111,0.9999284719283522,0.0002
7.9125000000000005,0.9991404027759744,0.0002
7.913888888888889,0.9994633719805456,0.0002
7.915277777777778,0.9994333931363084,0.0002
7.916666666666667,0.9993954236924301,0.0002
7.918055555555556,0.9992619001651227,0.0002
7.919444444444445,0.9993165515895506,0.0002
7.920833333333333,0.9993877194962306,0.0002
7.9222222222222225,0.9994572337712608,0.0002
7.923611111111112,0.999315790620771,0.0002
7.925000000000001,0.99931315107858,0.0002
7.926388888888889,0.999109130613352,0.0002
7.927777777777778,0.9997960341477181,0.0002
7.929166666666667,0.9995083269224844,0.0002
7.930555555555556,0.9994068780539864,0.0002
7.9319444444444445,0.9992800692044,0.0002
7.933333333333334,0.999061597082272,0.0002
7.934722222222223,0.9994521290416347,0.0002
7.936111111111112,0.9993657839291141,0.0002
7.9375,0.9994534164980615,0.0002
7.938888888888889,0.9990480696282384,0.0002
7.940277777777778,0.9996278250580929,0.0002
7.941666666666667,0.9994779360002399,0.0002
7.9430555555555555,0.9993290659045668,0.0002
7.944444444444445,0.9994606659175229,0.0002
7.945833333333334,0.9995225845485788,0.0002
7.947222222222223,0.9991436590618596,0.0002
7.948611111111111,0.9997476575315768,0.0002
7.95,0.999654123171198,0.0002
7.951388888888889,0.9994237617532373,0.0002
7.952777777777778,0.9993543767197187,0.0002
7.954166666666667,0.9996932581578617,0.0002
7.955555555555556,0.9995135045435886,0.0002
7.956944444444445,0.9996203958753199,0.0002
7.958333333333334,0.9994684881029828,0.0002
7.959722222222222,0.9991643991664197,0.0002
7.961111111111111,0.999468440051137,0.0002
7.9625,0.9993900537448894,0.0002
7.9638888888888895,0.9994274205604153,0.0002
7.965277777777778,0.9998920839723732,0.0002
7.966666666666667,0.9995059589020391,0.0002
7.968055555555556,0.9995384448816016,0.0002
7.969444444444445,0.9999276719060217,0.0002
7.970833333333333,0.9993794616058432,0.0002
7.972222222222222,0.9993785832587363,0.0002
7.973611111111111,0.9992540399601941,0.0002
7.9750000000000005,0.9993513244093525,0.0002
7.976388888888889,0.9990593003682186,0.0002
7.977777777777778,0.9996568811866539,0.0002
7.979166666666667,0.9992694063522205,0.0002
7.980555555555556,0.9997431896098027,0.0002
7.981944444444445,0.9994712443014139,0.0002
7.983333333333333,0.9994372041830313,0.0002
7.9847222222222225,0.9993698049660137,0.0002
7.986111111111112,0.9996498571235359,0.0002
7.987500000000001,0.9996325329315021,0.0002
7.988888888888889,0.9993999644144546,0.0002
7.990277777777778,0.999277193806098,0.0002
7.991666666666667,0.9996944330419185,0.0002
7.993055555555556,0.9992751576508052,0.0002
7.9944444444444445,0.9991702326063617,0.0002
7.995833333333334,0.9995424258831407,0.0002
7.997222222222223,0.999678121543595,0.0002
7.998611111111112,0.999368352606047,0.0002
8.0,0.9993749783399523,0.0002
8.00138888888889,0.9993212990394726,0.0002
8.002777777777778,0.9995749550503016,0.0002
8.004166666666666,0.9996226421707787,0.0002
8.005555555555556,0.9994392908520423,0.0002
8.006944444444445,0.9992707241364956,0.0002
8.008333333333333,0.9991911283255335,0.0002
8.009722222222223,0.9996456830970598,0.0002
8.011111111111111,0.9993088671171226,0.0002
8.012500000000001,0.9996060091799917,0.0002
8.01388888888889,0.999694123950504,0.0002
8.015277777777778,0.999493527873446,0.0002
8.016666666666667,0.9995874357554235,0.0002
8.018055555555556,0.9998181821220629,0.0002
8.019444444444444,0.9995075817653798,0.0002
8.020833333333334,0.9996032698667446,0.0002
8.022222222222222,0.9997529177448669,0.0002
8.023611111111112,1.0000607992982027,0.0002
8.025,1.0001352393640426,0.0002
8.026388888888889,0.9998532218589096,0.0002
8.027777777777779,0.9997032697500724,0.0002
8.029166666666667,1.000045887959827,0.0002
8.030555555555555,0.9994291250793821,0.0002
8.031944444444445,0.999758592648801,0.0002
8.033333333333333,0.9996767936591753,0.0002
8.034722222222223,0.9999419349073577,0.0002
8.036111111111111,1.000043048242578,0.0002
8.0375,0.9996001069868999,0.0002
8.03888888888889,0.9997806252844023,0.0002
8.040277777777778,0.9995998659488602,0.0002
8.041666666666668,0.9997181876062909,0.0002
8.043055555555556,0.9999518445137611,0.0002
8.044444444444444,0.9997627521401525,0.0002
8.045833333333334,0.9998484010632719,0.0002
8.047222222222222,1.0000524925661873,0.0002
8.04861111111111,1.0001188063174493,0.0002
8.05,0.999891484788175,0.0002
8.051388888888889,0.9999610869997542,0.0002
8.052777777777779,0.9997254757915673,0.0002
8.054166666666667,1.0002287247022004,0.0002
8.055555555555555,1.0000294725055678,0.0002
8.056944444444445,0.9999361616631839,0.0002
8.058333333333334,0.9998623509767851,0.0002
8.059722222222222,0.9999495337768117,0.0002
8.061111111111112,1.0000828280428145,0.0002
8.0625,1.0000934255601281,0.0002
8.06388888888889,1.0002193011038027,0.0002
8.065277777777778,0.9999018469383449,0.0002
8.066666666666666,1.0001973753684814,0.0002
8.068055555555556,1.0000324882658551,0.0002
8.069444444444445,0.9997628637737515,0.0002
8.070833333333333,0.9995278648055528,0.0002
8.072222222222223,0.9998998036426069,0.0002
8.073611111111111,1.0002205611439445,0.0002
8.075000000000001,0.999794167296423,0.0002
8.07638888888889,1.0000009206382605,0.0002
8.077777777777778,0.9999986276587771,0.0002
8.079166666666667,1.0001664625141544,0.0002
8.080555555555556,0.9998882083883657,0.0002
8.081944444444444,0.9998119181945373,0.0002
8.083333333333334,1.0001153943237082,0.0002
8.084722222222222,0.9998352539153589,0.0002
8.086111111111112,0.9995561778203801,0.0002
8.0875,1.0002980620196196,0.0002
8.088888888888889,1.0001061047467557,0.0002
8.090277777777779,1.0002111495521384,0.0002
8.091666666666667,1.000032517282056,0.0002
8.093055555555555,1.0000379050134178,0.0002
8.094444444444445,1.0000911610410785,0.0002
8.095833333333333,0.9999621887630433,0.0002
8.097222222222223,1.0000772329852912,0.0002
8.098611111111111,0.9998135506397333,0.0002
8.1,0.999719907340451,0.0002
8.10138888888889,0.9998765710563565,0.0002
8.102777777777778,1.0001643191815444,0.0002
8.104166666666668,0.9996516003124363,0.0002
8.105555555555556,0.9995645330766976,0.0002
8.106944444444444,0.9999684605176927,0.0002
8.108333333333334,0.9997320838872242,0.0002
8.109722222222222,0.9999107027466652,0.0002
8.11111111111111,0.9999465572221607,0.0002
8.1125,0.9998144340693667,0.0002
8.113888888888889,0.999583048493331,0.0002
8.115277777777779,0.9999657035964666,0.0002
8.116666666666667,0.9998795676339041,0.0002
8.118055555555555,0.9998023023988214,0.0002
8.119444444444445,0.9998261500400666,0.0002
8.120833333333334,0.9999492500183665,0.0002
8.122222222222222,0.9998781029253315,0.0002
8.123611111111112,0.9996402837365082,0.0002
8.125,1.0001148966601245,0.0002
8.12638888888889,1.000149078763557,0.0002
8.127777777777778,0.9995996765217111,0.0002
8.129166666666666,1.0001915932168475,0.0002
8.130555555555556,1.0003743342937397,0.0002
8.131944444444445,0.9997591009155022,0.0002
8.133333333333333,0.9999574350300885,0.0002
8.134722222222223,0.9999712861749007,0.0002
8.136111111111111,1.0003387873678726,0.0002
8.137500000000001,1.0002827699932557,0.0002
8.13888888888889,0.9999428884112953,0.0002
8.140277777777778,1.000241662189141,0.0002
8.141666666666667,1.0006887051384021,0.0002
8.143055555555556,1.0000558023969004,0.0002
8.144444444444444,1.0002004536590714,0.0002
8.145833333333334,1.0002775687005274,0.0002
8.147222222222222,0.9999775235759322,0.0002
8.148611111111112,1.0004390108675172,0.0002
8.15,1.0000522483127372,0.0002
8.151388888888889,0.9998899320403308,0.0002
8.152777777777779,1.0001547436798417,0.0002
8.154166666666667,1.0003983114228345,0.0002
8.155555555555555,1.000219649211619,0.0002
8.156944444444445,1.0004476491837642,0.0002
8.158333333333333,1.0005005660149102,0.0002
8.159722222222223,1.0000877071185703,0.0002
8.161111111111111,1.0002672792657819,0.0002
8.1625,1.0004267245194742,0.0002
8.16388888888889,1.000467720858442,0.0002
8.165277777777778,1.000277796530637,0.0002
8.166666666666668,1.000468582496233,0.0002
8.168055555555556,1.000432896828479,0.0002
8.169444444444444,1.0006184995976537,0.0002
8.170833333333334,1.0005742672003415,0.0002
8.172222222222222,1.0003927388265725,0.0002
8.17361111111111,1.0005986164833724,0.0002
8.175,1.00049106904565,0.0002
8.176388888888889,1.000681595247451,0.0002
8.177777777777779,1.0007742287949046,0.0002
8.179166666666667,1.0011948061210367,0.0002
8.180555555555555,1.0006422962377506,0.0002
8.181944444444445,1.0007187831434377,0.0002
8.183333333333334,1.0006950918939082,0.0002
8.184722222222222,1.000708779719052,0.0002
8.186111111111112,1.0008777900797745,0.0002
8.1875,1.001102825374122,0.0002
8.18888888888889,1.0011069603018097,0.0002
8.190277777777778,1.0010444476389215,0.0002
8.191666666666666,1.001002091086097,0.0002
8.193055555555556,1.0009818720409542,0.0002
8.194444444444445,1.0009174224436896,0.0002
8.195833333333333,1.0009912469566182,0.0002
8.197222222222223,1.0008281258615954,0.0002
8.198611111111111,1.001350821260256,0.0002
8.200000000000001,1.00145236024986,0.0002
8.20138888888889,1.0007756572634428,0.0002
8.202777777777778,1.0012092054644277,0.0002
8.204166666666667,1.001207759063581,0.0002
8.205555555555556,1.0011549588915913,0.0002
8.206944444444444,1.0010268350328413,0.0002
8.208333333333334,1.00141172218878,0.0002
8.209722222222222,1.0013628867711921,0.0002
8.211111111111112,1.0014963029698365,0.0002
8.2125,1.0011675888796527,0.0002
8.213888888888889,1.0010308390577434,0.0002
8.215277777777779,1.0014179466192628,0.0002
8.216666666666667,1.001152087889482,0.0002
8.218055555555555,1.0015576329422016,0.0002
8.219444444444445,1.000927051536089,0.0002
8.220833333333333,1.0012786644267977,0.0002
8.222222222222223,1.0012351297726854,0.0002
8.223611111111111,1.0012801442582975,0.0002
8.225,1.0014761281318612,0.0002
8.22638888888889,1.0016261867346743,0.0002
8.227777777777778,1.0016192122416374,0.0002
8.229166666666668,1.0015840983256057,0.0002
8.230555555555556,1.0013544548748752,0.0002
8.231944444444444,1.0018051447132421,0.0002
8.233333333333334,1.0017010587278914,0.0002
8.234722222222222,1.0013875647129842,0.0002
8.23611111111111,1.0014297667881005,0.0002
8.2375,1.001413994428313,0.0002
8.238888888888889,1.0015209964477405,0.0002
8.240277777777779,1.0012421387376094,0.0002
8.241666666666667,1.0012770369327226,0.0002
8.243055555555555,1.0009285144864177,0.0002
8.244444444444445,1.0012286312571383,0.0002
8.245833333333334,1.0014695291312863,0.0002
8.247222222222222,1.0012604440138324,0.0002
8.248611111111112,1.0012822306237237,0.0002
8.25,1.001384376996341,0.0002
8.25138888888889,1.0010437337189677,0.0002
8.252777777777778,1.0011809629983957,0.0002
8.254166666666666,1.0013836918789714,0.0002
8.255555555555556,1.001139581598068,0.0002
8.256944444444445,1.0013292863184264,0.0002
8.258333333333333,1.0013027516354156,0.0002
8.259722222222223,1.001220441585482,0.0002
8.261111111111111,1.0009041979095898,0.0002
8.262500000000001,1.0010254242964864,0.0002
8.26388888888889,1.0016264406111972,0.0002
8.265277777777778,1.001198670660113,0.0002
8.266666666666667,1.0012032346801345,0.0002
8.268055555555556,1.000911999463183,0.0002
8.269444444444444,1.0010846721073596,0.0002
8.270833333333334,1.0012362929116632,0.0002
8.272222222222222,1.0011014037812045,0.0002
8.273611111111112,1.0009524476110558,0.0002
8.275,1.0010339755191489,0.0002
8.276388888888889,1.0012632197416953,0.0002
8.277777777777779,1.0012145960926178,0.0002
8.279166666666667,1.0011686722976154,0.0002
8.280555555555555,1.001085540230351,0.0002
8.281944444444445,1.0008330778998047,0.0002
8.283333333333333,1.001120585553474,0.0002
8.284722222222223,1.001366274893249,0.0002
8.286111111111111,1.0011556896912934,0.0002
8.2875,1.0013663787712415,0.0002
8.28888888888889,1.0012755182096402,0.0002
8.290277777777778,1.0013369908479277,0.0002
8.291666666666668,1.0012507511291457,0.0002
8.293055555555556,1.0014372719802132,0.0002
8.294444444444444,1.0009744801260088,0.0002
8.295833333333334,1.0012643378598856,0.0002
8.297222222222222,1.0013974224819269,0.0002
8.29861111111111,1.0013730310427433,0.0002
8.3,1.0015324568682977,0.0002
8.301388888888889,1.0012632795849332,0.0002
8.302777777777779,1.001158848890439,0.0002
8.304166666666667,1.0009146679309184,0.0002
8.305555555555555,1.0011233327176736,0.0002
8.306944444444445,1.0012465139336246,0.0002
8.308333333333334,1.001363188925263,0.0002
8.309722222222222,1.000921161853191,0.0002
8.311111111111112,1.0014676525110324,0.0002
8.3125,1.000924019757562,0.0002
8.31388888888889,1.0011200901425672,0.0002
8.315277777777778,1.0010226638342445,0.0002
8.316666666666666,1.0011973815411364,0.0002
8.318055555555556,1.0011404886608146,0.0002
8.319444444444445,1.001234122269872,0.0002
8.320833333333333,1.0013698622735565,0.0002
8.322222222222223,1.0011222934041673,0.0002
8.323611111111111,1.000937993967692,0.0002
8.325000000000001,1.0011307300304089,0.0002
8.32638888888889,1.0013829734704502,0.0002
8.327777777777778,1.0010576796375206,0.0002
8.329166666666667,1.0011253384036447,0.0002
8.330555555555556,1.0006906771900739,0.0002
8.331944444444444,1.0010955720890198,0.0002
8.333333333333334,1.0009010220044643,0.0002
8.334722222222222,1.0008284314757954,0.0002
8.336111111111112,1.0009571123800036,0.0002
8.3375,1.0010222864587255,0.0002
8.338888888888889,1.0009029052118985,0.0002
8.340277777777779,1.0009287486402048,0.0002
8.341666666666667,1.000880827066376,0.0002
8.343055555555555,1.0010097967463143,0.0002
8.344444444444445,1.000849543851574,0.0002
8.345833333333333,1.0008702408018326,0.0002
8.347222222222223,1.001009319565024,0.0002
8.348611111111111,1.0008491850225598,0.0002
8.35,1.0007687872183197,0.0002
8.35138888888889,1.000387096134513,0.0002
8.352777777777778,1.0009089980284718,0.0002
8.354166666666668,1.0005839023363903,0.0002
8.355555555555556,1.000703992811832,0.0002
8.356944444444444,1.0008419322869004,0.0002
8.358333333333334,1.0009650117506532,0.0002
8.359722222222222,1.001115122207228,0.0002
8.36111111111111,1.000554529864335,0.0002
8.3625,1.0004708857867388,0.0002
8.363888888888889,1.0007209168956834,0.0002
8.365277777777779,1.0006972603666273,0.0002
8.366666666666667,1.0004360990883763,0.0002
8.368055555555555,1.0006118561748965,0.0002
8.369444444444445,1.0007571544682698,0.0002
8.370833333333334,1.0003953826910448,0.0002
8.372222222222222,1.0004128225864104,0.0002
8.373611111111112,1.0005216258128122,0.0002
8.375,1.000507209136517,0.0002
8.37638888888889,1.0007040211502634,0.0002
8.377777777777778,1.0005735687526738,0.0002
8.379166666666666,1.0007153414508543,0.0002
8.380555555555556,1.0011709757158895,0.0002
8.381944444444445,1.000516377437996,0.0002
8.383333333333333,1.0005476997128528,0.0002
8.384722222222223,1.0007997788052565,0.0002
8.386111111111111,1.0008862778046554,0.0002
8.387500000000001,1.0007344736438928,0.0002
8.38888888888889,1.0010475689342282,0.0002
8.390277777777778,1.0008462916696679,0.0002
8.391666666666667,1.0003843935056305,0.0002
8.393055555555556,1.0007373037858223,0.0002
8.394444444444444,1.0005420109232133,0.0002
8.395833333333334,1.0009681032707916,0.0002
8.397222222222222,1.0008812193463394,0.0002
8.398611111111112,1.0004100502063311,0.0002
8.4,1.0009733636981506,0.0002
8.401388888888889,1.0009287519427692,0.0002
8.402777777777779,1.0006684193798518,0.0002
8.404166666666667,1.0006838576641655,0.0002
8.405555555555555,1.0009593589056036,0.0002
8.406944444444445,1.0002316807839384,0.0002
8.408333333333333,1.000805553438795,0.0002
8.409722222222223,1.0009304259510856,0.0002
8.411111111111111,1.0007230830834224,0.0002
8.4125,1.000845565816778,0.0002
8.41388888888889,1.0006882807599018,0.0002
8.415277777777778,1.000499860307687,0.0002
8.416666666666668,1.0005448089154734,0.0002
8.418055555555556,1.000824911166698,0.0002
8.419444444444444,1.0005153430867149,0.0002
8.420833333333334,1.0003443651636887,0.0002
8.422222222222222,1.0006962324558508,0.0002
8.42361111111111,1.0006437935709953,0.0002
8.425,1.000522385439518,0.0002
8.426388888888889,1.0008055910660716,0.0002
8.427777777777779,1.00097715337127,0.0002
8.429166666666667,1.0007747312515114,0.0002
8.430555555555555,1.000513136628051,0.0002
8.431944444444445,1.0007729478795122,0.0002
8.433333333333334,1.0008225154967065,0.0002
8.434722222222222,1.0010941053793383,0.0002
8.436111111111112,1.000952801653705,0.0002
8.4375,1.0004666812754912,0.0002
8.43888888888889,1.0007207470395039,0.0002
8.440277777777778,1.0006939786480369,0.0002
8.441666666666666,1.0003711482673598,0.0002
8.443055555555556,1.0007516790389324,0.0002
8.444444444444445,1.0010122004767423,0.0002
8.445833333333333,1.0008302748024185,0.0002
8.447222222222223,1.0002876158159324,0.0002
8.448611111111111,1.0005093471224986,0.0002
8.450000000000001,1.0005544504470965,0.0002
8.45138888888889,1.0000609595273269,0.0002
8.452777777777778,1.0000050324225096,0.0002
8.454166666666667,1.0004103592963933,0.0002
8.455555555555556,1.0004452593230702,0.0002
8.456944444444444,1.0001264584688945,0.0002
8.458333333333334,1.000540297368598,0.0002
8.459722222222222,1.0006898664201478,0.0002
8.461111111111112,1.000369758647431,0.0002
8.4625,1.0004099011550798,0.0002
8.463888888888889,1.0004883604936046,0.0002
8.465277777777779,1.0004829050982305,0.0002
8.466666666666667,1.000107601607219,0.0002
8.468055555555555,1.000305322928192,0.0002
8.469444444444445,1.0003684913327913,0.0002
8.470833333333333,1.0003208524756826,0.0002
8.472222222222223,1.0007841716529353,0.0002
8.473611111111111,1.000602633656978,0.0002
8.475,1.0002212416973149,0.0002
8.47638888888889,1.0003745629548317,0.0002
8.477777777777778,1.0007228223017313,0.0002
8.479166666666668,1.000381294145493,0.0002
8.480555555555556,1.0006885905467409,0.0002
8.481944444444444,1.0007827027215537,0.0002
8.483333333333334,1.0008606780404725,0.0002
8.484722222222222,1.0007127964074802,0.0002
8.48611111111111,1.0008937031411616,0.0002
8.4875,1.0005262668204247,0.0002
8.488888888888889,1.0011178221439183,0.0002
8.490277777777779,1.0006751850885498,0.0002
8.491666666666667,1.0008240847613612,0.0002
8.493055555555555,1.0005420733916728,0.0002
8.494444444444445,1.0007803367695671,0.0002
8.495833333333334,1.00072888683804,0.0002
8.497222222222222,1.0003826596458734,0.0002
8.498611111111112,1.000354426641217,0.0002
8.5,1.000485029746959,0.0002
8.50138888888889,1.0008379492961461,0.0002
8.502777777777778,1.000296022710493,0.0002
8.504166666666666,1.0006325240878147,0.0002
8.505555555555556,1.000954678304341,0.0002
8.506944444444445,1.0004328919443248,0.0002
8.508333333333333,1.0008635378811956,0.0002
8.509722222222223,1.0004225886731737,0.0002
8.511111111111111,1.000486947233305,0.0002
8.512500000000001,1.0006991848645683,0.0002
8.51388888888889,1.0010933629948542,0.0002
8.515277777777778,1.0005838672954137,0.0002
8.516666666666667,1.0003727063691328,0.0002
8.518055555555556,1.000479278732397,0.0002
8.519444444444444,1.000878613639866,0.0002
8.520833333333334,1.000454543981826,0.0002
8.522222222222222,1.0009618138820964,0.0002
8.523611111111112,1.0006895351450322,0.0002
8.525,1.0005736832621743,0.0002
8.526388888888889,1.000633102134117,0.0002
8.527777777777779,1.0004792551662962,0.0002
8.529166666666667,1.0007431385063035,0.0002
8.530555555555555,1.000492835196175,0.0002
8.531944444444445,1.001090421596495,0.0002
8.533333333333333,1.0006128449953073,0.0002
8.534722222222223,1.0009492034961258,0.0002
8.536111111111111,1.0006334875806047,0.0002
8.5375,1.0007099250422984,0.0002
8.53888888888889,1.0007105048385456,0.0002
8.540277777777778,1.0012871492920734,0.0002
8.541666666666668,1.0007464045598977,0.0002
8.543055555555556,1.0005553614007587,0.0002
8.544444444444444,1.000593851093491,0.0002
8.545833333333334,1.0003276660575051,0.0002
8.547222222222222,1.0005864269014804,0.0002
8.54861111111111,1.0010693883326542,0.0002
8.55,1.0008616006650217,0.0002
8.551388888888889,1.000898914949788,0.0002
8.552777777777779,1.000519739073423,0.0002
8.554166666666667,1.0006135337383497,0.0002
8.555555555555555,1.000739780697177,0.0002
8.556944444444445,1.0005666933861808,0.0002
8.558333333333334,1.0007623781025823,0.0002
8.559722222222222,1.000808458322369,0.0002
8.561111111111112,1.000771838985021,0.0002
8.5625,1.0007064085856585,0.0002
8.56388888888889,1.0009794259441571,0.0002
8.565277777777778,1.0007399338909457,0.0002
8.566666666666666,1.0005996274908797,0.0002
8.568055555555556,1.000954341851404,0.0002
8.569444444444445,1.0005393956423028,0.0002
8.570833333333333,1.0004803582076447,0.0002
8.572222222222223,1.0005627205387366,0.0002
8.573611111111111,1.0007990888384317,0.0002
8.575000000000001,1.0009231957233158,0.0002
8.57638888888889,1.0006121480039696,0.0002
8.577777777777778,1.001118021875105,0.0002
8.579166666666667,1.00072510755898,0.0002
8.580555555555556,1.00069778780498,0.0002
8.581944444444444,1.00043159054991,0.0002
8.583333333333334,1.0009420607472796,0.0002
8.584722222222222,1.0005231395747887,0.0002
8.586111111111112,1.0003251343841397,0.0002
8.5875,1.000994203975132,0.0002
8.588888888888889,1.00056377834267,0.0002
8.590277777777779,1.0006906608804367,0.0002
8.591666666666667,1.00080072696207,0.0002
8.593055555555555,1.0005975507736204,0.0002
8.594444444444445,1.000672427043575,0.0002
8.595833333333333,1.0005663254842831,0.0002
8.597222222222223,1.0006914480282418,0.0002
8.598611111111111,1.0005297872423908,0.0002
8.6,1.0005713427747638,0.0002
8.60138888888889,1.000538536577007,0.0002
8.602777777777778,1.0004249124544469,0.0002
8.604166666666668,1.000584121552276,0.0002
8.605555555555556,1.0005770523866704,0.0002
8.606944444444444,1.000678961352891,0.0002
8.608333333333334,1.0006681489243232,0.0002
8.609722222222222,1.0009058215771918,0.0002
8.61111111111111,1.0007223427887266,0.0002
8.6125,1.0005381428619482,0.0002
8.613888888888889,1.0006320015760124,0.0002
8.615277777777779,1.000830300707034,0.0002
8.616666666666667,1.0003486984141374,0.0002
8.618055555555555,1.0009384169665456,0.0002
8.619444444444445,1.0003059810588015,0.0002
8.620833333333334,1.000705128006966,0.0002
8.622222222222222,1.0004908139962854,0.0002
8.623611111111112,1.0005259035877851,0.0002
8.625,1.0002469040925297,0.0002
8.62638888888889,1.0006602081500307,0.0002
8.627777777777778,1.0002761733536811,0.0002
8.629166666666666,1.0002903977699493,0.0002
8.630555555555556,1.0008201464963806,0.0002
8.631944444444445,1.0009805883273357,0.0002
8.633333333333333,1.0004757623257188,0.0002
8.634722222222223,1.0008091695068098,0.0002
8.636111111111111,1.0007373793683743,0.0002
8.637500000000001,1.000600757974053,0.0002
8.63888888888889,1.0008542960344275,0.0002
8.640277777777778,1.0006219085783221,0.0002
8.641666666666667,1.000743424387556,0.0002
8.643055555555556,1.0003898032592127,0.0002
8.644444444444444,1.0004326778469739,0.0002
8.645833333333334,1.0009094693968081,0.0002
8.647222222222222,1.0007719942678202,0.0002
8.648611111111112,1.000631585494512,0.0002
8.65,1.0010821279870856,0.0002
8.651388888888889,1.0010494498993867,0.0002
8.652777777777779,1.0007517496865148,0.0002
8.654166666666667,1.000372947179549,0.0002
8.655555555555555,1.0006809046345486,0.0002
8.656944444444445,1.0005318263323992,0.0002
8.658333333333333,1.0007984402661707,0.0002
8.659722222222223,1.0005857735161179,0.0002
8.661111111111111,1.0005225837483567,0.0002
8.6625,1.0003011489616729,0.0002
8.66388888888889,1.000726691956085,0.0002
8.665277777777778,1.000185858061208,0.0002
8.666666666666668,1.0005570478150716,0.0002
8.668055555555556,1.000811519167631,0.0002
8.669444444444444,1.0005263976594099,0.0002
8.670833333333334,1.0004314248427992,0.0002
8.672222222222222,1.0006904914815793,0.0002
8.67361111111111,1.0006087987282481,0.0002
8.675,1.0008685797738572,0.0002
8.676388888888889,1.0005855683343072,0.0002
8.677777777777779,1.0007482692064076,0.0002
8.679166666666667,1.0007822940204114,0.0002
8.680555555555555,1.0008598836072062,0.0002
8.681944444444445,1.0011766065591516,0.0002
8.683333333333334,1.0009219255442385,0.0002
8.684722222222222,1.0010284100329119,0.0002
8.686111111111112,1.000776056334632,0.0002
8.6875,1.000955262895044,0.0002
8.68888888888889,1.0008975111411051,0.0002
8.690277777777778,1.0009050148167211,0.0002
8.691666666666666,1.0010290199367258,0.0002
8.693055555555556,1.0007479149163525,0.0002
8.694444444444445,1.0007230764012476,0.0002
8.695833333333333,1.0006793350907648,0.0002
8.697222222222223,1.0006968870214679,0.0002
8.698611111111111,1.000817613769907,0.0002
8.700000000000001,1.0006802186848454,0.0002
8.70138888888889,1.0010546103937286,0.0002
8.702777777777778,1.0012381628677423,0.0002
8.704166666666667,1.0006079843606828,0.0002
8.705555555555556,1.0008316679579061,0.0002
8.706944444444444,1.0009764968586696,0.0002
8.708333333333334,1.0007061421653372,0.0002
8.709722222222222,1.0005771035044135,0.0002
8.711111111111112,1.0010306921166896,0.0002
8.7125,1.000844469337841,0.0002
8.713888888888889,1.0009121969222303,0.0002
8.715277777777779,1.0011325725156646,0.0002
8.716666666666667,1.0009906886985545,0.0002
8.718055555555555,1.0008606008174465,0.0002
8.719444444444445,1.000749540317444,0.0002
8.720833333333333,1.0008902534956978,0.0002
8.722222222222223,1.0011310599866075,0.0002
8.723611111111111,1.0010518100602004,0.0002
8.725,1.0009950007546624,0.0002
8.72638888888889,1.0011339587156332,0.0002
8.727777777777778,0.9997219618672122,0.0002
8.729166666666668,0.9986147572390427,0.0002
8.730555555555556,0.9968457982501693,0.0002
8.731944444444444,0.9956329626972806,0.0002
8.733333333333334,0.9938853377591939,0.0002
8.734722222222222,0.9928811541380782,0.0002
8.73611111111111,0.9924035578732104,0.0002
8.7375,0.9921018344007585,0.0002
8.738888888888889,0.9917706570882003,0.0002
8.740277777777779,0.9914292430798702,0.0002
8.741666666666667,0.9915510186471059,0.0002
8.743055555555555,0.9911667371866679,0.0002
8.744444444444445,0.9909373740238301,0.0002
8.745833333333334,0.9908427950777784,0.0002
8.747222222222222,0.9907629006393787,0.0002
8.748611111111112,0.9906974782783948,0.0002
8.75,0.9909285220378086,0.0002
8.75138888888889,0.990704146876374,0.0002
8.752777777777778,0.9908893396775972,0.0002
8.754166666666666,0.9903055741491941,0.0002
8.755555555555556,0.990444817129414,0.0002
8.756944444444445,0.9902060944643202,0.0002
8.758333333333333,0.9902211796897185,0.0002
8.759722222222223,0.9906443888958627,0.0002
8.761111111111111,0.9900126555911336,0.0002
8.762500000000001,0.9897485438023467,0.0002
8.76388888888889,0.9899640594484135,0.0002
8.765277777777778,0.9897100738401426,0.0002
8.766666666666667,0.9899613329516922,0.0002
8.768055555555556,0.989972179336891,0.0002
8.769444444444444,0.9901685893827944,0.0002
8.770833333333334,0.9898278141552633,0.0002
8.772222222222222,0.9905654680413267,0.0002
8.773611111111112,0.9899527961333836,0.0002
8.775,0.9902868045456257,0.0002
8.776388888888889,0.9902184854253046,0.0002
8.777777777777779,0.9905091614593776,0.0002
8.779166666666667,0.9903734286457218,0.0002
8.780555555555555,0.9905545782998989,0.0002
8.781944444444445,0.9902797777504032,0.0002
8.783333333333333,0.9902716566882156,0.0002
8.784722222222223,0.9905004191470758,0.0002
8.786111111111111,0.9907858811088955,0.0002
8.7875,0.9907921387353381,0.0002
8.78888888888889,0.9907312063423864,0.0002
8.790277777777778,0.9908260869595031,0.0002
8.791666666666668,0.9908582087671902,0.0002
8.793055555555556,0.9910967452393165,0.0002
8.794444444444444,0.9915237588051511,0.0002
8.795833333333334,0.9911632953365875,0.0002
8.797222222222222,0.9911779630671752,0.0002
8.79861111111111,0.9912246318116951,0.0002
8.8,0.9914611771148633,0.0002
8.801388888888889,0.9911513815112176,0.0002
8.802777777777779,0.9916891737984245,0.0002
8.804166666666667,0.992185127031332,0.0002
8.805555555555555,0.9921864460123652,0.0002
8.806944444444445,0.9926654212656546,0.0002
8.808333333333334,0.9935342932865816,0.0002
8.809722222222222,0.9944916305045916,0.0002
8.811111111111112,0.9955143437068623,0.0002
8.8125,0.9972374101688051,0.0002
8.81388888888889,0.9989878247355879,0.0002
8.815277777777778,1.0000673673094633,0.0002
8.816666666666666,1.0009031253423404,0.0002
8.818055555555556,1.000864878893542,0.0002
8.819444444444445,1.0011569884091096,0.0002
8.820833333333333,1.0007225582714256,0.0002
8.822222222222223,1.0008616140119804,0.0002
8.823611111111111,1.001040626038594,0.0002
8.825000000000001,1.0010384898938491,0.0002
8.82638888888889,1.001070180631372,0.0002
8.827777777777778,1.0005494644966295,0.0002
8.829166666666667,1.001084730308529,0.0002
8.830555555555556,1.001070931463416,0.0002
8.831944444444444,1.0013257289127004,0.0002
8.833333333333334,1.001258607226922,0.0002
8.834722222222222,1.0012107508917696,0.0002
8.836111111111112,1.0013089352654914,0.0002
8.8375,1.0015043972690403,0.0002
8.838888888888889,1.0014649924846362,0.0002
8.840277777777779,1.001265541635966,0.0002
8.841666666666667,1.0016231896979824,0.0002
8.843055555555557,1.0011460114038762,0.0002
8.844444444444445,1.0009881472393465,0.0002
8.845833333333333,1.0011795094599976,0.0002
8.847222222222223,1.001179878357676,0.0002
8.848611111111111,1.0007894913582531,0.0002
8.85,1.0012482486372072,0.0002
8.85138888888889,1.0014262488205399,0.0002
8.852777777777778,1.00135106048412,0.0002
8.854166666666668,1.0011765943733868,0.0002
8.855555555555556,1.00134627454793,0.0002
8.856944444444444,1.0012808474028103,0.0002
8.858333333333334,1.0014299228485757,0.0002
8.859722222222222,1.0011727732771714,0.0002
8.86111111111111,1.0014726161640661,0.0002
8.8625,1.0010613020075654,0.0002
8.863888888888889,1.0011373327333166,0.0002
8.865277777777779,1.0016104414490665,0.0002
8.866666666666667,1.0010118388015716,0.0002
8.868055555555555,1.0011076571129205,0.0002
8.869444444444445,1.0010828780998846,0.0002
8.870833333333334,1.0012352185936018,0.0002
8.872222222222222,1.0013590127151426,0.0002
8.873611111111112,1.0014475393649014,0.0002
8.875,1.0013211307374825,0.0002
8.87638888888889,1.0012561000022053,0.0002
8.877777777777778,1.0010080126875642,0.0002
8.879166666666666,1.001128142880407,0.0002
8.880555555555556,1.0009633152320956,0.0002
8.881944444444445,1.0015066017009921,0.0002
8.883333333333333,1.0015083196795251,0.0002
8.884722222222223,1.0013916914829961,0.0002
8.886111111111111,1.0014296022794833,0.0002
8.887500000000001,1.0014690266326107,0.0002
8.88888888888889,1.001346354649674,0.0002
8.890277777777778,1.0016536750780227,0.0002
8.891666666666667,1.0011258693111555,0.0002
8.893055555555556,1.001261376639837,0.0002
8.894444444444444,1.0011739005607734,0.0002
8.895833333333334,1.0013880403658273,0.0002
8.897222222222222,1.0010093732173204,0.0002
8.898611111111112,1.0015653479964821,0.0002
8.9,1.0013761532649645,0.0002
8.901388888888889,1.0015617163929127,0.0002
8.902777777777779,1.00117339590462,0.0002
8.904166666666667,1.0011511272639684,0.0002
8.905555555555557,1.0013953563724094,0.0002
8.906944444444445,1.0014237248571707,0.0002
8.908333333333333,1.00105980011178,0.0002
8.909722222222223,1.0007297129216906,0.0002
8.911111111111111,1.0007171773412809,0.0002
8.9125,1.0011962827556151,0.0002
8.91388888888889,1.00144501224027,0.0002
8.915277777777778,1.0009625600320124,0.0002
8.916666666666668,1.001163337543646,0.0002
8.918055555555556,1.0011459154158058,0.0002
8.919444444444444,1.001628395001859,0.0002
8.920833333333334,1.0015734936694929,0.0002
8.922222222222222,1.0012154778385767,0.0002
8.92361111111111,1.001307428675831,0.0002
8.925,1.0013691587666447,0.0002
8.926388888888889,1.0009825226843538,0.0002
8.927777777777779,1.001325984580921,0.0002
8.929166666666667,1.0010384920972861,0.0002
8.930555555555555,1.0011955609732412,0.0002
8.931944444444445,1.0014159733978627,0.0002
8.933333333333334,1.0012126571785425,0.0002
8.934722222222222,1.0014071630377304,0.0002
8.936111111111112,1.0015161719450096,0.0002
8.9375,1.0009198946220643,0.0002
8.93888888888889,1.000844538258599,0.0002
8.940277777777778,1.0015530029836006,0.0002
8.941666666666666,1.0016103257182374,0.0002
8.943055555555556,1.0014562873649724,0.0002
8.944444444444445,1.0015475356996166,0.0002
8.945833333333333,1.0016747980519616,0.0002
8.947222222222223,1.0016780282114828,0.0002
8.948611111111111,1.0014981610101035,0.0002
8.950000000000001,1.0017452984004913,0.0002
8.95138888888889,1.0014856315241754,0.0002
8.952777777777778,1.0016814773573122,0.0002
8.954166666666667,1.001746029128422,0.0002
8.955555555555556,1.0015329740877181,0.0002
8.956944444444444,1.0015347784336046,0.0002
8.958333333333334,1.0021961874771452,0.0002
8.959722222222222,1.0016067043243595,0.0002
8.961111111111112,1.0018726480068736,0.0002
8.9625,1.0018990954585136,0.0002
8.963888888888889,1.0017866033345684,0.0002
8.965277777777779,1.001929921999517,0.0002
8.966666666666667,1.001830273817886,0.0002
8.968055555555557,1.0015954987429057,0.0002
8.969444444444445,1.0018882055562186,0.0002
8.970833333333333,1.0016539461430718,0.0002
8.972222222222223,1.0021514495637531,0.0002
8.973611111111111,1.001947119373833,0.0002
8.975,1.0017646614271105,0.0002
8.97638888888889,1.0019596624074656,0.0002
8.977777777777778,1.0017398486436473,0.0002
8.979166666666668,1.0019790420446346,0.0002
8.980555555555556,1.0018250637474386,0.0002
8.981944444444444,1.0017346620854224,0.0002
8.983333333333334,1.0017379370200072,0.0002
8.984722222222222,1.002510281359758,0.0002
8.98611111111111,1.0021071360871705,0.0002
8.9875,1.002033994860932,0.0002
8.988888888888889,1.0020097479541847,0.0002
8.990277777777779,1.002231449808033,0.0002
8.991666666666667,1.001962726816069,0.0002
8.993055555555555,1.0017911796894323,0.0002
8.994444444444445,1.0019628725405727,0.0002
8.995833333333334,1.0019582726046488,0.0002
8.997222222222222,1.0017858672911966,0.0002
8.998611111111112,1.001665311599468,0.0002
9.0,1.0017532231067836,0.0002
9.00138888888889,1.0017268117156575,0.0002
9.002777777777778,1.0016680271920435,0.0002
9.004166666666666,1.00182858737374,0.0002
9.005555555555556,1.0022963785978385,0.0002
9.006944444444445,1.002146844891924,0.0002
9.008333333333333,1.002242437159379,0.0002
9.009722222222223,1.0017365379309298,0.0002
9.011111111111111,1.0021828654997513,0.0002
9.012500000000001,1.0018574835942384,0.0002
9.01388888888889,1.0019733647153735,0.0002
9.015277777777778,1.001912923959426,0.0002
9.016666666666667,1.0017327306734845,0.0002
9.018055555555556,1.0018944955978724,0.0002
9.019444444444444,1.0018448032887255,0.0002
9.020833333333334,1.0013987560278221,0.0002
9.022222222222222,1.0016367369979928,0.0002
9.023611111111112,1.0018334142401264,0.0002
9.025,1.0017532583919497,0.0002
9.026388888888889,1.0018114733817305,0.0002
9.027777777777779,1.0016682516328674,0.0002
9.029166666666667,1.0019260286569989,0.0002
9.030555555555557,1.0019207694391532,0.0002
9.031944444444445,1.002026225630147,0.0002
9.033333333333333,1.0019647052389484,0.0002
9.034722222222223,1.0022899981206952,0.0002
9.036111111111111,1.0022195787913843,0.0002
9.0375,1.002172879638707,0.0002
9.03888888888889,1.0025380579722913,0.0002
9.040277777777778,1.0021921182178974,0.0002
9.041666666666668,1.0023546481694987,0.0002
9.043055555555556,1.0021384081100249,0.0002
9.044444444444444,1.0019808777015362,0.0002
9.045833333333334,1.001857601440977,0.0002
9.047222222222222,1.0021104648998918,0.0002
9.04861111111111,1.0014405759325704,0.0002
9.05,1.0019604325100309,0.0002
9.051388888888889,1.0019157834063221,0.0002
9.052777777777779,1.001768040035207,0.0002
9.054166666666667,1.0018111531635923,0.0002
9.055555555555555,1.0015885365115915,0.0002
9.056944444444445,1.0021636519289545,0.0002
9.058333333333334,1.0018525604144695,0.0002
9.059722222222222,1.0017736174975704,0.0002
9.061111111111112,1.0021038202759525,0.0002
9.0625,1.0020256842312474,0.0002
9.06388888888889,1.0019811054050993,0.0002
9.065277777777778,1.0020009710994482,0.0002
9.066666666666666,1.0021088432702554,0.0002
9.068055555555556,1.0024361603914638,0.0002
9.069444444444445,1.002152858157541,0.0002
9.070833333333333,1.002037859521841,0.0002
9.072222222222223,1.0022003274016702,0.0002
9.073611111111111,1.002087007839212,0.0002
9.075000000000001,1.0022325559220677,0.0002
9.07638888888889,1.0021152988236284,0.0002
9.077777777777778,1.0022664600400206,0.0002
9.079166666666667,1.0020052241359365,0.0002
9.080555555555556,1.0018131380977355,0.0002
9.081944444444444,1.002210740453292,0.0002
9.083333333333334,1.0023148964702022,0.0002
9.084722222222222,1.0017234872105503,0.0002
9.086111111111112,1.0020064788297838,0.0002
9.0875,1.0019109375031472,0.0002
9.088888888888889,1.0022245603005353,0.0002
9.090277777777779,1.002076485974194,0.0002
9.091666666666667,1.0026899067258408,0.0002
9.093055555555557,1.0019618000782136,0.0002
9.094444444444445,1.0024056375751038,0.0002
9.095833333333333,1.0022947990387947,0.0002
9.097222222222223,1.0020300133350446,0.0002
9.098611111111111,1.0019300731445606,0.0002
9.1,1.0018911962995318,0.0002
9.10138888888889,1.0018616152300557,0.0002
9.102777777777778,1.0020796202845728,0.0002
9.104166666666668,1.0016475632502801,0.0002
9.105555555555556,1.0017919922592975,0.0002
9.106944444444444,1.001795571851088,0.0002
9.108333333333334,1.0014951314026217,0.0002
9.109722222222222,1.0019906208151876,0.0002
9.11111111111111,1.0020230155022507,0.0002
9.1125,1.00168241062778,0.0002
9.113888888888889,1.001935027409051,0.0002
9.115277777777779,1.0014325311774162,0.0002
9.116666666666667,1.0017326634344728,0.0002
9.118055555555555,1.001759388692297,0.0002
9.119444444444445,1.001828335630063,0.0002
9.120833333333334,1.0018798504098303,0.0002
9.122222222222222,1.001800935465959,0.0002
9.123611111111112,1.0017210010300042,0.0002
9.125,1.0017192848606131,0.0002
9.12638888888889,1.0019806844797459,0.0002
9.127777777777778,1.001648643170972,0.0002
9.129166666666666,1.0022825169388792,0.0002
9.130555555555556,1.0016511756019504,0.0002
9.131944444444445,1.001804484704757,0.0002
9.133333333333333,1.0018664241325392,0.0002
9.134722222222223,1.0017197435750427,0.0002
9.136111111111111,1.0019734390055168,0.0002
9.137500000000001,1.0017320735937119,0.0002
9.13888888888889,1.0016036426372095,0.0002
9.140277777777778,1.0018291743966599,0.0002
9.141666666666667,1.0013307146831438,0.0002
9.143055555555556,1.0014274031337822,0.0002
9.144444444444444,1.0016712689728533,0.0002
9.145833333333334,1.0017118596733665,0.0002
9.147222222222222,1.0015986820437026,0.0002
9.148611111111112,1.0015465493960136,0.0002
9.15,1.0015339862402883,0.0002
9.151388888888889,1.001780296649735,0.0002
9.152777777777779,1.0016030975171921,0.0002
9.154166666666667,1.0013973362288573,0.0002
9.155555555555557,1.0014634842919363,0.0002
9.156944444444445,1.0019872758572193,0.0002
9.158333333333333,1.001595475405186,0.0002
9.159722222222223,1.0017651050924883,0.0002
9.161111111111111,1.0019560283943225,0.0002
9.1625,1.001782747170221,0.0002
9.16388888888889,1.0015154706110205,0.0002
9.165277777777778,1.0014170895076764,0.0002
9.166666666666668,1.002051224416668,0.0002
9.168055555555556,1.0015085474504637,0.0002
9.169444444444444,1.001591382907693,0.0002
9.170833333333334,1.0018050328556407,0.0002
9.172222222222222,1.0016961270049334,0.0002
9.17361111111111,1.0018867063095693,0.0002
9.175,1.0014162259444115,0.0002
9.176388888888889,1.0016602621616768,0.0002
9.177777777777779,1.0018344433778708,0.0002
9.179166666666667,1.0018627925447041,0.0002
9.180555555555555,1.0015826106351262,0.0002
9.181944444444445,1.0013778944723861,0.0002
9.183333333333334,1.0015748855707602,0.0002
9.184722222222222,1.0012661554571969,0.0002
9.186111111111112,1.0017877097896768,0.0002
9.1875,1.0016384633071094,0.0002
9.18888888888889,1.0014934678966032,0.0002
9.190277777777778,1.0014248946352513,0.0002
9.191666666666666,1.0015069483358072,0.0002
9.193055555555556,1.0013708045341967,0.0002
9.194444444444445,1.0017544389870032,0.0002
9.195833333333333,1.0014877460370815,0.0002
9.197222222222223,1.0016777806781536,0.0002
9.198611111111111,1.0017693648122374,0.0002
9.200000000000001,1.0018721968128312,0.0002
9.20138888888889,1.0016963033537238,0.0002
9.202777777777778,1.0018649959549917,0.0002
9.204166666666667,1.001939668992286,0.0002
9.205555555555556,1.0017018794143762,0.0002
9.206944444444444,1.0016887883850363,0.0002
9.208333333333334,1.001482979671225,0.0002
9.209722222222222,1.0014116793216838,0.0002
9.211111111111112,1.001848535249326,0.0002
9.2125,1.0016918258488618,0.0002
9.213888888888889,1.0016463474374264,0.0002
9.215277777777779,1.0013936842350053,0.0002
9.216666666666667,1.0018276409334812,0.0002
9.218055555555557,1.0014417604683499,0.0002
9.219444444444445,1.001335497119337,0.0002
9.220833333333333,1.0014145716413658,0.0002
9.222222222222223,1.0018748514665192,0.0002
9.223611111111111,1.001362903929318,0.0002
9.225,1.0014231727708331,0.0002
9.22638888888889,1.0021264970551451,0.0002
9.227777777777778,1.0016866498109775,0.0002
9.229166666666668,1.0013240700311834,0.0002
9.230555555555556,1.001254607707646,0.0002
9.231944444444444,1.0010997963462904,0.0002
9.233333333333334,1.0014574780973327,0.0002
9.234722222222222,1.0015389370587044,0.0002
9.23611111111111,1.0016206517031188,0.0002
9.2375,1.0009748777592309,0.0002
9.238888888888889,1.0010663226657512,0.0002
9.240277777777779,1.001268676262651,0.0002
9.241666666666667,1.0017996066003672,0.0002
9.243055555555555,1.0014379825825421,0.0002
9.244444444444445,1.0013975196072746,0.0002
9.245833333333334,1.0010589691322629,0.0002
9.247222222222222,1.000869516448149,0.0002
9.248611111111112,1.0013495864922242,0.0002
9.25,1.0012387055518863,0.0002
9.25138888888889,1.0012941894878653,0.0002
9.252777777777778,1.001382572031272,0.0002
9.254166666666666,1.001184814557931,0.0002
9.255555555555556,1.0011338898991318,0.0002
9.256944444444445,1.0015738968576031,0.0002
9.258333333333333,1.0011060074540143,0.0002
9.259722222222223,1.0012083973539194,0.0002
9.261111111111111,1.0012922694564725,0.0002
9.262500000000001,1.001435602492052,0.0002
9.26388888888889,1.0010818138477475,0.0002
9.265277777777778,1.0014393566190205,0.0002
9.266666666666667,1.001150725208989,0.0002
9.268055555555556,1.0011796760321465,0.0002
9.269444444444444,1.001464991622499,0.0002
9.270833333333334,1.0010329351844827,0.0002
9.272222222222222,1.0013410780013363,0.0002
9.273611111111112,1.0013909974152018,0.0002
9.275,1.0012333513778593,0.0002
9.276388888888889,1.001172334353527,0.0002
9.277777777777779,1.0017013255154226,0.0002
9.279166666666667,1.0012992890510728,0.0002
9.280555555555557,1.0012729834340357,0.0002
9.281944444444445,1.001101130582542,0.0002
9.283333333333333,1.0011799055386743,0.0002
9.284722222222223,1.0013297403416292,0.0002
9.286111111111111,1.0010027516764115,0.0002
9.2875,1.0006730060077316,0.0002
9.28888888888889,1.0011473473952903,0.0002
9.290277777777778,1.000896626760474,0.0002
9.291666666666668,1.0013432350016118,0.0002
9.293055555555556,1.001182713169912,0.0002
9.294444444444444,1.0013910840195994,0.0002
9.295833333333334,1.000956019452265,0.0002
9.297222222222222,1.0010665738877536,0.0002
9.29861111111111,1.00108233370103,0.0002
9.3,1.000803738232935,0.0002
9.301388888888889,1.0013087662651425,0.0002
9.302777777777779,1.00073964128468,0.0002
9.304166666666667,1.0012688577834774,0.0002
9.305555555555555,1.0011771257637423,0.0002
9.306944444444445,1.001016131121183,0.0002
9.308333333333334,1.0012036133606146,0.0002
9.309722222222222,1.0011371452134032,0.0002
9.311111111111112,1.0010667329540588,0.0002
9.3125,1.001159531275834,0.0002
9.31388888888889,1.001245582646127,0.0002
9.315277777777778,1.000887531490938,0.0002
9.316666666666666,1.0011295234073083,0.0002
9.318055555555556,1.000571096959818,0.0002
9.319444444444445,1.0007783761121054,0.0002
9.320833333333333,1.0013309897146403,0.0002
9.322222222222223,1.001115479938448,0.0002
9.323611111111111,1.0010362112804139,0.0002
9.325000000000001,1.0011600466538189,0.0002
9.32638888888889,1.00104567217617,0.0002
9.327777777777778,1.0008743111688487,0.0002
9.329166666666667,1.0007237589542273,0.0002
9.330555555555556,1.0006688407872386,0.0002
9.331944444444444,1.0011224971585484,0.0002
9.333333333333334,1.0008876723498217,0.0002
9.334722222222222,1.0012348128960482,0.0002
9.336111111111112,1.001005087360908,0.0002
9.3375,1.0011354024279395,0.0002
9.338888888888889,1.000975091404032,0.0002
9.340277777777779,1.001029582130986,0.0002
9.341666666666667,1.0009330765501254,0.0002
9.343055555555557,1.0008755642130012,0.0002
9.344444444444445,1.0007085881094093,0.0002
9.345833333333333,1.001190864655624,0.0002
9.347222222222223,1.0012770608016222,0.0002
9.348611111111111,1.0013316486976016,0.0002
9.35,1.0008841023495254,0.0002
9.35138888888889,1.0008325549281663,0.0002
9.352777777777778,1.0008053693234664,0.0002
9.354166666666668,1.0009078200061783,0.0002
9.355555555555556,1.000962912992234,0.0002
9.356944444444444,1.0008548296535518,0.0002
9.358333333333334,1.0008039804739912,0.0002
9.359722222222222,1.0010823057813318,0.0002
9.36111111111111,1.000319929927474,0.0002
9.3625,1.0009429571421582,0.0002
9.363888888888889,1.0008409208345415,0.0002
9.365277777777779,1.001149914166289,0.0002
9.366666666666667,1.0012704975159843,0.0002
9.368055555555555,1.001298689219673,0.0002
9.369444444444445,1.0010297032045186,0.0002
9.370833333333334,1.000857451786833,0.0002
9.372222222222222,1.000951208643424,0.0002
9.373611111111112,1.0011704275861715,0.0002
9.375,1.0007663691359696,0.0002
9.37638888888889,1.0014055056253746,0.0002
9.377777777777778,1.001053578300378,0.0002
9.379166666666666,1.0011827903823045,0.0002
9.380555555555556,1.0007533411502878,0.0002
9.381944444444445,1.000920996514541,0.0002
9.383333333333333,1.000746855504926,0.0002
9.384722222222223,1.0013109961563351,0.0002
9.386111111111111,1.0010190292283343,0.0002
9.387500000000001,1.0012440212734504,0.0002
9.38888888888889,1.0012124965951155,0.0002
9.390277777777778,1.0013332832726038,0.0002
9.391666666666667,1.0011538291807494,0.0002
9.393055555555556,1.0011663387360863,0.0002
9.394444444444444,1.0012512224057513,0.0002
9.395833333333334,1.0013339612731191,0.0002
9.397222222222222,1.0013098133256773,0.0002
9.398611111111112,1.001870546418094,0.0002
9.4,1.0016417982566395,0.0002
9.401388888888889,1.0010298203486907,0.0002
9.402777777777779,1.0012924968960875,0.0002
9.404166666666667,1.0012629736583538,0.0002
9.405555555555557,1.0016940664503742,0.0002
9.406944444444445,1.001375582771577,0.0002
9.408333333333333,1.001518876901479,0.0002
9.409722222222223,1.0009046587554513,0.0002
9.411111111111111,1.0011181063902064,0.0002
9.4125,1.001803484308882,0.0002
9.41388888888889,1.0013901070881548,0.0002
9.415277777777778,1.001123393414481,0.0002
9.416666666666668,1.0014420929402454,0.0002
9.418055555555556,1.0012349628386408,0.0002
9.419444444444444,1.0013867895220134,0.0002
9.420833333333334,1.001099605268139,0.0002
9.422222222222222,1.001301829203262,0.0002
9.42361111111111,1.0013589319806475,0.0002
9.425,1.0016152378575107,0.0002
9.426388888888889,1.0014028526173262,0.0002
9.427777777777779,1.0014076645459762,0.0002
9.429166666666667,1.0012078328951965,0.0002
9.430555555555555,1.0013485750341198,0.0002
9.431944444444445,1.0010427229278684,0.0002
9.433333333333334,1.0010531914704304,0.0002
9.434722222222222,1.0012969269204934,0.0002
9.436111111111112,1.0011260087510914,0.0002
9.4375,1.0011814958976197,0.0002
9.43888888888889,1.0012385463020312,0.0002
9.440277777777778,1.0015055725187527,0.0002
9.441666666666666,1.0015329548546854,0.0002
9.443055555555556,1.001074582758386,0.0002
9.444444444444445,1.0009166536759835,0.0002
9.445833333333333,1.0011039646116318,0.0002
9.447222222222223,1.0011142341060046,0.0002
9.448611111111111,1.0014537559567773,0.0002
9.450000000000001,1.001498818091171,0.0002
9.45138888888889,1.0011385155326558,0.0002
9.452777777777778,1.0011725607990265,0.0002
9.454166666666667,1.0010768739089917,0.0002
9.455555555555556,1.0013642817367339,0.0002
9.456944444444444,1.00136330317932,0.0002
9.458333333333334,1.0015116694260242,0.0002
9.459722222222222,1.001468596058271,0.0002
9.461111111111112,1.001469494546613,0.0002
9.4625,1.001040710420348,0.0002
9.463888888888889,1.0011741796979288,0.0002
9.465277777777779,1.0014999196742083,0.0002
9.466666666666667,1.00120383500627,0.0002
9.468055555555557,1.0009607811785468,0.0002
9.469444444444445,1.0014447858103501,0.0002
9.470833333333333,1.0011732559883622,0.0002
9.472222222222223,1.0014725136887976,0.0002
9.473611111111111,1.0012498445160471,0.0002
9.475,1.0011516170346797,0.0002
9.47638888888889,1.001586183201884,0.0002
9.477777777777778,1.0011007366615519,0.0002
9.479166666666668,1.0016599440492409,0.0002
9.480555555555556,1.0012980800761067,0.0002
9.481944444444444,1.0013674460430977,0.0002
9.483333333333334,1.0012520036548975,0.0002
9.484722222222222,1.001113431217349,0.0002
9.48611111111111,1.0009829697530197,0.0002
9.4875,1.0010501053144794,0.0002
9.488888888888889,1.000930021659251,0.0002
9.490277777777779,1.0015668031984495,0.0002
9.491666666666667,1.0010256989118473,0.0002
9.493055555555555,1.001371431607567,0.0002
9.494444444444445,1.0013452059030212,0.0002
9.495833333333334,1.0012276875957056,0.0002
9.497222222222222,1.001103712451069,0.0002
9.498611111111112,1.0012321977897412,0.0002
9.5,1.0013025995740985,0.0002
9.50138888888889,1.001288670590401,0.0002
9.502777777777778,1.0009185721400755,0.0002
9.504166666666666,1.0009015868999975,0.0002
9.505555555555556,1.0015637383293303,0.0002
9.506944444444445,1.000719457943262,0.0002
9.508333333333333,1.0013138152859051,0.0002
9.509722222222223,1.0012134404817938,0.0002
9.511111111111111,1.0011705394950892,0.0002
9.512500000000001,1.000770091203642,0.0002
9.51388888888889,1.0011258224988715,0.0002
9.515277777777778,1.0011525420203784,0.0002
9.516666666666667,1.0017491516904602,0.0002
9.518055555555556,1.001221591469095,0.0002
9.519444444444444,1.0014057023110847,0.0002
9.520833333333334,1.0008166454625353,0.0002
9.522222222222222,1.0013204062717738,0.0002
9.523611111111112,1.001115170984419,0.0002
9.525,1.0011985982257225,0.0002
9.526388888888889,1.001303029586001,0.0002
9.527777777777779,1.0016088320220424,0.0002
9.529166666666667,1.001317502836214,0.0002
9.530555555555557,1.0010499781287698,0.0002
9.531944444444445,1.0011536247466624,0.0002
9.533333333333333,1.001443128980662,0.0002
9.534722222222223,1.001355406821302,0.0002
9.536111111111111,1.000981192469741,0.0002
9.5375,1.0013628919743909,0.0002
9.53888888888889,1.0010496143090357,0.0002
9.540277777777778,1.0012873243054943,0.0002
9.541666666666668,1.0010876136494307,0.0002
9.543055555555556,1.0011870855435763,0.0002
9.544444444444444,1.0011867242322308,0.0002
9.545833333333334,1.001589690360919,0.0002
9.547222222222222,1.0013594669254748,0.0002
9.54861111111111,1.0014754062777926,0.0002
9.55,1.0018363300092776,0.0002
9.551388888888889,1.0012260994325348,0.0002
9.552777777777779,1.001494376323166,0.0002
9.554166666666667,1.0010535822992226,0.0002
9.555555555555555,1.001449428469309,0.0002
9.556944444444445,1.0009585420745393,0.0002
9.558333333333334,1.00110531003881,0.0002
9.559722222222222,1.001252144019537,0.0002
9.561111111111112,1.0012658201783882,0.0002
9.5625,1.0008616867972282,0.0002
9.56388888888889,1.0009496871750894,0.0002
9.565277777777778,1.0012391137958998,0.0002
9.566666666666666,1.0009957380428667,0.0002
9.568055555555556,1.0007876581486086,0.0002
9.569444444444445,1.0010978011010807,0.0002
9.570833333333333,1.0010397191587532,0.0002
9.572222222222223,1.001081315477209,0.0002
9.573611111111111,1.0010882486706834,0.0002
9.575000000000001,1.0011180340349848,0.0002
9.57638888888889,1.0008665801811332,0.0002
9.577777777777778,1.0008987797486337,0.0002
9.579166666666667,1.0011702594992846,0.0002
9.580555555555556,1.0008206851443076,0.0002
9.581944444444444,1.000802712079967,0.0002
9.583333333333334,1.0005138383132224,0.0002
9.584722222222222,1.0007598986316024,0.0002
9.586111111111112,1.0008962738027993,0.0002
9.5875,1.0003982838064607,0.0002
9.588888888888889,1.0006002403951844,0.0002
9.590277777777779,1.0004914050969635,0.0002
9.591666666666667,1.000967721821177,0.0002
9.593055555555557,1.0003803829997322,0.0002
9.594444444444445,1.0007485533312916,0.0002
9.595833333333333,1.000909920688436,0.0002
9.597222222222223,1.000909782579546,0.0002
9.598611111111111,1.0008125909921097,0.0002
9.6,1.0009424035834802,0.0002
9.60138888888889,1.001111361269847,0.0002
9.602777777777778,1.0009795971604023,0.0002
9.604166666666668,1.000478503506169,0.0002
9.605555555555556,1.0011169638034245,0.0002
9.606944444444444,1.0009562490875228,0.0002
9.608333333333334,1.0008501423511047,0.0002
9.609722222222222,1.0004451020185017,0.0002
9.61111111111111,1.000721609315513,0.0002
9.6125,1.000669880676824,0.0002
9.613888888888889,1.000536411294341,0.0002
9.615277777777779,1.0007428800796132,0.0002
9.616666666666667,1.000710344480478,0.0002
9.618055555555555,1.0007217622698306,0.0002
9.619444444444445,1.0009186370369922,0.0002
9.620833333333334,1.0007599253701656,0.0002
9.622222222222222,1.0005988843508837,0.0002
9.623611111111112,1.0005386424866478,0.0002
9.625,1.0005812053952572,0.0002
9.62638888888889,1.0005584247460426,0.0002
9.627777777777778,1.0007615434984451,0.0002
9.629166666666666,1.000441195886425,0.0002
9.630555555555556,1.0009497578356978,0.0002
9.631944444444445,1.0008404804308242,0.0002
9.633333333333333,1.0001556276317207,0.0002
9.634722222222223,1.0006868364096597,0.0002
9.636111111111111,1.0008526077978386,0.0002
9.637500000000001,1.0007131177968744,0.0002
9.63888888888889,1.0005484633360544,0.0002
9.640277777777778,1.0005805139261672,0.0002
9.641666666666667,1.0005358025074709,0.0002
9.643055555555556,1.0006282278132583,0.0002
9.644444444444444,1.000207491573956,0.0002
9.645833333333334,1.0003754977102313,0.0002
9.647222222222222,1.0008787264465044,0.0002
9.648611111111112,1.0006465799109314,0.0002
9.65,1.0009799253353227,0.0002
9.651388888888889,1.0013342399318235,0.0002
9.652777777777779,1.0006733633801528,0.0002
9.654166666666667,1.0006099846982937,0.0002
9.655555555555557,1.0008804015879114,0.0002
9.656944444444445,1.0011962786980546,0.0002
9.658333333333333,1.0012560415924803,0.0002
9.659722222222223,1.0014528258788513,0.0002
9.661111111111111,1.0009887208052177,0.0002
9.6625,1.0010778156447393,0.0002
9.66388888888889,1.0008657462822734,0.0002
9.665277777777778,1.0004733649879036,0.0002
9.666666666666668,1.000957659517607,0.0002
9.668055555555556,1.0001008268999467,0.0002
9.669444444444444,0.9994280145638498,0.0002
9.670833333333334,0.9974842061936866,0.0002
9.672222222222222,0.9961423979610998,0.0002
9.67361111111111,0.9948174689948913,0.0002
9.675,0.9934896318136959,0.0002
9.676388888888889,0.9928435625753029,0.0002
9.677777777777779,0.9928076892096572,0.0002
9.679166666666667,0.992565308629885,0.0002
9.680555555555555,0.9919202224213075,0.0002
9.681944444444445,0.9921803729712552,0.0002
9.683333333333334,0.9920950523772718,0.0002
9.684722222222222,0.9915072181407228,0.0002
9.686111111111112,0.9913890188247727,0.0002
9.6875,0.9913119369774108,0.0002
9.68888888888889,0.9909992878029519,0.0002
9.690277777777778,0.9909470126583876,0.0002
9.691666666666666,0.9912571010779019,0.0002
9.693055555555556,0.9910920509407435,0.0002
9.694444444444445,0.9907530033103384,0.0002
9.695833333333333,0.9906897058438435,0.0002
9.697222222222223,0.9906432659546272,0.0002
9.698611111111111,0.9906935215733125,0.0002
9.700000000000001,0.9908111909376196,0.0002
9.70138888888889,0.9903703170220325,0.0002
9.702777777777778,0.9907088827332134,0.0002
9.704166666666667,0.9904904785797266,0.0002
9.705555555555556,0.9904903999051464,0.0002
9.706944444444444,0.9906187070408562,0.0002
9.708333333333334,0.9905132985653554,0.0002
9.709722222222222,0.9900298228582614,0.0002
9.711111111111112,0.9901030391138718,0.0002
9.7125,0.9902592552936087,0.0002
9.713888888888889,0.9903796552977147,0.0002
9.715277777777779,0.9906184960688901,0.0002
9.716666666666667,0.9904171231313545,0.0002
9.718055555555557,0.990744567218148,0.0002
9.719444444444445,0.9902332750180569,0.0002
9.720833333333333,0.9902928382066879,0.0002
9.722222222222223,0.990387341640691,0.0002
9.723611111111111,0.9902507676719805,0.0002
9.725,0.9906427169914509,0.0002
9.72638888888889,0.9898667277075206,0.0002
9.727777777777778,0.9903588442963787,0.0002
9.729166666666668,0.9907094896986884,0.0002
9.730555555555556,0.9905109800695455,0.0002
9.731944444444444,0.9907848730535086,0.0002
9.733333333333334,0.991016376823128,0.0002
9.734722222222222,0.9906652699598729,0.0002
9.73611111111111,0.9909731932488112,0.0002
9.7375,0.9912678309626819,0.0002
9.738888888888889,0.9909613221716119,0.0002
9.740277777777779,0.9909937530686351,0.0002
9.741666666666667,0.9913258888574266,0.0002
9.743055555555555,0.9915720832177025,0.0002
9.744444444444445,0.9915092139812031,0.0002
9.745833333333334,0.9917355656579192,0.0002
9.747222222222222,0.992496642420366,0.0002
9.748611111111112,0.9924380007624086,0.0002
9.75,0.9934680290443043,0.0002
9.75138888888889,0.9947034560405451,0.0002
9.752777777777778,0.9966739324459568,0.0002
9.754166666666666,0.9976871911408799,0.0002
9.755555555555556,0.9991138394868008,0.0002
9.756944444444445,1.0005055819654345,0.0002
9.758333333333333,1.000580028260921,0.0002
9.759722222222223,1.0008879559359927,0.0002
9.761111111111111,1.0011829006441835,0.0002
9.762500000000001,1.0005038794570595,0.0002
9.76388888888889,1.0009639932318406,0.0002
9.765277777777778,1.0011172710176188,0.0002
9.766666666666667,1.0009460128694063,0.0002
9.768055555555556,1.0007689163942186,0.0002
9.769444444444444,1.0008828609558929,0.0002
9.770833333333334,1.0007462720456182,0.0002
9.772222222222222,1.0008720301767422,0.0002
9.773611111111112,1.0008278576506433,0.0002
9.775,1.0007427183073847,0.0002
9.776388888888889,1.000988320386632,0.0002
9.777777777777779,1.0011514992508754,0.0002
9.779166666666667,1.0009066599115282,0.0002
9.780555555555557,1.0011619276848558,0.0002
9.781944444444445,1.0011103326766122,0.0002
9.783333333333333,1.0007689713432844,0.0002
9.784722222222223,1.0009214538436013,0.0002
9.786111111111111,1.0007875301608333,0.0002
9.7875,1.000601760003332,0.0002
9.78888888888889,1.0010020646463387,0.0002
9.790277777777778,1.0007325498117974,0.0002
9.791666666666668,1.0010849175604895,0.0002
9.793055555555556,1.0007001107058062,0.0002
9.794444444444444,1.0011253711014612,0.0002
9.795833333333334,1.0008003562089876,0.0002
9.797222222222222,1.0013384120880198,0.0002
9.79861111111111,1.001165524923931,0.0002
9.8,1.001063264666966,0.0002
9.801388888888889,1.0015051391835441,0.0002
9.802777777777779,1.0011887227642386,0.0002
9.804166666666667,1.0013428734773446,0.0002
9.805555555555555,1.001281591085227,0.0002
9.806944444444445,1.001470601946013,0.0002
9.808333333333334,1.0015456613935052,0.0002
9.809722222222222,1.0015321352187052,0.0002
9.811111111111112,1.0012594887716515,0.0002
9.8125,1.0016660603394623,0.0002
9.81388888888889,1.001260339187254,0.0002
9.815277777777778,1.001337154748683,0.0002
9.816666666666666,1.0013606500591496,0.0002
9.818055555555556,1.001591023744673,0.0002
9.819444444444445,1.0011657285550157,0.0002
9.820833333333333,1.0015876119964109,0.0002
9.822222222222223,1.0014415739095635,0.0002
9.823611111111111,1.0013484070127978,0.0002
9.825000000000001,1.001656277022673,0.0002
9.82638888888889,1.001329419492126,0.0002
9.827777777777778,1.001842415878664,0.0002
9.829166666666667,1.0013762049263466,0.0002
9.830555555555556,1.0014256121279745,0.0002
9.831944444444446,1.001661947011164,0.0002
9.833333333333334,1.00140328304716,0.0002
9.834722222222222,1.0016612499194175,0.0002
9.836111111111112,1.0010796048186856,0.0002
9.8375,1.0013748709860069,0.0002
9.838888888888889,1.001582022483366,0.0002
9.840277777777779,1.001757876592544,0.0002
9.841666666666667,1.0016908314978257,0.0002
9.843055555555557,1.001639759915329,0.0002
9.844444444444445,1.0016870810472294,0.0002
9.845833333333333,1.0016074245050384,0.0002
9.847222222222223,1.001081160451518,0.0002
9.848611111111111,1.0017497986736408,0.0002
9.85,1.001216263308379,0.0002
9.85138888888889,1.0014838397618933,0.0002
9.852777777777778,1.0014317068110554,0.0002
9.854166666666668,1.0014194020434295,0.0002
9.855555555555556,1.0012446473094683,0.0002
9.856944444444444,1.001017708185647,0.0002
9.858333333333334,1.0012022607845457,0.0002
9.859722222222222,1.0015595457054924,0.0002
9.86111111111111,1.0011216570867243,0.0002
9.8625,1.001290818751236,0.0002
9.863888888888889,1.0014891384725306,0.0002
9.865277777777779,1.0012253952294923,0.0002
9.866666666666667,1.0013686797420605,0.0002
9.868055555555555,1.001484464969883,0.0002
9.869444444444445,1.0015176775792975,0.0002
9.870833333333334,1.0012701226333973,0.0002
9.872222222222222,1.0015228066115884,0.0002
9.873611111111112,1.0016002716727546,0.0002
9.875,1.00129076974942,0.0002
9.87638888888889,1.0015428528221126,0.0002
9.877777777777778,1.0014010621649378,0.0002
9.879166666666666,1.001621690818358,0.0002
9.880555555555556,1.001749275962272,0.0002
9.881944444444445,1.0015004828677694,0.0002
9.883333333333333,1.0017124707425349,0.0002
9.884722222222223,1.0016961137051281,0.0002
9.886111111111111,1.0016665735547816,0.0002
9.887500000000001,1.0015485080052484,0.0002
9.88888888888889,1.0016230462466842,0.0002
9.890277777777778,1.0015069751478787,0.0002
9.891666666666667,1.0011034151864584,0.0002
9.893055555555556,1.00120268607106,0.0002
9.894444444444446,1.0013342571859571,0.0002
9.895833333333334,1.0013558481925673,0.0002
9.897222222222222,1.0014677704418518,0.0002
9.898611111111112,1.0012163192723444,0.0002
9.9,1.0017422398116111,0.0002
9.901388888888889,1.0012842100118546,0.0002
9.902777777777779,1.0012780019135181,0.0002
9.904166666666667,1.0011456564543306,0.0002
9.905555555555557,1.0010852903440652,0.0002
9.906944444444445,1.0012514067283755,0.0002
9.908333333333333,1.0012622692606943,0.0002
9.909722222222223,1.0012227610189899,0.0002
9.911111111111111,1.0016850339821957,0.0002
9.9125,1.001292943727621,0.0002
9.91388888888889,1.0012749476767835,0.0002
9.915277777777778,1.001604902943925,0.0002
9.916666666666668,1.0014261754094536,0.0002
9.918055555555556,1.00150460780557,0.0002
9.919444444444444,1.0011787388856679,0.0002
9.920833333333334,1.0011381271512807,0.0002
9.922222222222222,1.001457606496504,0.0002
9.92361111111111,1.001376581065884,0.0002
9.925,1.0012403718305674,0.0002
9.926388888888889,1.0014993291254524,0.0002
9.927777777777779,1.0015419426874572,0.0002
9.929166666666667,1.0014018493630148,0.0002
9.930555555555555,1.0014592016857449,0.0002
9.931944444444445,1.0015852794056639,0.0002
9.933333333333334,1.0013649246279517,0.0002
9.934722222222222,1.0015027875643003,0.0002
9.936111111111112,1.0017357781747478,0.0002
9.9375,1.0017056842787029,0.0002
9.93888888888889,1.0016530294914663,0.0002
9.940277777777778,1.001576720302992,0.0002
9.941666666666666,1.0015653545846603,0.0002
9.943055555555556,1.0017470899706546,0.0002
9.944444444444445,1.0021206849660327,0.0002
9.945833333333333,1.0018237754873573,0.0002
9.947222222222223,1.0014533469398343,0.0002
9.948611111111111,1.0018415797418152,0.0002
9.950000000000001,1.0015629814782985,0.0002
9.95138888888889,1.001713965962822,0.0002
9.952777777777778,1.001631677417292,0.0002
9.954166666666667,1.0021834505537965,0.0002
9.955555555555556,1.0015588823379715,0.0002
9.956944444444446,1.0017852098456672,0.0002
9.958333333333334,1.0016663413903306,0.0002
9.959722222222222,1.0019438621405317,0.0002
9.961111111111112,1.0018502648647982,0.0002
9.9625,1.0020260251415123,0.0002
9.963888888888889,1.0018956288683674,0.0002
9.965277777777779,1.0016829475842615,0.0002
9.966666666666667,1.0024673010469523,0.0002
9.968055555555557,1.0020145527063775,0.0002
9.969444444444445,1.0017875485061907,0.0002
9.970833333333333,1.001966162822292,0.0002
9.972222222222223,1.0020536980227042,0.0002
9.973611111111111,1.0020365175849018,0.0002
9.975,1.0020317053520325,0.0002
9.97638888888889,1.002104770350655,0.0002
9.977777777777778,1.0020957349558133,0.0002
9.979166666666668,1.0017610170751388,0.0002
9.980555555555556,1.0023787613411381,0.0002
9.981944444444444,1.0023217691391841,0.0002
9.983333333333334,1.0021196978126352,0.0002
9.984722222222222,1.0019249795120717,0.0002
9.98611111111111,1.0019014020151484,0.0002
9.9875,1.0018004606299358,0.0002
9.988888888888889,1.0017765524188342,0.0002
9.990277777777779,1.0014235797984308,0.0002
9.991666666666667,1.0021219072715966,0.0002
9.993055555555555,1.002018611193247,0.0002
9.994444444444445,1.0015042457773,0.0002
9.995833333333334,1.0019906918663595,0.0002
9.997222222222222,1.0018017268337984,0.0002
9.998611111111112,1.001716443971571,0.0002
10.0,1.001892018657327,0.0002
10.00138888888889,1.0014827019093449,0.0002
10.002777777777778,1.0018618822075203,0.0002
10.004166666666666,1.0019036945444035,0.0002
10.005555555555556,1.0019063724141797,0.0002
10.006944444444445,1.001591980941839,0.0002
10.008333333333333,1.0019168090862705,0.0002
10.009722222222223,1.0020974052947065,0.0002
10.011111111111111,1.00200093620061,0.0002
10.012500000000001,1.0018411063478367,0.0002
10.01388888888889,1.0024256963100877,0.0002
10.015277777777778,1.0016884042654697,0.0002
10.016666666666667,1.0019756587861954,0.0002
10.018055555555556,1.001876887183596,0.0002
10.019444444444446,1.0022108886547563,0.0002
10.020833333333334,1.0018414718981223,0.0002
10.022222222222222,1.0018160392193554,0.0002
10.023611111111112,1.0017248056336787,0.0002
10.025,1.0013942969279717,0.0002
10.026388888888889,1.0014275588771577,0.0002
10.027777777777779,1.001505517618441,0.0002
10.029166666666667,1.0017811005819364,0.0002
10.030555555555557,1.0016325165152449,0.0002
10.031944444444445,1.0015701411459386,0.0002
10.033333333333333,1.0018768354319016,0.0002
10.034722222222223,1.0011692493159021,0.0002
10.036111111111111,1.0013110540575312,0.0002
10.0375,1.0010125517356185,0.0002
10.03888888888889,1.0017774502057788,0.0002
10.040277777777778,1.0014729671137528,0.0002
10.041666666666668,1.00172678166211,0.0002
10.043055555555556,1.0014955170943223,0.0002
10.044444444444444,1.0017697897454227,0.0002
10.045833333333334,1.0014878494635902,0.0002
10.047222222222222,1.0015635531653264,0.0002
10.04861111111111,1.0015509710226769,0.0002
10.05,1.0016185295740931,0.0002
10.051388888888889,1.0019632700120418,0.0002
10.052777777777779,1.0013025725739373,0.0002
10.054166666666667,1.0016968893421312,0.0002
10.055555555555555,1.0017361534532823,0.0002
10.056944444444445,1.0017555681965222,0.0002
10.058333333333334,1.001622531115361,0.0002
10.059722222222222,1.001613552074463,0.0002
10.061111111111112,1.0019188434827644,0.0002
10.0625,1.001546768277937,0.0002
10.06388888888889,1.0020690751793342,0.0002
10.065277777777778,1.0016265183702533,0.0002
10.066666666666666,1.0014817113036432,0.0002
10.068055555555556,1.001690829940341,0.0002
10.069444444444445,1.001578472562231,0.0002
10.070833333333333,1.0017801491067548,0.0002
10.072222222222223,1.0012558665178464,0.0002
10.073611111111111,1.001084411505504,0.0002
10.075000000000001,1.0015115575636768,0.0002
10.07638888888889,1.001610493024156,0.0002
10.077777777777778,1.0014859027150493,0.0002
10.079166666666667,1.0016389613753216,0.0002
10.080555555555556,1.0015760288189086,0.0002
10.081944444444446,1.001237675819922,0.0002
10.083333333333334,1.0015417790397108,0.0002
10.084722222222222,1.0017515207025622,0.0002
10.086111111111112,1.0015758177840206,0.0002
10.0875,1.001330386479852,0.0002
10.088888888888889,1.0015056920323138,0.0002
10.090277777777779,1.001708416465048,0.0002
10.091666666666667,1.0019746716226983,0.0002
10.093055555555557,1.0011988895499655,0.0002
10.094444444444445,1.0016897768087194,0.0002
10.095833333333333,1.0015153312635985,0.0002
10.097222222222223,1.0018240556271367,0.0002
10.098611111111111,1.0018651237167426,0.0002
10.1,1.0017307915910916,0.0002
10.10138888888889,1.0018362494647355,0.0002
10.102777777777778,1.0019581187413338,0.0002
10.104166666666668,1.0016500266795314,0.0002
10.105555555555556,1.0013878117074955,0.0002
10.106944444444444,1.0020382480381957,0.0002
10.108333333333334,1.0019065039150776,0.0002
10.109722222222222,1.0018189341542116,0.0002
10.11111111111111,1.0016197956024706,0.0002
10.1125,1.0019110170833299,0.0002
10.113888888888889,1.0021012046645705,0.0002
10.115277777777779,1.0017246719609616,0.0002
10.116666666666667,1.0017689746742646,0.0002
10.118055555555555,1.0014649676394611,0.0002
10.119444444444445,1.0015581445639135,0.0002
10.120833333333334,1.0014682593610396,0.0002
10.122222222222222,1.0017788266942724,0.0002
10.123611111111112,1.0016560330492759,0.0002
10.125,1.0018459214171693,0.0002
10.12638888888889,1.0016731917113286,0.0002
10.127777777777778,1.0017783724805036,0.0002
10.129166666666666,1.0016115210180403,0.0002
10.130555555555556,1.0018566425372362,0.0002
10.131944444444445,1.001452698123605,0.0002
10.133333333333333,1.0018209895138677,0.0002
10.134722222222223,1.0017238351891544,0.0002
10.136111111111111,1.0018037672088798,0.0002
10.137500000000001,1.0014385361291989,0.0002
10.13888888888889,1.0019023658331272,0.0002
10.140277777777778,1.0017183325748562,0.0002
10.141666666666667,1.001793354468892,0.0002
10.143055555555556,1.0013497729656595,0.0002
10.144444444444446,1.0014690317920092,0.0002
10.145833333333334,1.0016367101991912,0.0002
10.147222222222222,1.0019690213768546,0.0002
10.148611111111112,1.0018133739096322,0.0002
10.15,1.0016502911359184,0.0002
10.151388888888889,1.001405369316017,0.0002
10.152777777777779,1.0013554679699541,0.0002
10.154166666666667,1.0015922551139496,0.0002
10.155555555555557,1.0017506957262396,0.0002
10.156944444444445,1.0016524679531544,0.0002
10.158333333333333,1.0019599055927544,0.0002
10.159722222222223,1.0014587016498784,0.0002
10.161111111111111,1.0016296095986656,0.0002
10.1625,1.0011989073553915,0.0002
10.16388888888889,1.001571290486058,0.0002
10.165277777777778,1.0017794897908283,0.0002
10.166666666666668,1.0012639669930001,0.0002
10.168055555555556,1.0015231970009626,0.0002
10.169444444444444,1.0015908774272764,0.0002
10.170833333333334,1.0012309273034243,0.0002
10.172222222222222,1.001499517734089,0.0002
10.17361111111111,1.0017815970082955,0.0002
10.175,1.0015744131585207,0.0002
10.176388888888889,1.001715664158232,0.0002
10.177777777777779,1.0011821442598825,0.0002
10.179166666666667,1.0016083172035715,0.0002
10.180555555555555,1.0016439776819042,0.0002
10.181944444444445,1.0012775211065505,0.0002
10.183333333333334,1.0014629934123211,0.0002
10.184722222222222,1.0017592325698446,0.0002
10.186111111111112,1.001667160593398,0.0002
10.1875,1.0019421360975944,0.0002
10.18888888888889,1.0018420656930902,0.0002
10.190277777777778,1.0018678126788036,0.0002
10.191666666666666,1.0017748922005134,0.0002
10.193055555555556,1.0018445492267147,0.0002
10.194444444444445,1.0018986346851237,0.0002
10.195833333333333,1.0017878878477562,0.0002
10.197222222222223,1.0016261781121247,0.0002
10.198611111111111,1.001948902671271,0.0002
10.200000000000001,1.0018341564153839,0.0002
10.20138888888889,1.0018042591302951,0.0002
10.202777777777778,1.0016599942356248,0.0002
10.204166666666667,1.0017996238345488,0.0002
10.205555555555556,1.0013165612495816,0.0002
10.206944444444446,1.0017546750134105,0.0002
10.208333333333334,1.0020619848995531,0.0002
10.209722222222222,1.001839696618889,0.0002
10.211111111111112,1.0018067786400606,0.0002
10.2125,1.0015731698530512,0.0002
10.213888888888889,1.0017927157610818,0.0002
10.215277777777779,1.0016635301196168,0.0002
10.216666666666667,1.0019164205166546,0.0002
10.218055555555557,1.001487801237441,0.0002
10.219444444444445,1.001552821257084,0.0002
10.220833333333333,1.0014610721618649,0.0002
10.222222222222223,1.001978073559971,0.0002
10.223611111111111,1.001546734416032,0.0002
10.225,1.0014557942781968,0.0002
10.22638888888889,1.0011254574500594,0.0002
10.227777777777778,1.0014169660824168,0.0002
10.229166666666668,1.0017022101239426,0.0002
10.230555555555556,1.0017042788334112,0.0002
10.231944444444444,1.001448415156944,0.0002
10.233333333333334,1.001479915927261,0.0002
10.234722222222222,1.0020318545999318,0.0002
10.23611111111111,1.0022279518751263,0.0002
10.2375,1.0019491926154476,0.0002
10.238888888888889,1.0020579624081316,0.0002
10.240277777777779,1.0020365986989004,0.0002
10.241666666666667,1.0020844693719775,0.0002
10.243055555555555,1.001571055500395,0.0002
10.244444444444445,1.0014219090165355,0.0002
10.245833333333334,1.001914943124767,0.0002
10.247222222222222,1.0012692367867804,0.0002
10.248611111111112,1.001194253487578,0.0002
10.25,1.0011864917577045,0.0002
10.25138888888889,1.0013575290274188,0.0002
10.252777777777778,1.0009501032075954,0.0002
10.254166666666666,1.0010633346332785,0.0002
10.255555555555556,1.0012050668009032,0.0002
10.256944444444445,1.0011395002399277,0.0002
10.258333333333333,1.0015831540672724,0.0002
10.259722222222223,1.0014031425765826,0.0002
10.261111111111111,1.001525841733333,0.0002
10.262500000000001,1.0014393098721766,0.0002
10.26388888888889,1.0012996893022572,0.0002
10.265277777777778,1.0014816643019357,0.0002
10.266666666666667,1.0013689393731198,0.0002
10.268055555555556,1.001180235433957,0.0002
10.269444444444446,1.0009239878754055,0.0002
10.270833333333334,1.0013030623389823,0.0002
10.272222222222222,1.0009467859410128,0.0002
10.273611111111112,1.0013006692865092,0.0002
10.275,1.0012812398470965,0.0002
10.276388888888889,1.0009579313178512,0.0002
10.277777777777779,1.001281925277642,0.0002
10.279166666666667,1.0012763435060288,0.0002
10.280555555555557,1.0013470960535722,0.0002
10.281944444444445,1.0012693029627564,0.0002
10.283333333333333,1.001067275718672,0.0002
10.284722222222223,1.0014434967844796,0.0002
10.286111111111111,1.0011745681901927,0.0002
10.2875,1.0010102821653213,0.0002
10.28888888888889,1.0013329764971801,0.0002
10.290277777777778,1.00125842940794,0.0002
10.291666666666668,1.0012028810535973,0.0002
10.293055555555556,1.0010766547113779,0.0002
10.294444444444444,1.0006880811531405,0.0002
10.295833333333334,1.0013503337704692,0.0002
10.297222222222222,1.000704637494323,0.0002
10.29861111111111,1.0011324945776519,0.0002
10.3,1.0013765525034073,0.0002
10.301388888888889,1.0009735470483416,0.0002
10.302777777777779,1.0009671323093021,0.0002
10.304166666666667,1.0009709191841805,0.0002
10.305555555555555,1.0008766054841176,0.0002
10.306944444444445,1.0013164870792413,0.0002
10.308333333333334,1.0006705297164156,0.0002
10.309722222222222,1.0006700901467225,0.0002
10.311111111111112,1.0008070802583797,0.0002
10.3125,1.001229774795854,0.0002
10.31388888888889,1.0006998257792135,0.0002
10.315277777777778,1.0009233618526332,0.0002
10.316666666666666,1.0010360179394913,0.0002
10.318055555555556,1.0009696301950897,0.0002
10.319444444444445,1.0010649069821866,0.0002
10.320833333333333,1.0011116608431956,0.0002
10.322222222222223,1.0009509852085516,0.0002
10.323611111111111,1.0008634331678647,0.0002
10.325000000000001,1.0010181965703615,0.0002
10.32638888888889,1.000875735797396,0.0002
10.327777777777778,1.0013476530777805,0.0002
10.329166666666667,1.0007856514599387,0.0002
10.330555555555556,1.0009934808720296,0.0002
10.331944444444446,1.000562258854421,0.0002
10.333333333333334,1.0009421496215394,0.0002
10.334722222222222,1.000818425885909,0.0002
10.336111111111112,1.0009912228738191,0.0002
10.3375,1.0010199924724352,0.0002
10.338888888888889,1.001111817393542,0.0002
10.340277777777779,1.0010905521874947,0.0002
10.341666666666667,1.0008590969652833,0.0002
10.343055555555557,1.000692710559538,0.0002
10.344444444444445,1.000772682254731,0.0002
10.345833333333333,1.001049946570165,0.0002
10.347222222222223,1.001020851371854,0.0002
10.348611111111111,1.0009337890876082,0.0002
10.35,1.0007243136868471,0.0002
10.35138888888889,1.0011532316582614,0.0002
10.352777777777778,1.0005001040778072,0.0002
10.354166666666668,1.0006612720445127,0.0002
10.355555555555556,1.0005790288055025,0.0002
10.356944444444444,1.0008193487677606,0.0002
10.358333333333334,1.001083818238392,0.0002
10.359722222222222,1.0007472036568137,0.0002
10.36111111111111,1.000822284162566,0.0002
10.3625,1.0009504792671042,0.0002
10.363888888888889,1.0007431502362623,0.0002
10.365277777777779,1.0009342452732708,0.0002
10.366666666666667,1.000871006573382,0.0002
10.368055555555555,1.0005997969243323,0.0002
10.369444444444445,1.0007530297923661,0.0002
10.370833333333334,1.0008981546505051,0.0002
10.372222222222222,1.0011216115104666,0.0002
10.373611111111112,1.0011278221359459,0.0002
10.375,1.001326261455213,0.0002
10.37638888888889,1.0010126931436003,0.0002
10.377777777777778,1.0008496914732576,0.0002
10.379166666666666,1.0008902744499717,0.0002
10.380555555555556,1.0008511099694304,0.0002
10.381944444444445,1.0008477552814885,0.0002
10.383333333333333,1.001034492483646,0.0002
10.384722222222223,1.0009966747921415,0.0002
10.386111111111111,1.0006838573725167,0.0002
10.387500000000001,1.0010274952160383,0.0002
10.38888888888889,1.0004159350348487,0.0002
10.390277777777778,1.0007822913717814,0.0002
10.391666666666667,1.0010505573669515,0.0002
10.393055555555556,1.0009471734414013,0.0002
10.394444444444446,1.00061627173932,0.0002
10.395833333333334,1.0010632132141337,0.0002
10.397222222222222,1.0005965603234401,0.0002
10.398611111111112,1.0003051005354724,0.0002
10.4,1.000839627288148,0.0002
10.401388888888889,1.0003834352352758,0.0002
10.402777777777779,1.0005649467575237,0.0002
10.404166666666667,1.0007946595673525,0.0002
10.405555555555557,1.0005682948891852,0.0002
10.406944444444445,1.000718713189993,0.0002
10.408333333333333,1.0002863686836683,0.0002
10.409722222222223,1.0006399248293,0.0002
10.411111111111111,1.000198668596303,0.0002
10.4125,1.0007879892136786,0.0002
10.41388888888889,1.0004389826465028,0.0002
10.415277777777778,1.0008166060427335,0.0002
10.416666666666668,1.0002603274668154,0.0002
10.418055555555556,1.0008559023138577,0.0002
10.419444444444444,1.0001800751726209,0.0002
10.420833333333334,0.9999873288140713,0.0002
10.422222222222222,1.0003520867623916,0.0002
10.42361111111111,1.0006006228696511,0.0002
10.425,1.0004786680193591,0.0002
10.426388888888889,1.000469084555748,0.0002
10.427777777777779,1.0003619286041017,0.0002
10.429166666666667,1.000001510436357,0.0002
10.430555555555555,1.0002834921986847,0.0002
10.431944444444445,1.00019298200925,0.0002
10.433333333333334,0.9999770079108661,0.0002
10.434722222222222,1.000168504515836,0.0002
10.436111111111112,1.0001285307134329,0.0002
10.4375,1.000466758101876,0.0002
10.43888888888889,1.0000744239542134,0.0002
10.440277777777778,1.000101095463192,0.0002
10.441666666666666,1.0000657335593668,0.0002
10.443055555555556,1.000604558509141,0.0002
10.444444444444445,1.0000279636155187,0.0002
10.445833333333333,1.0002954036112854,0.0002
10.447222222222223,0.9998469703744063,0.0002
10.448611111111111,1.0001742241649896,0.0002
10.450000000000001,1.0001470661281848,0.0002
10.45138888888889,1.0003172399340488,0.0002
10.452777777777778,1.000356189815323,0.0002
10.454166666666667,1.0001338423506365,0.0002
10.455555555555556,1.000029200752039,0.0002
10.456944444444446,1.0004886800569293,0.0002
10.458333333333334,1.0001146537152101,0.0002
10.459722222222222,0.9997739194122587,0.0002
10.461111111111112,0.9998258386521252,0.0002
10.4625,0.9998060831929815,0.0002
10.463888888888889,1.0003190139562677,0.0002
10.465277777777779,1.0006619060910205,0.0002
10.466666666666667,0.99983159359478,0.0002
10.468055555555557,1.0002251883700772,0.0002
10.469444444444445,1.00041416059501,0.0002
10.470833333333333,1.000645844563411,0.0002
10.472222222222223,1.000170060138433,0.0002
10.473611111111111,1.0004011737241885,0.0002
10.475,1.0002148002597804,0.0002
10.47638888888889,1.0007677564990023,0.0002
10.477777777777778,1.0002483305433947,0.0002
10.479166666666668,1.000226879042837,0.0002
10.480555555555556,1.0002451911940557,0.0002
10.481944444444444,1.0001589341279493,0.0002
10.483333333333334,1.0004214446101707,0.0002
10.484722222222222,1.000034131154348,0.0002
10.48611111111111,0.9998869172994662,0.0002
10.4875,1.0002697184621248,0.0002
10.488888888888889,1.000493989892027,0.0002
10.490277777777779,1.0002206804623102,0.0002
10.491666666666667,1.0004045622480475,0.0002
10.493055555555555,1.0001573216452806,0.0002
10.494444444444445,1.0006212330943502,0.0002
10.495833333333334,1.0005288359312974,0.0002
10.497222222222222,1.0004720518584924,0.0002
10.498611111111112,1.0004798274138005,0.0002
10.5,1.0001850167389899,0.0002
10.50138888888889,1.0002126263613513,0.0002
10.502777777777778,1.000429967514357,0.0002
10.504166666666666,1.0005200391103424,0.0002
10.505555555555556,1.0005138274130858,0.0002
10.506944444444445,1.000305718198035,0.0002
10.508333333333333,1.0004606664966251,0.0002
10.509722222222223,1.0005658752452904,0.0002
10.511111111111111,1.000276001611047,0.0002
10.512500000000001,1.0004133007005847,0.0002
10.51388888888889,1.0003349329908082,0.0002
10.515277777777778,1.000232443774891,0.0002
10.516666666666667,1.0003207632224265,0.0002
10.518055555555556,1.0006019003144107,0.0002
10.519444444444446,1.0004648572074282,0.0002
10.520833333333334,1.0004460633510281,0.0002
10.522222222222222,1.0001813549051544,0.0002
10.523611111111112,1.000087677182748,0.0002
10.525,1.0003440722856112,0.0002
10.526388888888889,1.000576140273156,0.0002
10.527777777777779,1.0006710234021625,0.0002
10.529166666666667,0.9998852002868298,0.0002
10.530555555555557,1.0009077221837075,0.0002
10.531944444444445,1.000532087513398,0.0002
10.533333333333333,1.000548739771752,0.0002
10.534722222222223,1.0000697503092482,0.0002
10.536111111111111,1.0003492692088825,0.0002
10.5375,1.000593697138433,0.0002
10.53888888888889,1.0001495998050158,0.0002
10.540277777777778,0.9997526306283544,0.0002
10.541666666666668,1.0004874296081734,0.0002
10.543055555555556,1.0003665074616863,0.0002
10.544444444444444,1.0007168574279628,0.0002
10.545833333333334,1.0004018118123317,0.0002
10.547222222222222,1.0003970796326977,0.0002
10.54861111111111,1.0005517213984558,0.0002
10.55,1.0005593263789487,0.0002
10.551388888888889,1.0002100817386514,0.0002
10.552777777777779,1.000491159659692,0.0002
10.554166666666667,1.0001797279597473,0.0002
10.555555555555555,1.0003294717393845,0.0002
10.556944444444445,1.000471769877502,0.0002
10.558333333333334,1.0004388510692488,0.0002
10.559722222222222,1.0003722178353416,0.0002
10.561111111111112,1.000091976988933,0.0002
10.5625,0.9999091529810851,0.0002
10.56388888888889,1.0002795547096845,0.0002
10.565277777777778,1.0005036259395188,0.0002
10.566666666666666,1.0003459726588861,0.0002
10.568055555555556,1.0003886423345343,0.0002
10.569444444444445,1.000337884064093,0.0002
10.570833333333333,1.0003972388523803,0.0002
10.572222222222223,1.000117958840542,0.0002
10.573611111111111,1.00052651617402,0.0002
10.575000000000001,1.0005156138530233,0.0002
10.57638888888889,1.0002046371089568,0.0002
10.577777777777778,1.000331994045826,0.0002
10.579166666666667,0.9999617140983552,0.0002
10.580555555555556,1.0003788650649579,0.0002
10.581944444444446,1.0003044346120158,0.0002
10.583333333333334,1.0006454187410305,0.0002
10.584722222222222,1.0003877922759665,0.0002
10.586111111111112,1.0005888905817182,0.0002
10.5875,1.0003291600570867,0.0002
10.588888888888889,0.9999650136018862,0.0002
10.590277777777779,1.00033896956438,0.0002
10.591666666666667,1.0004234560869496,0.0002
10.593055555555557,1.000428172736681,0.0002
10.594444444444445,1.0003540298165081,0.0002
10.595833333333333,1.0002107611214184,0.0002
10.597222222222223,1.0002333326539656,0.0002
10.598611111111111,1.00011958524332,0.0002
10.6,0.999861203361745,0.0002
10.60138888888889,1.0002217028512357,0.0002
10.602777777777778,1.0000718576623586,0.0002
10.604166666666668,1.0004805740524478,0.0002
10.605555555555556,0.9998261005646665,0.0002
10.606944444444444,1.0004025407195445,0.0002
10.608333333333334,1.0007390449944509,0.0002
10.609722222222222,0.9994968119751165,0.0002
10.61111111111111,0.9983177238802036,0.0002
10.6125,0.9968940461520417,0.0002
10.613888888888889,0.9953399468228865,0.0002
10.615277777777779,0.9935449588397274,0.0002
10.616666666666667,0.9921900458536002,0.0002
10.618055555555555,0.9920893018148538,0.0002
10.619444444444445,0.991296310996545,0.0002
10.620833333333334,0.991470501454725,0.0002
10.622222222222222,0.991056888764455,0.0002
10.623611111111112,0.9909312508218935,0.0002
10.625,0.9905680274368481,0.0002
10.62638888888889,0.9906726153771671,0.0002
10.627777777777778,0.9902339301781206,0.0002
10.629166666666666,0.9900008735428887,0.0002
10.630555555555556,0.9898873478209239,0.0002
10.631944444444445,0.9898628467872921,0.0002
10.633333333333333,0.9902637131913252,0.0002
10.634722222222223,0.989396579867236,0.0002
10.636111111111111,0.9897917823281844,0.0002
10.637500000000001,0.9896315735537043,0.0002
10.63888888888889,0.9897842727939924,0.0002
10.640277777777778,0.9895205857440131,0.0002
10.641666666666667,0.9893959552158051,0.0002
10.643055555555556,0.9895363266180691,0.0002
10.644444444444446,0.9893090895684733,0.0002
10.645833333333334,0.9893644340706574,0.0002
10.647222222222222,0.989526881355924,0.0002
10.648611111111112,0.9892372735300163,0.0002
10.65,0.9890902037995593,0.0002
10.651388888888889,0.9890798313805355,0.0002
10.652777777777779,0.9893910721193876,0.0002
10.654166666666667,0.9891343075658791,0.0002
10.655555555555557,0.9892990998518775,0.0002
10.656944444444445,0.9892296563613001,0.0002
10.658333333333333,0.9895088191759961,0.0002
10.659722222222223,0.9892733629249969,0.0002
10.661111111111111,0.9891282276686353,0.0002
10.6625,0.9891782911251673,0.0002
10.66388888888889,0.9892867212968516,0.0002
10.665277777777778,0.9893203659682309,0.0002
10.666666666666668,0.9894717619210647,0.0002
10.668055555555556,0.9894206982652832,0.0002
10.669444444444444,0.989601681489977,0.0002
10.670833333333334,0.9896694678753483,0.0002
10.672222222222222,0.9897075618627912,0.0002
10.67361111111111,0.9892164706601662,0.0002
10.675,0.9893850453357939,0.0002
10.676388888888889,0.9898234468582348,0.0002
10.677777777777779,0.9898795548373709,0.0002
10.679166666666667,0.9901589756636838,0.0002
10.680555555555555,0.9897485317394967,0.0002
10.681944444444445,0.9901198697044101,0.0002
10.683333333333334,0.9903010656463185,0.0002
10.684722222222222,0.9905335260661202,0.0002
10.686111111111112,0.9907630881203711,0.0002
10.6875,0.9911490594338784,0.0002
10.68888888888889,0.9913937926467127,0.0002
10.690277777777778,0.9920740529161808,0.0002
10.691666666666666,0.9931798567235066,0.0002
10.693055555555556,0.9940988721852576,0.0002
10.694444444444445,0.9959729609375024,0.0002
10.695833333333333,0.9976346033102498,0.0002
10.697222222222223,0.9988863414152694,0.0002
10.698611111111111,0.9994777752596908,0.0002
10.700000000000001,0.9997806662627352,0.0002
10.70138888888889,0.9994172834426904,0.0002
10.702777777777778,0.9997115580739304,0.0002
10.704166666666667,0.9995035975437669,0.0002
10.705555555555556,0.9998443018632764,0.0002
10.706944444444446,0.9994939156779075,0.0002
10.708333333333334,0.9997085528047236,0.0002
10.709722222222222,0.9997142084528332,0.0002
10.711111111111112,0.9997127703957768,0.0002
10.7125,0.9996387940136102,0.0002
10.713888888888889,0.9996912403646278,0.0002
10.715277777777779,0.9999366587946674,0.0002
10.716666666666667,0.9995628582002863,0.0002
10.718055555555557,0.9997118386274318,0.0002
10.719444444444445,0.9996474849810146,0.0002
10.720833333333333,0.9999582035171901,0.0002
10.722222222222223,0.9997060898894853,0.0002
10.723611111111111,0.9994782452651944,0.0002
10.725,0.9996404222246278,0.0002
10.72638888888889,0.9996160258166992,0.0002
10.727777777777778,0.9998486196767803,0.0002
10.729166666666668,0.9995467024038664,0.0002
10.730555555555556,0.9993531434707359,0.0002
10.731944444444444,0.999719665700436,0.0002
10.733333333333334,1.0000453090827035,0.0002
10.734722222222222,0.9999572400534357,0.0002
10.73611111111111,0.9994479188243017,0.0002
10.7375,0.9996015578972104,0.0002
10.738888888888889,0.999643453733387,0.0002
10.740277777777779,0.9996025768422206,0.0002
10.741666666666667,0.9996384032470355,0.0002
10.743055555555555,0.9995623516526493,0.0002
10.744444444444445,0.9994036179219074,0.0002
10.745833333333334,0.9998265062888653,0.0002
10.747222222222222,0.9993916833282254,0.0002
10.748611111111112,0.9994549807904589,0.0002
10.75,0.999415264544007,0.0002
10.75138888888889,0.999736515280314,0.0002
10.752777777777778,0.9996614608515616,0.0002
10.754166666666666,0.9997236491731994,0.0002
10.755555555555556,0.9994101846232701,0.0002
10.756944444444445,0.9992041746034562,0.0002
10.758333333333333,0.9993558977025072,0.0002
10.759722222222223,0.9994474171258217,0.0002
10.761111111111111,0.9995543719079726,0.0002
10.762500000000001,0.999117049594469,0.0002
10.76388888888889,0.9994961517562212,0.0002
10.765277777777778,0.9991904092022544,0.0002
10.766666666666667,0.9992485633482309,0.0002
10.768055555555556,0.9995203530868495,0.0002
10.769444444444446,0.9988486990393376,0.0002
10.770833333333334,0.99936438105041,0.0002
10.772222222222222,0.9993510345944792,0.0002
10.773611111111112,0.9991478337183167,0.0002
10.775,0.9992327176844255,0.0002
10.776388888888889,0.999541924370873,0.0002
10.777777777777779,0.999602270680034,0.0002
10.779166666666667,0.999429084982923,0.0002
10.780555555555557,0.9995501852855367,0.0002
10.781944444444445,0.9990087358446506,0.0002
10.783333333333333,0.9988532440984945,0.0002
10.784722222222223,0.9992237982725015,0.0002
10.786111111111111,0.9993939119027033,0.0002
10.7875,0.9988876288235422,0.0002
10.78888888888889,0.9990077147449734,0.0002
10.790277777777778,0.9990415045914098,0.0002
10.791666666666668,0.9992735307989616,0.0002
10.793055555555556,0.9993042045783485,0.0002
10.794444444444444,0.9990793289024866,0.0002
10.795833333333334,0.9992596510319178,0.0002
10.797222222222222,0.9990434039380129,0.0002
10.79861111111111,0.999183217026072,0.0002
10.8,0.9989652829764154,0.0002
10.801388888888889,0.9993049937405988,0.0002
10.802777777777779,0.9991260318292993,0.0002
10.804166666666667,0.9994215826463984,0.0002
10.805555555555555,0.9992944222755739,0.0002
10.806944444444445,0.9992668474811481,0.0002
10.808333333333334,0.9996574806881752,0.0002
10.809722222222222,0.9993724044973408,0.0002
10.811111111111112,0.999211721371041,0.0002
10.8125,0.9991180125066008,0.0002
10.81388888888889,0.9990970001673686,0.0002
10.815277777777778,0.999310327685886,0.0002
10.816666666666666,0.9994125800331082,0.0002
10.818055555555556,0.9989532112849027,0.0002
10.819444444444445,0.9990474081496569,0.0002
10.820833333333333,0.9991965156914804,0.0002
10.822222222222223,0.9990097001410219,0.0002
10.823611111111111,0.9992310148658515,0.0002
10.825000000000001,0.9992405807375485,0.0002
10.82638888888889,0.999233517376875,0.0002
10.827777777777778,0.999313748167585,0.0002
10.829166666666667,0.9990607624664587,0.0002
10.830555555555556,0.9991279460170013,0.0002
10.831944444444446,0.9990026906226608,0.0002
10.833333333333334,0.9992209723129601,0.0002
10.834722222222222,0.9992052763468459,0.0002
10.836111111111112,0.9989950339493159,0.0002
10.8375,0.9991974152522523,0.0002
10.838888888888889,0.9991583918868199,0.0002
10.840277777777779,0.9991602942744529,0.0002
10.841666666666667,0.9992073638702302,0.0002
10.843055555555557,0.9989423746407123,0.0002
10.844444444444445,0.9992576528707352,0.0002
10.845833333333333,0.9992151674570421,0.0002
10.847222222222223,0.9989832617676022,0.0002
10.848611111111111,0.9989215616261197,0.0002
10.85,0.9989782579038363,0.0002
10.85138888888889,0.9987694553018123,0.0002
10.852777777777778,0.9991384437840148,0.0002
10.854166666666668,0.9993052536260945,0.0002
10.855555555555556,0.999227784504979,0.0002
10.856944444444444,0.998755700667849,0.0002
10.858333333333334,0.999084117199439,0.0002
10.859722222222222,0.9989654700835106,0.0002
10.86111111111111,0.9985334271148228,0.0002
10.8625,0.9989473576920382,0.0002
10.863888888888889,0.9989709967254796,0.0002
10.865277777777779,0.9993093503721227,0.0002
10.866666666666667,0.9989658667844702,0.0002
10.868055555555555,0.9992046014695122,0.0002
10.869444444444445,0.9990706163373698,0.0002
10.870833333333334,0.9988340108330338,0.0002
10.872222222222222,0.9990044523601779,0.0002
10.873611111111112,0.9994742045822024,0.0002
10.875,0.9991138740799191,0.0002
10.87638888888889,0.9994245472792703,0.0002
10.877777777777778,0.9995107771360614,0.0002
10.879166666666666,0.9992640905175729,0.0002
10.880555555555556,0.9991225747564519,0.0002
10.881944444444445,0.9992035624215333,0.0002
10.883333333333335,0.9996703461478906,0.0002
10.884722222222223,0.9993507767122978,0.0002
10.886111111111111,0.999031313689761,0.0002
10.887500000000001,0.9995576607930511,0.0002
10.88888888888889,0.9990234442639201,0.0002
10.890277777777778,0.9992163838518288,0.0002
10.891666666666667,0.9992892716114529,0.0002
10.893055555555556,0.9997687371163692,0.0002
10.894444444444446,0.9993938301066102,0.0002
10.895833333333334,0.9991764023985646,0.0002
10.897222222222222,0.9993242859787042,0.0002
10.898611111111112,0.9995291959813123,0.0002
10.9,0.999647975806829,0.0002
10.901388888888889,0.999246041410771,0.0002
10.902777777777779,0.9992791247787762,0.0002
10.904166666666667,0.9991858731937134,0.0002
10.905555555555557,0.9995420364707506,0.0002
10.906944444444445,0.9997111329108403,0.0002
10.908333333333333,0.9990411936158852,0.0002
10.909722222222223,0.9993321063630038,0.0002
10.911111111111111,0.9991351789263491,0.0002
10.9125,0.9994162094970112,0.0002
10.91388888888889,0.9991393346079616,0.0002
10.915277777777778,0.9991124975453707,0.0002
10.916666666666668,0.9996484108425127,0.0002
10.918055555555556,0.9993405940840492,0.0002
10.919444444444444,0.9993145120812416,0.0002
10.920833333333334,0.999366403621301,0.0002
10.922222222222222,0.999458120791041,0.0002
10.92361111111111,0.9991245148776436,0.0002
10.925,0.9991271205352615,0.0002
10.926388888888889,0.999120785669375,0.0002
10.927777777777779,0.9993799803785676,0.0002
10.929166666666667,0.9991903112302991,0.0002
10.930555555555555,0.9991433718690544,0.0002
10.931944444444445,0.9993286321347598,0.0002
10.933333333333334,0.9996081499140804,0.0002
10.934722222222222,0.9992560025094768,0.0002
10.936111111111112,0.9991619262359012,0.0002
10.9375,0.9996044567940414,0.0002
10.93888888888889,0.9995146816029826,0.0002
10.940277777777778,0.9994672636015852,0.0002
10.941666666666666,0.9991541741944099,0.0002
10.943055555555556,0.9990976030665263,0.0002
10.944444444444445,0.9988857376270289,0.0002
10.945833333333335,0.9994194350156004,0.0002
10.947222222222223,0.9992810738025171,0.0002
10.948611111111111,0.998908619225437,0.0002
10.950000000000001,0.9995789104185576,0.0002
10.95138888888889,0.9992187133147119,0.0002
10.952777777777778,0.9991763354621357,0.0002
10.954166666666667,0.9988887992800953,0.0002
10.955555555555556,0.9992270231683414,0.0002
10.956944444444446,0.9991662425078379,0.0002
10.958333333333334,0.9990850865662062,0.0002
10.959722222222222,0.9990112648299692,0.0002
10.961111111111112,0.9995987355957067,0.0002
10.9625,0.9988155391259664,0.0002
10.963888888888889,0.9988851083760697,0.0002
10.965277777777779,0.999246807639834,0.0002
10.966666666666667,0.9988691191691929,0.0002
10.968055555555557,0.9987944623865851,0.0002
10.969444444444445,0.9992751909168776,0.0002
10.970833333333333,0.9991605201880108,0.0002
10.972222222222223,0.999229789344652,0.0002
10.973611111111111,0.9991457156998381,0.0002
10.975,0.9990099370745198,0.0002
10.97638888888889,0.9991476116082143,0.0002
10.977777777777778,0.9991589118996868,0.0002
10.979166666666668,0.9993104504251696,0.0002
10.980555555555556,0.9992606068911153,0.0002
10.981944444444444,0.999016482412436,0.0002
10.983333333333334,0.9992959585398306,0.0002
10.984722222222222,0.9987512539587644,0.0002
10.98611111111111,0.9989075485401279,0.0002
10.9875,0.998770868498286,0.0002
10.988888888888889,0.9988163727189052,0.0002
10.990277777777779,0.9993661797617304,0.0002
10.991666666666667,0.9986100137510301,0.0002
10.993055555555555,0.9986907073044566,0.0002
10.994444444444445,0.9989353459590414,0.0002
10.995833333333334,0.9987091248600044,0.0002
10.997222222222222,0.998840168150113,0.0002
10.998611111111112,0.9991221431565918,0.0002
11.0,0.9990712666492757,0.0002
11.00138888888889,0.9988461816402343,0.0002
11.002777777777778,0.9989645640300376,0.0002
11.004166666666666,0.9990600218733573,0.0002
11.005555555555556,0.9990049500213024,0.0002
11.006944444444445,0.998866545387443,0.0002
11.008333333333335,0.9988621343788747,0.0002
11.009722222222223,0.9988635586970356,0.0002
11.011111111111111,0.9987377419290403,0.0002
11.012500000000001,0.9985465361918301,0.0002
11.01388888888889,0.9988959395550633,0.0002
11.015277777777778,0.9987818287470659,0.0002
11.016666666666667,0.9982331351075001,0.0002
11.018055555555556,0.9985257753696141,0.0002
11.019444444444446,0.9985621652096647,0.0002
11.020833333333334,0.9986684418021593,0.0002
11.022222222222222,0.9989165877868377,0.0002
11.023611111111112,0.9992921941228327,0.0002
11.025,0.9981763245011022,0.0002
11.026388888888889,0.998756656821314,0.0002
11.027777777777779,0.998745364646523,0.0002
11.029166666666667,0.9986918414658231,0.0002
11.030555555555557,0.9988612384710559,0.0002
11.031944444444445,0.9988172109104768,0.0002
11.033333333333333,0.9987246802622183,0.0002
11.034722222222223,0.9987968625056701,0.0002
11.036111111111111,0.9988369337724528,0.0002
11.0375,0.9988458466504225,0.0002
11.03888888888889,0.9987937802962509,0.0002
11.040277777777778,0.9986210655517878,0.0002
11.041666666666668,0.9993604761819521,0.0002
11.043055555555556,0.9988039509384958,0.0002
11.044444444444444,0.9989601500815519,0.0002
11.045833333333334,0.9987056324320561,0.0002
11.047222222222222,0.9988601490607469,0.0002
11.04861111111111,0.9988410740316565,0.0002
11.05,0.9983468421762594,0.0002
11.051388888888889,0.9985801173480618,0.0002
11.052777777777779,0.9985922870969653,0.0002
11.054166666666667,0.9986506661135149,0.0002
11.055555555555555,0.9985483217562471,0.0002
11.056944444444445,0.9986715815390041,0.0002
11.058333333333334,0.998872550374819,0.0002
11.059722222222222,0.9987134673700305,0.0002
11.061111111111112,0.998401867421723,0.0002
11.0625,0.9984976916090601,0.0002
11.06388888888889,0.9985864369159766,0.0002
11.065277777777778,0.9983710192073307,0.0002
11.066666666666666,0.9987441849837173,0.0002
11.068055555555556,0.9989170948669805,0.0002
11.069444444444445,0.9986045782633516,0.0002
11.070833333333335,0.9987390341650585,0.0002
11.072222222222223,0.9986596359381089,0.0002
11.073611111111111,0.9986078714852843,0.0002
11.075000000000001,0.998802357710084,0.0002
11.07638888888889,0.9987043983040873,0.0002
11.077777777777778,0.9986699266178845,0.0002
11.079166666666667,0.9985872211837569,0.0002
11.080555555555556,0.9988965921778499,0.0002
11.081944444444446,0.9991324610904915,0.0002
11.083333333333334,0.9990833410350587,0.0002
11.084722222222222,0.9991920051134182,0.0002
11.086111111111112,0.9987689722315962,0.0002
11.0875,0.9990748806774102,0.0002
11.088888888888889,0.9986457655295455,0.0002
11.090277777777779,0.9990250052446497,0.0002
11.091666666666667,0.999219183538539,0.0002
11.093055555555557,0.9989872236342061,0.0002
11.094444444444445,0.9992172951676846,0.0002
11.095833333333333,0.9987615951233919,0.0002
11.097222222222223,0.998838233856968,0.0002
11.098611111111111,0.998688849682183,0.0002
11.1,0.9988500827723333,0.0002
11.10138888888889,0.9990188331751277,0.0002
11.102777777777778,0.9989062724465176,0.0002
11.104166666666668,0.9987800630413904,0.0002
11.105555555555556,0.9987541899212384,0.0002
11.106944444444444,0.9990150121970873,0.0002
11.108333333333334,0.9988543668709365,0.0002
11.109722222222222,0.9986758152784729,0.0002
11.11111111111111,0.9985385599152767,0.0002
11.1125,0.9988146434973993,0.0002
11.113888888888889,0.998714198997877,0.0002
11.115277777777779,0.9988794878500928,0.0002
11.116666666666667,0.9989418035783404,0.0002
11.118055555555555,0.9990065489954135,0.0002
11.119444444444445,0.998817949427526,0.0002
11.120833333333334,0.9993943981911443,0.0002
11.122222222222222,0.9986681884051912,0.0002
11.123611111111112,0.9991542460124131,0.0002
11.125,0.9988034847738168,0.0002
11.12638888888889,0.998723507392525,0.0002
11.127777777777778,0.9988956383467041,0.0002
11.129166666666666,0.9986948798560966,0.0002
11.130555555555556,0.9985686554794001,0.0002
11.131944444444445,0.999049826546815,0.0002
11.133333333333335,0.9983062719054445,0.0002
11.134722222222223,0.9987235984073245,0.0002
11.136111111111111,0.9988635971852479,0.0002
11.137500000000001,0.9991789059550882,0.0002
11.13888888888889,0.9987828587238401,0.0002
11.140277777777778,0.9994636769781599,0.0002
11.141666666666667,0.9990169169205738,0.0002
11.143055555555556,0.998426206628183,0.0002
11.144444444444446,0.9985869254694275,0.0002
11.145833333333334,0.9988831159255742,0.0002
11.147222222222222,0.9986355348564089,0.0002
11.148611111111112,0.9990175213751542,0.0002
11.15,0.9988594806556759,0.0002
11.151388888888889,0.9987213119228945,0.0002
11.152777777777779,0.998774102064805,0.0002
11.154166666666667,0.99916192327531,0.0002
11.155555555555557,0.99860127827768,0.0002
11.156944444444445,0.9992400877725617,0.0002
11.158333333333333,0.9992556977780994,0.0002
11.159722222222223,0.9990134117583349,0.0002
11.161111111111111,0.9987249762139672,0.0002
11.1625,0.9991115073253983,0.0002
11.16388888888889,0.9988403762778021,0.0002
11.165277777777778,0.9986477430592492,0.0002
11.166666666666668,0.9994080064563389,0.0002
11.168055555555556,0.9988281125878187,0.0002
11.169444444444444,0.9987168325031077,0.0002
11.170833333333334,0.9991032512325267,0.0002
11.172222222222222,0.9989387566690671,0.0002
11.17361111111111,0.9992262232934171,0.0002
11.175,0.9988700112266149,0.0002
11.176388888888889,0.9987404133042944,0.0002
11.177777777777779,0.9988374242885879,0.0002
11.179166666666667,0.9988610867968167,0.0002
11.180555555555555,0.9989135061181225,0.0002
11.181944444444445,0.9989394943166894,0.0002
11.183333333333334,0.9989588006221105,0.0002
11.184722222222222,0.9988528937817552,0.0002
11.186111111111112,0.9991285626109936,0.0002
11.1875,0.99887612382259,0.0002
11.18888888888889,0.9991147451173431,0.0002
11.190277777777778,0.999203054733483,0.0002
11.191666666666666,0.9988481479936482,0.0002
11.193055555555556,0.9995344565659553,0.0002
11.194444444444445,0.9989744449036794,0.0002
11.195833333333335,0.9989576753455891,0.0002
11.197222222222223,0.9991636447406476,0.0002
11.198611111111111,0.9992026682718742,0.0002
11.200000000000001,0.9991539488697208,0.0002
11.20138888888889,0.9993186285735411,0.0002
11.202777777777778,0.9991769809655533,0.0002
11.204166666666667,0.9995594319914195,0.0002
11.205555555555556,0.9990865091808505,0.0002
11.206944444444446,0.9989556075841318,0.0002
11.208333333333334,0.9990794914638388,0.0002
11.209722222222222,0.9993589026632627,0.0002
11.211111111111112,0.9993945005569399,0.0002
11.2125,0.9992758649043542,0.0002
11.213888888888889,0.999074028029904,0.0002
11.215277777777779,0.9995636483806363,0.0002
11.216666666666667,0.9996899841468941,0.0002
11.218055555555557,0.9993060532503494,0.0002
11.219444444444445,0.9997271564098267,0.0002
11.220833333333333,0.9995667421792208,0.0002
11.222222222222223,0.9999506860721343,0.0002
11.223611111111111,0.9995682626510035,0.0002
11.225,0.9994561325245914,0.0002
11.22638888888889,0.9996534170287934,0.0002
11.227777777777778,0.999343886673386,0.0002
11.229166666666668,0.9995033115889638,0.0002
11.230555555555556,0.9996853033355071,0.0002
11.231944444444444,0.9996306062723586,0.0002
11.233333333333334,0.9994887903683266,0.0002
11.234722222222222,0.9995561560047184,0.0002
11.23611111111111,0.9996494681092825,0.0002
11.2375,0.9996984987173022,0.0002
11.238888888888889,0.9998875392459983,0.0002
11.240277777777779,0.9998370807420741,0.0002
11.241666666666667,0.9996089393635468,0.0002
11.243055555555555,0.9995816970355947,0.0002
11.244444444444445,0.9997780028212445,0.0002
11.245833333333334,0.9998424545601766,0.0002
11.247222222222222,0.9997923044074637,0.0002
11.248611111111112,0.9995163012520075,0.0002
11.25,0.999702408675821,0.0002
11.25138888888889,0.9995548221114401,0.0002
11.252777777777778,0.9995042414466003,0.0002
11.254166666666666,0.999743786283138,0.0002
11.255555555555556,1.000060275903382,0.0002
11.256944444444445,0.9998064647648237,0.0002
11.258333333333335,1.0000894445040074,0.0002
11.259722222222223,0.999707642173791,0.0002
11.261111111111111,0.999793631680761,0.0002
11.262500000000001,0.9994785838328526,0.0002
11.26388888888889,0.9995698591283804,0.0002
11.265277777777778,0.9993964468807423,0.0002
11.266666666666667,0.9993590541985399,0.0002
11.268055555555556,0.9994101539553831,0.0002
11.269444444444446,0.999623986547061,0.0002
11.270833333333334,0.9994929551089546,0.0002
11.272222222222222,0.9995191173456126,0.0002
11.273611111111112,0.9997259778991319,0.0002
11.275,0.9992836871107668,0.0002
11.276388888888889,0.9995481311830509,0.0002
11.277777777777779,0.9997362208947295,0.0002
11.279166666666667,0.99976524154151,0.0002
11.280555555555557,0.9997239326324848,0.0002
11.281944444444445,0.9995860545598106,0.0002
11.283333333333333,0.9994356469743927,0.0002
11.284722222222223,0.9996062201385568,0.0002
11.286111111111111,0.9998840620228666,0.0002
11.2875,0.999665297228464,0.0002
11.28888888888889,0.9996497463797529,0.0002
11.290277777777778,0.9998232619801853,0.0002
11.291666666666668,0.9996892155536765,0.0002
11.293055555555556,0.9996873173272128,0.0002
11.294444444444444,0.9995833954635501,0.0002
11.295833333333334,0.9994908248092418,0.0002
11.297222222222222,0.9997293247097597,0.0002
11.29861111111111,0.9991696933530493,0.0002
11.3,0.999685319141597,0.0002
11.301388888888889,0.99944654292346,0.0002
11.302777777777779,0.9991919165259261,0.0002
11.304166666666667,0.9993989660075664,0.0002
11.305555555555555,0.9996557672591238,0.0002
11.306944444444445,0.9997093997096111,0.0002
11.308333333333334,0.9998855548660452,0.0002
11.309722222222222,0.9999210495700498,0.0002
11.311111111111112,0.9994949313606157,0.0002
11.3125,0.999821130668139,0.0002
11.31388888888889,0.9998859009194843,0.0002
11.315277777777778,0.9997823180025768,0.0002
11.316666666666666,0.9998280197595801,0.0002
11.318055555555556,0.9993614092858838,0.0002
11.319444444444445,0.9995789357649222,0.0002
11.320833333333335,1.0000681912504328,0.0002
11.322222222222223,0.9997310606022712,0.0002
11.323611111111111,1.0001981480787618,0.0002
11.325000000000001,0.999548024768139,0.0002
11.32638888888889,1.0001325139046227,0.0002
11.327777777777778,0.9996512193704402,0.0002
11.329166666666667,0.9999371140507715,0.0002
11.330555555555556,0.9996261073505979,0.0002
11.331944444444446,0.9997100792444078,0.0002
11.333333333333334,0.9997971445077574,0.0002
11.334722222222222,0.9995292995764659,0.0002
11.336111111111112,0.9998846626286338,0.0002
11.3375,0.9996186353831159,0.0002
11.338888888888889,0.9997398068412479,0.0002
11.340277777777779,0.999275085505738,0.0002
11.341666666666667,0.999785902341938,0.0002
11.343055555555557,1.000104706454617,0.0002
11.344444444444445,0.9999392510631441,0.0002
11.345833333333333,0.9999155622137029,0.0002
11.347222222222223,0.9997302574460424,0.0002
11.348611111111111,1.0000236287059205,0.0002
11.35,0.9997133707148873,0.0002
11.35138888888889,0.999508931667949,0.0002
11.352777777777778,0.9998074802071747,0.0002
11.354166666666668,0.9998432816428315,0.0002
11.355555555555556,0.9997283538262244,0.0002
11.356944444444444,0.9994908999993244,0.0002
11.358333333333334,0.9996206932376481,0.0002
11.359722222222222,0.9998343448234988,0.0002
11.36111111111111,0.999735196997927,0.0002
11.3625,0.9993548993694412,0.0002
11.363888888888889,0.9994512280084327,0.0002
11.365277777777779,0.9994612063426989,0.0002
11.366666666666667,0.9994704818653607,0.0002
11.368055555555555,0.9991935549840706,0.0002
11.369444444444445,0.9999387342641505,0.0002
11.370833333333334,0.9994657898859327,0.0002
11.372222222222222,0.9994316018956277,0.0002
11.373611111111112,0.9992343915372311,0.0002
11.375,0.9998053225476642,0.0002
11.37638888888889,0.9996414508715626,0.0002
11.377777777777778,0.9996674876846063,0.0002
11.379166666666666,0.9997038208129373,0.0002
11.380555555555556,0.999855597948709,0.0002
11.381944444444445,0.9996926237457204,0.0002
11.383333333333335,0.9993621467196677,0.0002
11.384722222222223,0.9995091945031541,0.0002
11.386111111111111,0.9994399077470743,0.0002
11.387500000000001,0.9997166487814043,0.0002
11.38888888888889,0.9998500905855311,0.0002
11.390277777777778,0.9999742002772499,0.0002
11.391666666666667,0.9992765227385972,0.0002
11.393055555555556,0.9997504318680209,0.0002
11.394444444444446,0.9994661435558687,0.0002
11.395833333333334,1.0002324355518617,0.0002
11.397222222222222,0.9999085566194471,0.0002
11.398611111111112,0.9999211210422897,0.0002
11.4,0.9997448831680269,0.0002
11.401388888888889,0.9996191546722673,0.0002
11.402777777777779,0.9995203778190296,0.0002
11.404166666666667,0.9994812391742971,0.0002
11.405555555555557,0.9994343454939678,0.0002
11.406944444444445,0.9997450750385434,0.0002
11.408333333333333,0.9998879568806923,0.0002
11.409722222222223,0.9994458831341654,0.0002
11.411111111111111,0.9993916326870346,0.0002
11.4125,0.9991894352311093,0.0002
11.41388888888889,0.9994851153463034,0.0002
11.415277777777778,0.9997204751512061,0.0002
11.416666666666668,0.999754690535499,0.0002
11.418055555555556,0.9997175288087141,0.0002
11.419444444444444,0.9994969277059349,0.0002
11.420833333333334,0.9993909154488068,0.0002
11.422222222222222,0.9997106771890182,0.0002
11.42361111111111,0.9992738110568248,0.0002
11.425,0.9993886832794152,0.0002
11.426388888888889,0.9998455575051489,0.0002
11.427777777777779,0.9992268098232803,0.0002
11.429166666666667,0.9994044028491352,0.0002
11.430555555555555,0.9995426183062273,0.0002
11.431944444444445,0.999453798678959,0.0002
11.433333333333334,0.9996629555865713,0.0002
11.434722222222222,0.9997497877211797,0.0002
11.436111111111112,0.9995444167238108,0.0002
11.4375,0.9997192871525745,0.0002
11.43888888888889,0.9992422841170928,0.0002
11.440277777777778,0.9993773243700458,0.0002
11.441666666666666,0.9999007280787754,0.0002
11.443055555555556,0.9998272912676943,0.0002
11.444444444444445,0.9991926288590463,0.0002
11.445833333333335,0.9993919368105039,0.0002
11.447222222222223,0.9993764004241503,0.0002
11.448611111111111,0.9994509940396845,0.0002
11.450000000000001,0.9996899469424508,0.0002
11.45138888888889,0.9998101868483116,0.0002
11.452777777777778,0.9994313107184468,0.0002
11.454166666666667,0.9996587286516102,0.0002
11.455555555555556,0.9995123559793725,0.0002
11.456944444444446,0.9994385073009112,0.0002
11.458333333333334,0.9991118746030974,0.0002
11.459722222222222,0.9996249055059673,0.0002
11.461111111111112,0.9995349060457114,0.0002
11.4625,0.9994680062088708,0.0002
11.463888888888889,0.9992539728965626,0.0002
11.465277777777779,0.9998330791797398,0.0002
11.466666666666667,0.9994790945238913,0.0002
11.468055555555557,0.9992467611004947,0.0002
11.469444444444445,0.9991810117324357,0.0002
11.470833333333333,0.9995860683454059,0.0002
11.472222222222223,0.9996048014319755,0.0002
11.473611111111111,0.9993000805913788,0.0002
11.475,0.9994970200498935,0.0002
11.47638888888889,0.999536203659552,0.0002
11.477777777777778,0.9994368746567515,0.0002
11.479166666666668,0.9992705208773467,0.0002
11.480555555555556,0.9996151597054282,0.0002
11.481944444444444,0.9996517088575942,0.0002
11.483333333333334,0.9995441329110696,0.0002
11.484722222222222,0.9992485006475753,0.0002
11.48611111111111,0.9991797309770143,0.0002
11.4875,0.9994834447907354,0.0002
11.488888888888889,0.9996752644542072,0.0002
11.490277777777779,0.9998233151041802,0.0002
11.491666666666667,0.9997603198188119,0.0002
11.493055555555555,0.9996051257157129,0.0002
11.494444444444445,0.9995205035281288,0.0002
11.495833333333334,0.999632809580103,0.0002
11.497222222222222,0.9996205313008208,0.0002
11.498611111111112,0.9998761309797637,0.0002
11.5,0.9995774536474951,0.0002
11.50138888888889,0.9996126194046333,0.0002
11.502777777777778,1.0000933088893593,0.0002
11.504166666666666,0.9999756444324376,0.0002
11.505555555555556,0.9994807913459427,0.0002
11.506944444444445,0.999984316388497,0.0002
11.508333333333335,0.9995046977830355,0.0002
11.509722222222223,0.9995964699808466,0.0002
11.511111111111111,0.999654167584288,0.0002
11.512500000000001,0.9996731340337629,0.0002
11.51388888888889,0.9998341460285192,0.0002
11.515277777777778,0.9997228635933404,0.0002
11.516666666666667,0.9998961041331469,0.0002
11.518055555555556,0.9996738174922105,0.0002
11.519444444444446,0.9998372945571786,0.0002
11.520833333333334,0.9998060340066319,0.0002
11.522222222222222,0.9994727903631598,0.0002
11.523611111111112,0.9998438492377394,0.0002
11.525,0.9997544101943319,0.0002
11.526388888888889,0.9995690929271394,0.0002
11.527777777777779,0.999606973905906,0.0002
11.529166666666667,0.999662765312017,0.0002
11.530555555555557,0.999666651143545,0.0002
11.531944444444445,1.0000934049638264,0.0002
11.533333333333333,1.0001741397315997,0.0002
11.534722222222223,0.9991472456331504,0.0002
11.536111111111111,0.9998139218490151,0.0002
11.5375,0.9998429057375028,0.0002
11.53888888888889,0.9996375229247788,0.0002
11.540277777777778,0.999843359401922,0.0002
11.541666666666668,0.9999891151618219,0.0002
11.543055555555556,0.9993250095376205,0.0002
11.544444444444444,0.9996319004136288,0.0002
11.545833333333334,1.000038979743869,0.0002
11.547222222222222,0.9993634161050601,0.0002
11.54861111111111,0.9995603959169828,0.0002
11.55,0.9992890975278674,0.0002
11.551388888888889,0.9986771625129981,0.0002
11.552777777777779,0.9972704964087784,0.0002
11.554166666666667,0.9956129937631053,0.0002
11.555555555555555,0.9940005252071947,0.0002
11.556944444444445,0.9921951737581607,0.0002
11.558333333333334,0.9918859454545582,0.0002
11.559722222222222,0.9910448877950188,0.0002
11.561111111111112,0.990803811192257,0.0002
11.5625,0.9907420634806573,0.0002
11.56388888888889,0.9903923172419238,0.0002
11.565277777777778,0.9903544365618824,0.0002
11.566666666666666,0.9901201744309639,0.0002
11.568055555555556,0.9898603301364772,0.0002
11.569444444444445,0.989792721895453,0.0002
11.570833333333335,0.9893388359656002,0.0002
11.572222222222223,0.9895340602431619,0.0002
11.573611111111111,0.9897917416307754,0.0002
11.575000000000001,0.9893886503085001,0.0002
11.57638888888889,0.9894113268959165,0.0002
11.577777777777778,0.9893108820309299,0.0002
11.579166666666667,0.9895135492868784,0.0002
11.580555555555556,0.989708930407434,0.0002
11.581944444444446,0.9894236205224697,0.0002
11.583333333333334,0.9889081769482438,0.0002
11.584722222222222,0.9894909326303934,0.0002
11.586111111111112,0.9892429051770412,0.0002
11.5875,0.9893540385345934,0.0002
11.588888888888889,0.9891763795061222,0.0002
11.590277777777779,0.9889367991455004,0.0002
11.591666666666667,0.9891262214602584,0.0002
11.593055555555557,0.9889727841158471,0.0002
11.594444444444445,0.9891324829506805,0.0002
11.595833333333333,0.9888564703671732,0.0002
11.597222222222223,0.9887490643676834,0.0002
11.598611111111111,0.9891399345479684,0.0002
11.6,0.9892129830754848,0.0002
11.60138888888889,0.9891619813996627,0.0002
11.602777777777778,0.9888801752363477,0.0002
11.604166666666668,0.9888534155489089,0.0002
11.605555555555556,0.9887875482053666,0.0002
11.606944444444444,0.9890389534295718,0.0002
11.608333333333334,0.9888178761973324,0.0002
11.609722222222222,0.9893002855031383,0.0002
11.61111111111111,0.9893077072690868,0.0002
11.6125,0.9894500751774662,0.0002
11.613888888888889,0.989468502904867,0.0002
11.615277777777779,0.9894788593161151,0.0002
11.616666666666667,0.9891374395931114,0.0002
11.618055555555555,0.9896582342392766,0.0002
11.619444444444445,0.9896645757067478,0.0002
11.620833333333334,0.9896601928147487,0.0002
11.622222222222222,0.9901178768856215,0.0002
11.623611111111112,0.9899807561892227,0.0002
11.625,0.9900347755267217,0.0002
11.62638888888889,0.9905859999364596,0.0002
11.627777777777778,0.9904921747934888,0.0002
11.629166666666666,0.9907405198213846,0.0002
11.630555555555556,0.991034842162518,0.0002
11.631944444444445,0.9915699845804021,0.0002
11.633333333333335,0.9928681719696772,0.0002
11.634722222222223,0.9946189670125749,0.0002
11.636111111111111,0.9958742712909516,0.0002
11.637500000000001,0.9971871313987241,0.0002
11.63888888888889,0.9989088426020547,0.0002
11.640277777777778,0.9993515841639677,0.0002
11.641666666666667,0.9995060409146752,0.0002
11.643055555555556,0.9998324776767572,0.0002
11.644444444444446,0.9995546768615552,0.0002
11.645833333333334,0.9998327924090031,0.0002
11.647222222222222,0.9995325941915182,0.0002
11.648611111111112,0.9997562445707256,0.0002
11.65,0.9995170246440565,0.0002
11.651388888888889,0.999668686290215,0.0002
11.652777777777779,0.9995213081169229,0.0002
11.654166666666667,0.9995287688401856,0.0002
11.655555555555557,0.9996130257330351,0.0002
11.656944444444445,0.9993821101011046,0.0002
11.658333333333333,0.9996269585847607,0.0002
11.659722222222223,0.9995567860914453,0.0002
11.661111111111111,0.999646822422092,0.0002
11.6625,0.9993067976932363,0.0002
11.66388888888889,0.999732736912032,0.0002
11.665277777777778,0.9998799106849514,0.0002
11.666666666666668,0.9998730676201353,0.0002
11.668055555555556,0.9999349107058272,0.0002
11.669444444444444,0.9996157150008028,0.0002
11.670833333333334,0.9995190232404746,0.0002
11.672222222222222,0.9997160314495893,0.0002
11.67361111111111,0.9995792413271768,0.0002
11.675,0.9993129170109573,0.0002
11.676388888888889,0.9998300384542332,0.0002
11.677777777777779,0.999543546901163,0.0002
11.679166666666667,0.9993431805533308,0.0002
11.680555555555555,0.9995311616002772,0.0002
11.681944444444445,0.9996266839487528,0.0002
11.683333333333334,0.9997030336864268,0.0002
11.684722222222222,0.9996702869051046,0.0002
11.686111111111112,0.9998977318286039,0.0002
11.6875,0.9993962996570375,0.0002
11.68888888888889,0.9996099009070438,0.0002
11.690277777777778,0.9995074355098382,0.0002
11.691666666666666,0.9999264767076634,0.0002
11.693055555555556,0.9996098037926059,0.0002
11.694444444444445,0.9996727739227803,0.0002
11.695833333333335,0.9999647397510719,0.0002
11.697222222222223,1.0000028018877978,0.0002
11.698611111111111,1.0000430993352893,0.0002
11.700000000000001,0.9994745018097733,0.0002
11.70138888888889,0.9998973243613489,0.0002
11.702777777777778,0.9998790962319665,0.0002
11.704166666666667,0.999817024128539,0.0002
11.705555555555556,0.9998463489833969,0.0002
11.706944444444446,1.000168911803056,0.0002
11.708333333333334,1.0001743542303612,0.0002
11.709722222222222,1.0001496579057645,0.0002
11.711111111111112,1.0000214580381175,0.0002
11.7125,1.0004021741317555,0.0002
11.713888888888889,0.9998600622422619,0.0002
11.715277777777779,0.9996311409564932,0.0002
11.716666666666667,0.9999401216093866,0.0002
11.718055555555557,1.0000389103067904,0.0002
11.719444444444445,1.0002373681128651,0.0002
11.720833333333333,0.999919129086879,0.0002
11.722222222222223,1.0001155098363372,0.0002
11.723611111111111,0.999676767616378,0.0002
11.725,1.0002494961334265,0.0002
11.72638888888889,1.0001136348484871,0.0002
11.727777777777778,1.0000558490406768,0.0002
11.729166666666668,1.0005705832846292,0.0002
11.730555555555556,1.0003931884440758,0.0002
11.731944444444444,1.0000348489521573,0.0002
11.733333333333334,1.0002540505220658,0.0002
11.734722222222222,1.0007624786933045,0.0002
11.73611111111111,1.00070259205176,0.0002
11.7375,1.0005399084056374,0.0002
11.738888888888889,0.9999624905828897,0.0002
11.740277777777779,1.000551191779455,0.0002
11.741666666666667,1.0001806290315034,0.0002
11.743055555555555,1.0005595294103053,0.0002
11.744444444444445,1.0001652143368456,0.0002
11.745833333333334,1.0004412944461716,0.0002
11.747222222222222,1.0001894645744955,0.0002
11.748611111111112,1.0001937867346815,0.0002
11.75,1.0004083648465478,0.0002
11.75138888888889,0.9999956743392238,0.0002
11.752777777777778,1.0007404843273908,0.0002
11.754166666666666,0.9999991333148784,0.0002
11.755555555555556,0.9999763450232309,0.0002
11.756944444444445,1.000350537889786,0.0002
11.758333333333335,1.000511445492121,0.0002
11.759722222222223,1.000152224456681,0.0002
11.761111111111111,0.9999492593550553,0.0002
11.762500000000001,0.9999797210594377,0.0002
11.76388888888889,0.999983718527524,0.0002
11.765277777777778,1.0002697599038566,0.0002
11.766666666666667,1.0001706590410075,0.0002
11.768055555555556,1.0002833279352596,0.0002
11.769444444444446,1.0003396005403096,0.0002
11.770833333333334,1.0004407270667566,0.0002
11.772222222222222,1.0001192227078153,0.0002
11.773611111111112,1.0000627500696424,0.0002
11.775,1.0003348243038213,0.0002
11.776388888888889,1.0002336794983062,0.0002
11.777777777777779,1.0002965110776387,0.0002
11.779166666666667,1.0000931358998115,0.0002
11.780555555555557,1.0003681883787578,0.0002
11.781944444444445,1.0000128236029406,0.0002
11.783333333333333,1.0002123266300722,0.0002
11.784722222222223,1.0005299416993252,0.0002
11.786111111111111,1.0001360148344234,0.0002
11.7875,1.0005667897743014,0.0002
11.78888888888889,1.0000587783854198,0.0002
11.790277777777778,0.9999928586217023,0.0002
11.791666666666668,0.9999280688025268,0.0002
11.793055555555556,1.0002626822216318,0.0002
11.794444444444444,1.000478859527121,0.0002
11.795833333333334,1.0006122157461028,0.0002
11.797222222222222,1.000627445696317,0.0002
11.79861111111111,1.0005383852704672,0.0002
11.8,1.000188169867914,0.0002
11.801388888888889,1.0002311938849768,0.0002
11.802777777777779,1.00064833092271,0.0002
11.804166666666667,1.0008427064921683,0.0002
11.805555555555555,1.0003887038631551,0.0002
11.806944444444445,1.0008550605650497,0.0002
11.808333333333334,1.0002214873204052,0.0002
11.809722222222222,1.000648874761692,0.0002
11.811111111111112,1.0004837798460346,0.0002
11.8125,1.0004120506506022,0.0002
11.81388888888889,1.000461205727711,0.0002
11.815277777777778,1.0002706704093147,0.0002
11.816666666666666,1.0004633727467798,0.0002
11.818055555555556,1.00038441446471,0.0002
11.819444444444445,1.0005446398271625,0.0002
11.820833333333335,1.0006219695114777,0.0002
11.822222222222223,1.0003122417843242,0.0002
11.823611111111111,1.0001083359117158,0.0002
11.825000000000001,1.0000162348338044,0.0002
11.82638888888889,1.0006256388956152,0.0002
11.827777777777778,1.0005130956842871,0.0002
11.829166666666667,1.000285785358882,0.0002
11.830555555555556,1.0001203816249633,0.0002
11.831944444444446,1.0002757803483942,0.0002
11.833333333333334,1.000392033669207,0.0002
11.834722222222222,0.9999828935295195,0.0002
11.836111111111112,1.0000705070969607,0.0002
11.8375,0.9998429371957351,0.0002
11.838888888888889,1.0000181917424347,0.0002
11.840277777777779,1.0004236184241468,0.0002
11.841666666666667,1.00031562469694,0.0002
11.843055555555557,1.0001244432561172,0.0002
11.844444444444445,0.9996717108844929,0.0002
11.845833333333333,1.000070214125454,0.0002
11.847222222222223,1.0002471397357098,0.0002
11.848611111111111,1.000212863975873,0.0002
11.85,1.0002958587020545,0.0002
11.85138888888889,1.0003508984313425,0.0002
11.852777777777778,1.000204349870377,0.0002
11.854166666666668,1.0003140143971883,0.0002
11.855555555555556,1.0002592015493108,0.0002
11.856944444444444,1.0001631702800733,0.0002
11.858333333333334,1.0007655108861366,0.0002
11.859722222222222,1.0003560152658086,0.0002
11.86111111111111,1.0000141249302945,0.0002
11.8625,1.0008604587987895,0.0002
11.863888888888889,1.0002946541511621,0.0002
11.865277777777779,1.0006317883480869,0.0002
11.866666666666667,1.0003586734868037,0.0002
11.868055555555555,1.000676341230218,0.0002
11.869444444444445,1.0005174188585504,0.0002
11.870833333333334,1.0007048029735937,0.0002
11.872222222222222,1.0005613050223208,0.0002
11.873611111111112,1.0004770949902864,0.0002
11.875,1.0007424868979145,0.0002
11.87638888888889,1.000623704225906,0.0002
11.877777777777778,1.0003252778492935,0.0002
11.879166666666666,1.000576542671087,0.0002
11.880555555555556,1.001313285677091,0.0002
11.881944444444445,1.0004368744464296,0.0002
11.883333333333335,1.0008017579340305,0.0002
11.884722222222223,1.000688536609707,0.0002
11.886111111111111,1.0011458163786762,0.0002
11.887500000000001,1.000550052697781,0.0002
11.88888888888889,1.0007696489520566,0.0002
11.890277777777778,1.0009323493626632,0.0002
11.891666666666667,1.0008092367319366,0.0002
11.893055555555556,1.0006706753877217,0.0002
11.894444444444446,1.000829056204077,0.0002
11.895833333333334,1.0007160640908304,0.0002
11.897222222222222,1.0006742792895873,0.0002
11.898611111111112,1.0009282072846364,0.0002
11.9,1.0008237444483665,0.0002
11.901388888888889,1.0008090424936582,0.0002
11.902777777777779,1.0007317529366069,0.0002
11.904166666666667,1.0008087605082783,0.0002
11.905555555555557,1.0008981166248703,0.0002
11.906944444444445,1.000489837830314,0.0002
11.908333333333333,1.000664659706485,0.0002
11.909722222222223,1.0001562849040535,0.0002
11.911111111111111,0.9999838402026417,0.0002
11.9125,1.0007172672054119,0.0002
11.91388888888889,1.0002865994896912,0.0002
11.915277777777778,1.0004784186034232,0.0002
11.916666666666668,1.0002590465933106,0.0002
11.918055555555556,1.0001671787397457,0.0002
11.919444444444444,1.0002922809549721,0.0002
11.920833333333334,1.0005181182870484,0.0002
11.922222222222222,1.000231603524423,0.0002
11.92361111111111,1.0002624210060764,0.0002
11.925,1.0002365749220223,0.0002
11.926388888888889,1.000645820558427,0.0002
11.927777777777779,1.0005535439252087,0.0002
11.929166666666667,1.000315005267969,0.0002
11.930555555555555,1.000446080446561,0.0002
11.931944444444445,1.0002257074888625,0.0002
11.933333333333334,1.0001695212395671,0.0002
11.934722222222224,1.0002305532292692,0.0002
11.936111111111112,1.0003597752175084,0.0002
11.9375,1.0000461257944295,0.0002
11.93888888888889,1.0003169677060573,0.0002
11.940277777777778,1.0007169752833265,0.0002
11.941666666666666,1.0002785824819427,0.0002
11.943055555555556,1.0002558042926346,0.0002
11.944444444444445,1.0002187362245152,0.0002
11.945833333333335,1.0003494360285026,0.0002
11.947222222222223,0.9999692939348087,0.0002
11.948611111111111,1.0006060835846151,0.0002
11.950000000000001,1.0004592703324833,0.0002
11.95138888888889,1.0001870292832746,0.0002
11.952777777777778,1.0002717734133386,0.0002
11.954166666666667,1.0002362254001986,0.0002
11.955555555555556,1.000346271476263,0.0002
11.956944444444446,1.000282802053567,0.0002
11.958333333333334,1.000272773370971,0.0002
11.959722222222222,1.0001211188949524,0.0002
11.961111111111112,1.0002073538871104,0.0002
11.9625,1.0005098787429858,0.0002
11.963888888888889,1.0001568606092843,0.0002
11.965277777777779,0.9997391605978768,0.0002
11.966666666666667,1.0002226216694141,0.0002
11.968055555555557,1.0007288649615018,0.0002
11.969444444444445,1.0002551797698185,0.0002
11.970833333333333,0.9999711439200426,0.0002
11.972222222222223,1.0000786245762117,0.0002
11.973611111111111,1.0002720687216557,0.0002
11.975,0.9998445198546748,0.0002
11.97638888888889,1.0000159021191428,0.0002
11.977777777777778,1.0003039436541248,0.0002
11.979166666666668,1.0004927999178892,0.0002
11.980555555555556,1.0001209735949341,0.0002
11.981944444444444,1.0004960212654694,0.0002
11.983333333333334,0.9999776072669189,0.0002
11.984722222222222,0.9994428410246582,0.0002
11.98611111111111,1.000332557943666,0.0002
11.9875,1.0003000503158304,0.0002
11.988888888888889,1.000407407747242,0.0002
11.990277777777779,1.0003653045362575,0.0002
11.991666666666667,1.0003119455927034,0.0002
11.993055555555555,1.0001919459020783,0.0002
11.994444444444445,1.0002097408805501,0.0002
11.995833333333334,1.0001715686503232,0.0002
11.997222222222224,1.0002136345874528,0.0002
11.998611111111112,0.9999428118844845,0.0002
12.0,1.0000282848714632,0.0002
13.0,1.001082694351411,0.0002
13.00138888888889,1.0007457096111179,0.0002
13.002777777777778,1.0007651217553986,0.0002
13.004166666666666,1.001015546162302,0.0002
13.005555555555556,1.0010790208587053,0.0002
13.006944444444445,1.0010263919118962,0.0002
13.008333333333335,1.000606594822122,0.0002
13.009722222222223,1.0014179343063152,0.0002
13.011111111111111,1.0007988699880521,0.0002
13.012500000000001,1.0009097126749729,0.0002
13.01388888888889,1.0008159257359872,0.0002
13.015277777777778,1.0013946603025206,0.0002
13.016666666666667,1.0012199850462178,0.0002
13.018055555555556,1.0009841392604262,0.0002
13.019444444444446,1.0009149858799928,0.0002
13.020833333333334,1.0010655153492334,0.0002
13.022222222222222,1.000728270118757,0.0002
13.023611111111112,1.0009819838121508,0.0002
13.025,1.0008246890957972,0.0002
13.026388888888889,1.0010691491027215,0.0002
13.027777777777779,1.0010451198422148,0.0002
13.029166666666667,1.00084221478975,0.0002
13.030555555555557,1.0005585345860213,0.0002
13.031944444444445,1.0009467534928147,0.0002
13.033333333333333,1.0007333594133707,0.0002
13.034722222222223,1.0009195974354017,0.0002
13.036111111111111,1.000841163078283,0.0002
13.0375,1.0007980989002498,0.0002
13.03888888888889,1.0006374312254558,0.0002
13.040277777777778,1.0011351385813272,0.0002
13.041666666666668,1.0008408854228965,0.0002
13.043055555555556,1.001405553707818,0.0002
13.044444444444444,1.0010102476015972,0.0002
13.045833333333334,1.001124542930878,0.0002
13.047222222222222,1.001056169107261,0.0002
13.048611111111112,1.0011071183527491,0.0002
13.05,1.0011267918658788,0.0002
13.051388888888889,1.0011137800054333,0.0002
13.052777777777779,1.0004774462006318,0.0002
13.054166666666667,1.0010115780612057,0.0002
13.055555555555555,1.000946493391145,0.0002
13.056944444444445,1.000885605851873,0.0002
13.058333333333334,1.0012842652511929,0.0002
13.059722222222224,1.0012906737809293,0.0002
13.061111111111112,1.0012246667295137,0.0002
13.0625,1.0009451650262202,0.0002
13.06388888888889,1.000755098324637,0.0002
13.065277777777778,1.0011183660698206,0.0002
13.066666666666666,1.0012219354047724,0.0002
13.068055555555556,1.0005708779425906,0.0002
13.069444444444445,1.001150190573137,0.0002
13.070833333333335,1.0008679291784075,0.0002
13.072222222222223,1.0005493276513577,0.0002
13.073611111111111,1.0009841366391599,0.0002
13.075000000000001,1.0011087499821982,0.0002
13.07638888888889,1.0008854393195443,0.0002
13.077777777777778,1.0007970297073103,0.0002
13.079166666666667,1.0013353463622139,0.0002
13.080555555555556,1.0009136161168786,0.0002
13.081944444444446,1.0012165099529455,0.0002
13.083333333333334,1.0006181935724112,0.0002
13.084722222222222,1.000948189056126,0.0002
13.086111111111112,1.000942509470394,0.0002
13.0875,1.001094158966152,0.0002
13.088888888888889,1.0011901693195495,0.0002
13.090277777777779,1.000706681087018,0.0002
13.091666666666667,1.0009633020299733,0.0002
13.093055555555557,1.000611575793354,0.0002
13.094444444444445,1.0005871012367975,0.0002
13.095833333333333,1.0007222766052728,0.0002
13.097222222222223,1.0008580267300833,0.0002
13.098611111111111,1.001085086249166,0.0002
13.1,1.001174885886221,0.0002
13.10138888888889,1.0007358960094188,0.0002
13.102777777777778,1.000833845932319,0.0002
13.104166666666668,1.0010173914036231,0.0002
13.105555555555556,1.0009547782001385,0.0002
13.106944444444444,1.0008322360500763,0.0002
13.108333333333334,1.0009449982874472,0.0002
13.109722222222222,1.0009098667202856,0.0002
13.111111111111112,1.0008214134938151,0.0002
13.1125,1.0008988834545967,0.0002
13.113888888888889,1.000960458745406,0.0002
13.115277777777779,1.0008879920652074,0.0002
13.116666666666667,1.00078525373922,0.0002
13.118055555555555,1.001216432932763,0.0002
13.119444444444445,1.0012065072671943,0.0002
13.120833333333334,1.0014478389154347,0.0002
13.122222222222224,1.0011604602404485,0.0002
13.123611111111112,1.0009485468917072,0.0002
13.125,1.0009365810325759,0.0002
13.12638888888889,1.0010698027645666,0.0002
13.127777777777778,1.0011832370946157,0.0002
13.129166666666666,1.001016545078793,0.0002
13.130555555555556,1.0007594891704321,0.0002
13.131944444444445,1.0008656309859252,0.0002
13.133333333333335,1.001052638666662,0.0002
13.134722222222223,1.0012645844829113,0.0002
13.136111111111111,1.000793443769565,0.0002
13.137500000000001,1.0011683801219147,0.0002
13.13888888888889,1.0011787929133318,0.0002
13.140277777777778,1.0010440980936486,0.0002
13.141666666666667,1.0009468407620887,0.0002
13.143055555555556,1.0008570721052263,0.0002
13.144444444444446,1.0009963947150338,0.0002
13.145833333333334,1.0010955398685382,0.0002
13.147222222222222,1.00117358290997,0.0002
13.148611111111112,1.0007255770184147,0.0002
13.15,1.0009111703540092,0.0002
13.151388888888889,1.0004094779867958,0.0002
13.152777777777779,1.0007863955569778,0.0002
13.154166666666667,1.000883627553837,0.0002
13.155555555555557,1.0011678558745578,0.0002
13.156944444444445,1.0004640958181896,0.0002
13.158333333333333,1.0006428128073614,0.0002
13.159722222222223,1.0008669545211726,0.0002
13.161111111111111,1.0005165822876474,0.0002
13.1625,1.000929743119164,0.0002
13.16388888888889,1.00100369999807,0.0002
13.165277777777778,1.000590943502516,0.0002
13.166666666666668,1.0009380367786793,0.0002
13.168055555555556,1.0006707345547434,0.0002
13.169444444444444,1.0012376341895681,0.0002
13.170833333333334,1.0009721627618589,0.0002
13.172222222222222,1.000866580635926,0.0002
13.173611111111112,1.0007589912410333,0.0002
13.175,1.0011038241924004,0.0002
13.176388888888889,1.0013031131048238,0.0002
13.177777777777779,1.0008536814435665,0.0002
13.179166666666667,1.0009195099500983,0.0002
13.180555555555555,1.0008363477314839,0.0002
13.181944444444445,1.0013412045999195,0.0002
13.183333333333334,1.0006386350971022,0.0002
13.184722222222224,1.001208719465745,0.0002
13.186111111111112,1.0007990836350098,0.0002
13.1875,1.0007810001507051,0.0002
13.18888888888889,1.0007550279737691,0.0002
13.190277777777778,1.0008181475014724,0.0002
13.191666666666666,1.0006376048790597,0.0002
13.193055555555556,1.0010011108825376,0.0002
13.194444444444445,1.0010059154233433,0.0002
13.195833333333335,1.0006090760855948,0.0002
13.197222222222223,1.0009461021995274,0.0002
13.198611111111111,1.0006172808627551,0.0002
13.200000000000001,1.000683819634659,0.0002
13.20138888888889,1.0009976101100275,0.0002
13.202777777777778,1.0006323035297116,0.0002
13.204166666666667,1.00102902328129,0.0002
13.205555555555556,1.0008725432874435,0.0002
13.206944444444446,1.0007259920700506,0.0002
13.208333333333334,1.0007664579299347,0.0002
13.209722222222222,1.0008116957421431,0.0002
13.211111111111112,1.0005762096427342,0.0002
13.2125,1.0007021599753692,0.0002
13.213888888888889,1.000621652507101,0.0002
13.215277777777779,1.0008379970494303,0.0002
13.216666666666667,1.001217190766067,0.0002
13.218055555555557,1.0011167954286333,0.0002
13.219444444444445,1.0007344485881864,0.0002
13.220833333333333,1.0009498839770303,0.0002
13.222222222222223,1.0010858237156575,0.0002
13.223611111111111,1.0012246739129185,0.0002
13.225,1.0009365054865877,0.0002
13.22638888888889,1.0008026502842569,0.0002
13.227777777777778,1.0010900984714088,0.0002
13.229166666666668,1.0012906017940988,0.0002
13.230555555555556,1.0011890233055891,0.0002
13.231944444444444,1.000952571242502,0.0002
13.233333333333334,1.0014959218236106,0.0002
13.234722222222222,1.001146909949652,0.0002
13.236111111111112,1.001181037975787,0.0002
13.2375,1.0010953243870988,0.0002
13.238888888888889,1.0014677126767835,0.0002
13.240277777777779,1.0013844521569808,0.0002
13.241666666666667,1.0014126907262526,0.0002
13.243055555555555,1.0010983103109559,0.0002
13.244444444444445,1.001542796941303,0.0002
13.245833333333334,1.0014175658418973,0.0002
13.247222222222224,1.0014607209994626,0.0002
13.248611111111112,1.0011966138376718,0.0002
13.25,1.0012078118983059,0.0002
13.25138888888889,1.0012049652864832,0.0002
13.252777777777778,1.0016839653710194,0.0002
13.254166666666666,1.0011145254315645,0.0002
13.255555555555556,1.0010199476208825,0.0002
13.256944444444445,1.0011301336922698,0.0002
13.258333333333335,1.001106918673448,0.0002
13.259722222222223,1.0014968724629196,0.0002
13.261111111111111,1.0008917979228409,0.0002
13.262500000000001,1.0010814556975882,0.0002
13.26388888888889,1.0011548735189468,0.0002
13.265277777777778,1.0013645443669903,0.0002
13.266666666666667,1.0011999090711217,0.0002
13.268055555555556,1.001445908761147,0.0002
13.269444444444446,1.0011379416129933,0.0002
13.270833333333334,1.0009522613573243,0.0002
13.272222222222222,1.0011697222059703,0.0002
13.273611111111112,1.0007058379999756,0.0002
13.275,1.0005681802961215,0.0002
13.276388888888889,1.001128983264261,0.0002
13.277777777777779,1.0008845336853456,0.0002
13.279166666666667,1.0009875443967564,0.0002
13.280555555555557,1.000597652369679,0.0002
13.281944444444445,1.0010613358867948,0.0002
13.283333333333333,1.0009971946756508,0.0002
13.284722222222223,1.000906822565846,0.0002
13.286111111111111,1.000947099276309,0.0002
13.2875,1.0008638307802384,0.0002
13.28888888888889,1.0006405668431244,0.0002
13.290277777777778,1.0008016412342717,0.0002
13.291666666666668,1.0010007634650224,0.0002
13.293055555555556,1.0008702053997383,0.0002
13.294444444444444,1.0006066257140245,0.0002
13.295833333333334,1.0009350991102925,0.0002
13.297222222222222,1.001131168393622,0.0002
13.298611111111112,1.0011125727148371,0.0002
13.3,1.000952532437414,0.0002
13.301388888888889,1.00105235160509,0.0002
13.302777777777779,1.0010661055510668,0.0002
13.304166666666667,1.0008302058510385,0.0002
13.305555555555555,1.0004598403419338,0.0002
13.306944444444445,1.0011362102909285,0.0002
13.308333333333334,1.000707749123993,0.0002
13.309722222222224,1.0006075420011755,0.0002
13.311111111111112,1.000706079264645,0.0002
13.3125,1.0014221315756975,0.0002
13.31388888888889,1.0010766615324769,0.0002
13.315277777777778,1.000820550320742,0.0002
13.316666666666666,1.0008679438037442,0.0002
13.318055555555556,1.0009806100644787,0.0002
13.319444444444445,1.0011547815299477,0.0002
13.320833333333335,1.0011684139839714,0.0002
13.322222222222223,1.0008406700008228,0.0002
13.323611111111111,1.0011144336398168,0.0002
13.325000000000001,1.0009227489125867,0.0002
13.32638888888889,1.001206732182407,0.0002
13.327777777777778,1.0010200911249112,0.0002
13.329166666666667,1.0007949119139936,0.0002
13.330555555555556,1.0010628455875659,0.0002
13.331944444444446,1.0009648388511359,0.0002
13.333333333333334,1.0007699986472494,0.0002
13.334722222222222,1.0010073280638991,0.0002
13.336111111111112,1.0009403910768615,0.0002
13.3375,1.0011263439187692,0.0002
13.338888888888889,1.0010501070901021,0.0002
13.340277777777779,1.0009467609616867,0.0002
13.341666666666667,1.0006436814236104,0.0002
13.343055555555557,1.0009936193621813,0.0002
13.344444444444445,1.0011044500134259,0.0002
13.345833333333333,1.001019470406681,0.0002
13.347222222222223,1.0003984530126329,0.0002
13.348611111111111,1.0011687886494607,0.0002
13.35,1.0007936533450466,0.0002
13.35138888888889,1.001145214680505,0.0002
13.352777777777778,1.001374360338787,0.0002
13.354166666666668,1.0010411082817379,0.0002
13.355555555555556,1.0012194747051917,0.0002
13.356944444444444,1.0011971314958723,0.0002
13.358333333333334,1.0012901027088976,0.0002
13.359722222222222,1.0011657603163355,0.0002
13.361111111111112,1.001137430158504,0.0002
13.3625,1.0009895957786892,0.0002
13.363888888888889,1.0014230395076946,0.0002
13.365277777777779,1.0012179340079477,0.0002
13.366666666666667,1.001369956224736,0.0002
13.368055555555555,1.0012917583816117,0.0002
13.369444444444445,1.0014521396763003,0.0002
13.370833333333334,1.0009861363620813,0.0002
13.372222222222224,1.0011586310010505,0.0002
13.373611111111112,1.0011570495280262,0.0002
13.375,1.001349609950478,0.0002
13.37638888888889,1.00155458145973,0.0002
13.377777777777778,1.0010426871814357,0.0002
13.379166666666666,1.0008519749230151,0.0002
13.380555555555556,1.0007930651257535,0.0002
13.381944444444445,1.0008434988505381,0.0002
13.383333333333335,1.0008951824024048,0.0002
13.384722222222223,1.000493844681496,0.0002
13.386111111111111,1.0009286024599087,0.0002
13.387500000000001,1.0011566345708347,0.0002
13.38888888888889,1.0010536750527794,0.0002
13.390277777777778,1.0010143668502496,0.0002
13.391666666666667,1.0007820047936538,0.0002
13.393055555555556,1.0013302057399938,0.0002
13.394444444444446,1.0011686458099507,0.0002
13.395833333333334,1.0010947055682438,0.0002
13.397222222222222,1.0006562171439457,0.0002
13.398611111111112,1.0009760301124921,0.0002
13.4,1.0011469859855204,0.0002
13.401388888888889,1.0010225395997496,0.0002
13.402777777777779,1.001106725348858,0.0002
13.404166666666667,1.0011402196758752,0.0002
13.405555555555557,1.000988278207241,0.0002
13.406944444444445,1.0010718194254116,0.0002
13.408333333333333,1.0008463789088777,0.0002
13.409722222222223,1.0008181745021645,0.0002
13.411111111111111,1.0010828326394212,0.0002
13.4125,1.001185051188267,0.0002
13.41388888888889,1.001213456988273,0.0002
13.415277777777778,1.0010818923494196,0.0002
13.416666666666668,1.0008752166849455,0.0002
13.418055555555556,1.0009784912899653,0.0002
13.419444444444444,1.001062940280926,0.0002
13.420833333333334,1.0011470969370617,0.0002
13.422222222222222,1.0015404366390246,0.0002
13.423611111111112,1.0009143243489418,0.0002
13.425,1.0016415080898224,0.0002
13.426388888888889,1.0007276888516479,0.0002
13.427777777777779,1.0010366950875742,0.0002
13.429166666666667,1.0007727332632703,0.0002
13.430555555555555,1.001131727677063,0.0002
13.431944444444445,1.0012790442005748,0.0002
13.433333333333334,1.0003151486420583,0.0002
13.434722222222224,0.9993432674722009,0.0002
13.436111111111112,0.9976076817473181,0.0002
13.4375,0.9955996393145727,0.0002
13.43888888888889,0.9944757805056244,0.0002
13.440277777777778,0.9931546371707393,0.0002
13.441666666666666,0.9925559100796347,0.0002
13.443055555555556,0.9921686056372808,0.0002
13.444444444444445,0.9920439022617518,0.0002
13.445833333333335,0.9915817974510128,0.0002
13.447222222222223,0.9916150485393493,0.0002
13.448611111111111,0.9915330191288584,0.0002
13.450000000000001,0.9916395499635039,0.0002
13.45138888888889,0.9914188220418129,0.0002
13.452777777777778,0.9910354393857297,0.0002
13.454166666666667,0.9909348841752348,0.0002
13.455555555555556,0.9907247283904813,0.0002
13.456944444444446,0.9905760460083654,0.0002
13.458333333333334,0.9907827212629754,0.0002
13.459722222222222,0.9904194735456114,0.0002
13.461111111111112,0.9904912163707078,0.0002
13.4625,0.9901196990207647,0.0002
13.463888888888889,0.9904889844499125,0.0002
13.465277777777779,0.9901837019803408,0.0002
13.466666666666667,0.9904327298741911,0.0002
13.468055555555557,0.9900529996618707,0.0002
13.469444444444445,0.9899255972217829,0.0002
13.470833333333333,0.9902941048153249,0.0002
13.472222222222223,0.9899069383058201,0.0002
13.473611111111111,0.9897142818759556,0.0002
13.475,0.989713624625793,0.0002
13.47638888888889,0.9900973038266823,0.0002
13.477777777777778,0.9900935491100542,0.0002
13.479166666666668,0.989849700160347,0.0002
13.480555555555556,0.9898530144410571,0.0002
13.481944444444444,0.9900234987431417,0.0002
13.483333333333334,0.9901219786518306,0.0002
13.484722222222222,0.9898146567129484,0.0002
13.486111111111112,0.9899961000832662,0.0002
13.4875,0.9899654640050943,0.0002
13.488888888888889,0.9902342489040054,0.0002
13.490277777777779,0.9896751983838763,0.0002
13.491666666666667,0.9898167793848309,0.0002
13.493055555555555,0.989939567876931,0.0002
13.494444444444445,0.9901886027854556,0.0002
13.495833333333334,0.9899639136527678,0.0002
13.497222222222224,0.9902130998499181,0.0002
13.498611111111112,0.9902597357954002,0.0002
13.5,0.9903302850811962,0.0002
13.50138888888889,0.9904018180909906,0.0002
13.502777777777778,0.9907043481394849,0.0002
13.504166666666666,0.9903803883896757,0.0002
13.505555555555556,0.9907432530428986,0.0002
13.506944444444445,0.9908179846490905,0.0002
13.508333333333335,0.9913172442539927,0.0002
13.509722222222223,0.991423373384685,0.0002
13.511111111111111,0.9918202992161076,0.0002
13.512500000000001,0.9918424590991479,0.0002
13.51388888888889,0.9922256416302797,0.0002
13.515277777777778,0.9931392284666086,0.0002
13.516666666666667,0.995000861017577,0.0002
13.518055555555556,0.9959833214340178,0.0002
13.519444444444446,0.9977858184295277,0.0002
13.520833333333334,0.9992379699534004,0.0002
13.522222222222222,1.000026062096735,0.0002
13.523611111111112,1.0004888307628566,0.0002
13.525,1.000350575519765,0.0002
13.526388888888889,1.0003867170112049,0.0002
13.527777777777779,1.0003777256786823,0.0002
13.529166666666667,1.0003418424526664,0.0002
13.530555555555557,1.0002013905298235,0.0002
13.531944444444445,1.0005145870354042,0.0002
13.533333333333333,1.0001789951089337,0.0002
13.534722222222223,1.0003481526519458,0.0002
13.536111111111111,1.0006041270504038,0.0002
13.5375,1.0007109973675283,0.0002
13.53888888888889,1.0009607698389236,0.0002
13.540277777777778,1.000436427583319,0.0002
13.541666666666668,1.0003510874700472,0.0002
13.543055555555556,1.0007381799711832,0.0002
13.544444444444444,1.0010725866778116,0.0002
13.545833333333334,1.0010585397417031,0.0002
13.547222222222222,1.0005795035375151,0.0002
13.548611111111112,1.0008385209099784,0.0002
13.55,1.000970721887401,0.0002
13.551388888888889,1.0010467501825175,0.0002
13.552777777777779,1.0009355475464237,0.0002
13.554166666666667,1.0007012947332314,0.0002
13.555555555555555,1.0009328893658713,0.0002
13.556944444444445,1.0010580641704445,0.0002
13.558333333333334,1.0006327451516104,0.0002
13.559722222222224,1.0010614282469912,0.0002
13.561111111111112,1.0009978555026051,0.0002
13.5625,1.0006421968268338,0.0002
13.56388888888889,1.0010141771940526,0.0002
13.565277777777778,1.0011482257876583,0.0002
13.566666666666666,1.0011745122497182,0.0002
13.568055555555556,1.0012854622859588,0.0002
13.569444444444445,1.000908562682793,0.0002
13.570833333333335,1.0009616954935299,0.0002
13.572222222222223,1.0003243247353641,0.0002
13.573611111111111,1.0010961762316242,0.0002
13.575000000000001,1.00109715199285,0.0002
13.57638888888889,1.0011428923846732,0.0002
13.577777777777778,1.000774525395695,0.0002
13.579166666666667,1.0011202646961987,0.0002
13.580555555555556,1.0011257260190867,0.0002
13.581944444444446,1.0008205329942048,0.0002
13.583333333333334,1.001202176283251,0.0002
13.584722222222222,1.0011414324851504,0.0002
13.586111111111112,1.0007282901062369,0.0002
13.5875,1.0012322506261075,0.0002
13.588888888888889,1.000931045971218,0.0002
13.590277777777779,1.0007906938180722,0.0002
13.591666666666667,1.001239955225716,0.0002
13.593055555555557,1.0012220759734625,0.0002
13.594444444444445,1.0014391974245438,0.0002
13.595833333333333,1.0011528448747413,0.0002
13.597222222222223,1.0013092505146275,0.0002
13.598611111111111,1.0011337849268505,0.0002
13.6,1.0012581885560063,0.0002
13.60138888888889,1.0009245898045418,0.0002
13.602777777777778,1.0011147668702562,0.0002
13.604166666666668,1.0010267839131586,0.0002
13.605555555555556,1.001136163398396,0.0002
13.606944444444444,1.0010323242186034,0.0002
13.608333333333334,1.0008354225236948,0.0002
13.609722222222222,1.0008590397823642,0.0002
13.611111111111112,1.0012222356819553,0.0002
13.6125,1.000540885044824,0.0002
13.613888888888889,1.001008302115616,0.0002
13.615277777777779,1.0011998396306756,0.0002
13.616666666666667,1.00104888952733,0.0002
13.618055555555555,1.00134259644702,0.0002
13.619444444444445,1.0011093340656096,0.0002
13.620833333333334,1.000971124082773,0.0002
13.622222222222224,1.0007227639851575,0.0002
13.623611111111112,1.0008245595160137,0.0002
13.625,1.0008249391020358,0.0002
13.62638888888889,1.0006973667136123,0.0002
13.627777777777778,1.0005968878646598,0.0002
13.629166666666666,1.0004227327842334,0.0002
13.630555555555556,1.0006752955416276,0.0002
13.631944444444445,1.0002794802215473,0.0002
13.633333333333335,1.0004689087794678,0.0002
13.634722222222223,1.0001256991056435,0.0002
13.636111111111111,1.0007579750391662,0.0002
13.637500000000001,1.0008197386142395,0.0002
13.63888888888889,1.0006708527075923,0.0002
13.640277777777778,1.0010419470874645,0.0002
13.641666666666667,1.0009101346419327,0.0002
13.643055555555556,1.000743569681083,0.0002
13.644444444444446,1.0005869063847899,0.0002
13.645833333333334,1.0005585753482598,0.0002
13.647222222222222,1.0007641788112902,0.0002
13.648611111111112,1.0005607460189068,0.0002
13.65,1.000706357399692,0.0002
13.651388888888889,1.0007155606723392,0.0002
13.652777777777779,1.0005697357741787,0.0002
13.654166666666667,1.0008724606746637,0.0002
13.655555555555557,1.0006290783244192,0.0002
13.656944444444445,1.0006649083386303,0.0002
13.658333333333333,1.000507420560327,0.0002
13.659722222222223,1.0006086363215412,0.0002
13.661111111111111,1.0010338332400794,0.0002
13.6625,1.0002760270438142,0.0002
13.66388888888889,1.0005402349782617,0.0002
13.665277777777778,1.0003240951297878,0.0002
13.666666666666668,0.9999901717010341,0.0002
13.668055555555556,1.0004545927057573,0.0002
13.669444444444444,1.0002018824152565,0.0002
13.670833333333334,1.0003982304053487,0.0002
13.672222222222222,1.0004852166701377,0.0002
13.673611111111112,1.000352735194735,0.0002
13.675,1.0003459151360545,0.0002
13.676388888888889,1.0001050405232488,0.0002
13.677777777777779,1.0004470234504639,0.0002
13.679166666666667,1.0003110590700028,0.0002
13.680555555555555,0.9999533693211533,0.0002
13.681944444444445,1.0004811947969425,0.0002
13.683333333333334,1.0005212946574,0.0002
13.684722222222224,1.0006198523483698,0.0002
13.686111111111112,1.000711039817433,0.0002
13.6875,1.0004233282632213,0.0002
13.68888888888889,1.0003536824018477,0.0002
13.690277777777778,1.0004643646952394,0.0002
13.691666666666666,1.0000224856570983,0.0002
13.693055555555556,0.999780888537533,0.0002
13.694444444444445,1.0000435903417901,0.0002
13.695833333333335,1.0004383727983825,0.0002
13.697222222222223,0.9999688371799365,0.0002
13.698611111111111,1.0002109675502608,0.0002
13.700000000000001,1.0002818792152168,0.0002
13.70138888888889,1.0002431885821104,0.0002
13.702777777777778,0.9999197052311252,0.0002
13.704166666666667,1.0002006371906995,0.0002
13.705555555555556,1.0000514194786139,0.0002
13.706944444444446,1.0004875467576493,0.0002
13.708333333333334,1.0003786541662993,0.0002
13.709722222222222,1.0000657297579199,0.0002
13.711111111111112,1.0004466648582304,0.0002
13.7125,1.0001815050867957,0.0002
13.713888888888889,0.9997998698008029,0.0002
13.715277777777779,1.000127638049228,0.0002
13.716666666666667,1.0004753533356614,0.0002
13.718055555555557,1.0000608905721236,0.0002
13.719444444444445,1.000182613948326,0.0002
13.720833333333333,0.9999826775306652,0.0002
13.722222222222223,0.9999808066101388,0.0002
13.723611111111111,1.0001046876706512,0.0002
13.725,1.000082212528908,0.0002
13.72638888888889,1.0001905128861546,0.0002
13.727777777777778,1.0007374736442265,0.0002
13.729166666666668,1.0004038255516492,0.0002
13.730555555555556,1.0005279215944776,0.0002
13.731944444444444,1.0005718855412962,0.0002
13.733333333333334,1.0001834121151063,0.0002
13.734722222222222,1.0002807316187001,0.0002
13.736111111111112,1.0005517093948433,0.0002
13.7375,1.0002651498525377,0.0002
13.738888888888889,1.0005410298062847,0.0002
13.740277777777779,1.0007132276874613,0.0002
13.741666666666667,1.0001941052102434,0.0002
13.743055555555555,1.0004242331595443,0.0002
13.744444444444445,1.000452915642329,0.0002
13.745833333333334,1.0004414107231008,0.0002
13.747222222222224,1.0004081703931327,0.0002
13.748611111111112,1.0004770677535058,0.0002
13.75,1.0004960717976605,0.0002
13.75138888888889,1.0005111662943702,0.0002
13.752777777777778,1.0007165223822814,0.0002
13.754166666666666,1.000592225897463,0.0002
13.755555555555556,1.0007853203902044,0.0002
13.756944444444445,1.0004024601905674,0.0002
13.758333333333335,1.0003062008469668,0.0002
13.759722222222223,1.0004568387741624,0.0002
13.761111111111111,1.000597792438524,0.0002
13.762500000000001,1.0007171463454898,0.0002
13.76388888888889,1.000812018435506,0.0002
13.765277777777778,1.0004880828676121,0.0002
13.766666666666667,1.0005210765964192,0.0002
13.768055555555556,1.0006445100969625,0.0002
13.769444444444446,1.0001296996815146,0.0002
13.770833333333334,1.0002298283769921,0.0002
13.772222222222222,1.0007623878721137,0.0002
13.773611111111112,1.00045422195806,0.0002
13.775,1.0004837551839036,0.0002
13.776388888888889,1.0005118879680175,0.0002
13.777777777777779,1.0000775768341492,0.0002
13.779166666666667,1.0001713613384444,0.0002
13.780555555555557,1.0000840128616322,0.0002
13.781944444444445,1.0004523591909695,0.0002
13.783333333333333,1.000273377297524,0.0002
13.784722222222223,1.0003530347758318,0.0002
13.786111111111111,1.000228588832674,0.0002
13.7875,1.0000176803420577,0.0002
13.78888888888889,1.0003708854797424,0.0002
13.790277777777778,0.9998211549990973,0.0002
13.791666666666668,1.0000258906701989,0.0002
13.793055555555556,0.9998780792888411,0.0002
13.794444444444444,1.000004566325063,0.0002
13.795833333333334,1.000275654809903,0.0002
13.797222222222222,1.0004177432124206,0.0002
13.798611111111112,0.9999539926357415,0.0002
13.8,1.000089679275985,0.0002
13.801388888888889,0.9999100229928994,0.0002
13.802777777777779,1.000145466266466,0.0002
13.804166666666667,1.0002578183281978,0.0002
13.805555555555555,1.0003780621162368,0.0002
13.806944444444445,0.9997993009379241,0.0002
13.808333333333334,1.0003425312049035,0.0002
13.809722222222224,0.9999957958740217,0.0002
13.811111111111112,0.9999363222498059,0.0002
13.8125,1.0001578067339658,0.0002
13.81388888888889,1.0002142253272532,0.0002
13.815277777777778,1.0000313676486416,0.0002
13.816666666666666,0.9997803318761395,0.0002
13.818055555555556,0.9999595893651864,0.0002
13.819444444444445,0.9998544943350324,0.0002
13.820833333333335,1.0001258451277695,0.0002
13.822222222222223,1.0003102031082334,0.0002
13.823611111111111,1.000196510343473,0.0002
13.825000000000001,1.0000116883502248,0.0002
13.82638888888889,1.0002404559232057,0.0002
13.827777777777778,0.9998489418293052,0.0002
13.829166666666667,1.0004423810023235,0.0002
13.830555555555556,0.9998729225380436,0.0002
13.831944444444446,0.9996800574952216,0.0002
13.833333333333334,1.000325174674305,0.0002
13.834722222222222,0.9999380404471929,0.0002
13.836111111111112,1.0000176393296207,0.0002
13.8375,0.9998235814934834,0.0002
13.838888888888889,1.0005013925441846,0.0002
13.840277777777779,1.0003707960321653,0.0002
13.841666666666667,1.0003051291235745,0.0002
13.843055555555557,1.0000062272212467,0.0002
13.844444444444445,1.000243900657082,0.0002
13.845833333333333,1.000184682252947,0.0002
13.847222222222223,1.0004753088870229,0.0002
13.848611111111111,1.0001428331271118,0.0002
13.85,1.00057053058446,0.0002
13.85138888888889,1.00019202388149,0.0002
13.852777777777778,1.0001723907770286,0.0002
13.854166666666668,1.0000908971890383,0.0002
13.855555555555556,1.0002197204999537,0.0002
13.856944444444444,1.0001403650822442,0.0002
13.858333333333334,1.000241802841086,0.0002
13.859722222222222,1.0000151907964894,0.0002
13.861111111111112,1.0002956261463554,0.0002
13.8625,1.000442982190602,0.0002
13.863888888888889,1.0002193825257129,0.0002
13.865277777777779,1.0005830395132176,0.0002
13.866666666666667,1.0004721514869463,0.0002
13.868055555555555,1.0006039955765516,0.0002
13.869444444444445,1.0000714300717592,0.0002
13.870833333333334,0.9997486509241761,0.0002
13.872222222222224,0.9998879091097229,0.0002
13.873611111111112,0.9999065271939648,0.0002
13.875,0.9998333724036379,0.0002
13.87638888888889,0.9995758517047427,0.0002
13.877777777777778,1.000181513296009,0.0002
13.879166666666666,0.9996243343445647,0.0002
13.880555555555556,1.0001676346894626,0.0002
13.881944444444445,1.0004693407434644,0.0002
13.883333333333335,0.9998683182530015,0.0002
13.884722222222223,1.0000574681648309,0.0002
13.886111111111111,0.9998232216200357,0.0002
13.887500000000001,1.00006055432196,0.0002
13.88888888888889,0.9995983879203142,0.0002
13.890277777777778,0.9997493843960409,0.0002
13.891666666666667,1.000024151913889,0.0002
13.893055555555556,0.9997091139778503,0.0002
13.894444444444446,0.9994577352567787,0.0002
13.895833333333334,1.0000391800392017,0.0002
13.897222222222222,0.9995297503102794,0.0002
13.898611111111112,0.9997575705523709,0.0002
13.9,0.9998933526693883,0.0002
13.901388888888889,0.9998007646112751,0.0002
13.902777777777779,1.0002530766516633,0.0002
13.904166666666667,0.9999015882579084,0.0002
13.905555555555557,0.9996376785121053,0.0002
13.906944444444445,0.9997242052330291,0.0002
13.908333333333333,0.999594727587816,0.0002
13.909722222222223,0.9995777695339376,0.0002
13.911111111111111,0.9996177039423734,0.0002
13.9125,0.999530196677007,0.0002
13.91388888888889,0.999617789790922,0.0002
13.915277777777778,0.9995005316550514,0.0002
13.916666666666668,0.999217378766076,0.0002
13.918055555555556,0.9997818108822798,0.0002
13.919444444444444,0.9994584704727714,0.0002
13.920833333333334,0.9995970234336554,0.0002
13.922222222222222,0.9993881525698908,0.0002
13.923611111111112,0.9993963191643347,0.0002
13.925,0.999328869529809,0.0002
13.926388888888889,0.9997195279600475,0.0002
13.927777777777779,0.9997492026348789,0.0002
13.929166666666667,0.9994571227509328,0.0002
13.930555555555555,0.9993482697356251,0.0002
13.931944444444445,0.9990806089956271,0.0002
13.933333333333334,0.9995320174116082,0.0002
13.934722222222224,0.9992269261515319,0.0002
13.936111111111112,0.9991725764436358,0.0002
13.9375,0.999410630912122,0.0002
13.93888888888889,0.9993139909881604,0.0002
13.940277777777778,0.9990514196544984,0.0002
13.941666666666666,0.9991081989578352,0.0002
13.943055555555556,0.999342566470605,0.0002
13.944444444444445,0.9991808411629503,0.0002
13.945833333333335,0.999328832669581,0.0002
13.947222222222223,0.9991918558200447,0.0002
13.948611111111111,0.9993489780869501,0.0002
13.950000000000001,0.9990724682161669,0.0002
13.95138888888889,0.99936233872821,0.0002
13.952777777777778,0.9994760059125211,0.0002
13.954166666666667,0.9992396792091331,0.0002
13.955555555555556,0.9995056760536941,0.0002
13.956944444444446,0.998954466354038,0.0002
13.958333333333334,0.9990964007588771,0.0002
13.959722222222222,0.9988853254761857,0.0002
13.961111111111112,0.9990863103837244,0.0002
13.9625,0.9991814251980622,0.0002
13.963888888888889,0.9994186754563168,0.0002
13.965277777777779,0.9991333198967645,0.0002
13.966666666666667,0.9990491129879024,0.0002
13.968055555555557,0.9988186123530524,0.0002
13.969444444444445,0.9988673316772312,0.0002
13.970833333333333,0.9991865214727821,0.0002
13.972222222222223,0.9992501903837615,0.0002
13.973611111111111,0.9989979780961129,0.0002
13.975000000000001,0.9993147607476393,0.0002
13.97638888888889,0.9988528590861545,0.0002
13.977777777777778,0.9989437038419025,0.0002
13.979166666666668,0.9989539829459222,0.0002
13.980555555555556,0.9992865119639424,0.0002
13.981944444444444,0.9990081565954092,0.0002
13.983333333333334,0.998609515636654,0.0002
13.984722222222222,0.9991321155207756,0.0002
13.986111111111112,0.9993840092195814,0.0002
13.9875,0.9989842801906794,0.0002
13.988888888888889,0.9988377945823668,0.0002
13.990277777777779,0.9991971734664317,0.0002
13.991666666666667,0.9993707696433765,0.0002
13.993055555555555,0.9991282049527658,0.0002
13.994444444444445,0.9986197333259623,0.0002
13.995833333333334,0.9990388646554751,0.0002
13.997222222222224,0.9989869606194426,0.0002
13.998611111111112,0.9986926267705197,0.0002
14.0,0.9991256121541134,0.0002
14.00138888888889,0.9989300904539581,0.0002
14.002777777777778,0.9992409798654491,0.0002
14.004166666666666,0.9987359288552483,0.0002
14.005555555555556,0.9989340665547579,0.0002
14.006944444444445,0.9986028126761378,0.0002
14.008333333333335,0.9988665781020628,0.0002
14.009722222222223,0.9991740236569231,0.0002
14.011111111111111,0.9985627016374259,0.0002
14.012500000000001,0.9986330804565171,0.0002
14.01388888888889,0.9991323225445462,0.0002
14.015277777777778,0.9989302465696378,0.0002
14.016666666666667,0.9991559326632818,0.0002
14.018055555555556,0.9987689758176718,0.0002
14.019444444444446,0.9989812068731221,0.0002
14.020833333333334,0.999127200547744,0.0002
14.022222222222222,0.9990011977213169,0.0002
14.023611111111112,0.9985939403903011,0.0002
14.025,0.9996071056849926,0.0002
14.026388888888889,0.9990969577096546,0.0002
14.027777777777779,0.998826516941969,0.0002
14.029166666666667,0.9991824959694405,0.0002
14.030555555555557,0.9992183666012083,0.0002
14.031944444444445,0.9993366840724953,0.0002
14.033333333333333,0.9993646779771086,0.0002
14.034722222222223,0.9991696537659968,0.0002
14.036111111111111,0.9988804135186504,0.0002
14.037500000000001,0.999285802401492,0.0002
14.03888888888889,0.9988830140620524,0.0002
14.040277777777778,0.9994518533846092,0.0002
14.041666666666668,0.9990485524436024,0.0002
14.043055555555556,0.9994447091925648,0.0002
14.044444444444444,0.9991165676599123,0.0002
14.045833333333334,0.9991934822502093,0.0002
14.047222222222222,0.9990926569240164,0.0002
14.048611111111112,0.9994023998565532,0.0002
14.05,0.9992524693564514,0.0002
14.051388888888889,0.9994868178824778,0.0002
14.052777777777779,0.9991813495978774,0.0002
14.054166666666667,0.999253628634688,0.0002
14.055555555555555,0.9992686882759417,0.0002
14.056944444444445,0.9993330235216132,0.0002
14.058333333333334,0.9990933491143096,0.0002
14.059722222222224,0.9994491300157428,0.0002
14.061111111111112,0.9991937659054898,0.0002
14.0625,0.9992747108351201,0.0002
14.06388888888889,0.9991526218199254,0.0002
14.065277777777778,0.9992019732743086,0.0002
14.066666666666666,0.9990721209439295,0.0002
14.068055555555556,0.9989270515749188,0.0002
14.069444444444445,0.9991234136273497,0.0002
14.070833333333335,0.9989586151703072,0.0002
14.072222222222223,0.9993227979968389,0.0002
14.073611111111111,0.9989757319635675,0.0002
14.075000000000001,0.9987810443685928,0.0002
14.07638888888889,0.9988934069373506,0.0002
14.077777777777778,0.9988021413866384,0.0002
14.079166666666667,0.9992075019010652,0.0002
14.080555555555556,0.9991805059226082,0.0002
14.081944444444446,0.9990351385818979,0.0002
14.083333333333334,0.9990680735250609,0.0002
14.084722222222222,0.9989781126280193,0.0002
14.086111111111112,0.9991578386491349,0.0002
14.0875,0.9991243712712014,0.0002
14.088888888888889,0.9991075394808304,0.0002
14.090277777777779,0.9990217454265007,0.0002
14.091666666666667,0.9988995938904978,0.0002
14.093055555555557,0.999158970072509,0.0002
14.094444444444445,0.9992837425882798,0.0002
14.095833333333333,0.9991359128716801,0.0002
14.097222222222223,0.9991916420804866,0.0002
14.098611111111111,0.9988639494092737,0.0002
14.100000000000001,0.9986191818644423,0.0002
14.10138888888889,0.9985928188831079,0.0002
14.102777777777778,0.9990772801652903,0.0002
14.104166666666668,0.9983938023957608,0.0002
14.105555555555556,0.9990269260497964,0.0002
14.106944444444444,0.9985511051233236,0.0002
14.108333333333334,0.9991392139675959,0.0002
14.109722222222222,0.9987507975265992,0.0002
14.111111111111112,0.9989054545837135,0.0002
14.1125,0.9991731290974172,0.0002
14.113888888888889,0.9985785485705095,0.0002
14.115277777777779,0.9985174812321068,0.0002
14.116666666666667,0.9985081895928396,0.0002
14.118055555555555,0.9984716381277644,0.0002
14.119444444444445,0.9985673262783746,0.0002
14.120833333333334,0.9984972015977384,0.0002
14.122222222222224,0.9983211021416275,0.0002
14.123611111111112,0.9984892941730054,0.0002
14.125,0.9986430323720873,0.0002
14.12638888888889,0.9983614425601993,0.0002
14.127777777777778,0.9986037790522759,0.0002
14.129166666666666,0.9989752587673898,0.0002
14.130555555555556,0.998470411647363,0.0002
14.131944444444445,0.9991718639189295,0.0002
14.133333333333335,0.9986320006837092,0.0002
14.134722222222223,0.9988348359910187,0.0002
14.136111111111111,0.9990351274284087,0.0002
14.137500000000001,0.9991711222077276,0.0002
14.13888888888889,0.9989671970948492,0.0002
14.140277777777778,0.9987468256669951,0.0002
14.141666666666667,0.9987354789684633,0.0002
14.143055555555556,0.9988569891125191,0.0002
14.144444444444446,0.9992848684312853,0.0002
14.145833333333334,0.9989147804717865,0.0002
14.147222222222222,0.9990481071339705,0.0002
14.148611111111112,0.9987109339815711,0.0002
14.15,0.9986545911037428,0.0002
14.151388888888889,0.998816322754637,0.0002
14.152777777777779,0.9987764740633377,0.0002
14.154166666666667,0.9987442376499973,0.0002
14.155555555555557,0.9985070195630175,0.0002
14.156944444444445,0.9988404478937706,0.0002
14.158333333333333,0.999134863147338,0.0002
14.159722222222223,0.9986427109942007,0.0002
14.161111111111111,0.9989338783919082,0.0002
14.162500000000001,0.998044373316758,0.0002
14.16388888888889,0.9986948218041865,0.0002
14.165277777777778,0.9985092419583863,0.0002
14.166666666666668,0.9991269935540291,0.0002
14.168055555555556,0.9990281137178182,0.0002
14.169444444444444,0.9986440772224762,0.0002
14.170833333333334,0.998915265757794,0.0002
14.172222222222222,0.9990791576669188,0.0002
14.173611111111112,0.9991349797620344,0.0002
14.175,0.998739400655411,0.0002
14.176388888888889,0.9983355993745462,0.0002
14.177777777777779,0.9986151216412525,0.0002
14.179166666666667,0.9988952877645274,0.0002
14.180555555555555,0.999195687157494,0.0002
14.181944444444445,0.9987649582334147,0.0002
14.183333333333334,0.998571612543869,0.0002
14.184722222222224,0.9991784509334892,0.0002
14.186111111111112,0.9987034292703082,0.0002
14.1875,0.9984090069993394,0.0002
14.18888888888889,0.998620052244224,0.0002
14.190277777777778,0.9989289175013255,0.0002
14.191666666666666,0.9987643326570146,0.0002
14.193055555555556,0.9988894424692476,0.0002
14.194444444444445,0.9983179440540317,0.0002
14.195833333333335,0.9983182831481903,0.0002
14.197222222222223,0.9984030627242262,0.0002
14.198611111111111,0.9985775802552743,0.0002
14.200000000000001,0.9987009702608836,0.0002
14.20138888888889,0.9988047594074639,0.0002
14.202777777777778,0.9991582354799522,0.0002
14.204166666666667,0.9985097205020249,0.0002
14.205555555555556,0.998593766607938,0.0002
14.206944444444446,0.9985655498658903,0.0002
14.208333333333334,0.9989383771078473,0.0002
14.209722222222222,0.998901631519001,0.0002
14.211111111111112,0.9986599638537849,0.0002
14.2125,0.9991498608829452,0.0002
14.213888888888889,0.9985747298955074,0.0002
14.215277777777779,0.9987939685756514,0.0002
14.216666666666667,0.9989084926160292,0.0002
14.218055555555557,0.9983505215105226,0.0002
14.219444444444445,0.9987435612609614,0.0002
14.220833333333333,0.9980652785252231,0.0002
14.222222222222223,0.9987495245351605,0.0002
14.223611111111111,0.9983481509307423,0.0002
14.225000000000001,0.9987037640207876,0.0002
14.22638888888889,0.9987710851836442,0.0002
14.227777777777778,0.9988342111859927,0.0002
14.229166666666668,0.9988321726931586,0.0002
14.230555555555556,0.9986623277381129,0.0002
14.231944444444444,0.9985526684055406,0.0002
14.233333333333334,0.9986235748209882,0.0002
14.234722222222222,0.9983538497270161,0.0002
14.236111111111112,0.9985459906913174,0.0002
14.2375,0.9984604681824255,0.0002
14.238888888888889,0.9983147510377812,0.0002
14.240277777777779,0.9980327442435409,0.0002
14.241666666666667,0.9981183539262192,0.0002
14.243055555555555,0.9978179239501508,0.0002
14.244444444444445,0.9983817462416976,0.0002
14.245833333333334,0.9985455110477482,0.0002
14.247222222222224,0.9980449477606966,0.0002
14.248611111111112,0.9986478988168688,0.0002
14.25,0.9985417898614174,0.0002
14.25138888888889,0.9983029593174654,0.0002
14.252777777777778,0.9984527760157919,0.0002
14.254166666666666,0.9987209732442981,0.0002
14.255555555555556,0.9982911967037421,0.0002
14.256944444444445,0.9985474655535169,0.0002
14.258333333333335,0.9986485207046933,0.0002
14.259722222222223,0.9983402650708271,0.0002
14.261111111111111,0.9986697173229151,0.0002
14.262500000000001,0.9985283664724065,0.0002
14.26388888888889,0.9984252728495481,0.0002
14.265277777777778,0.9990011706322673,0.0002
14.266666666666667,0.998855018163652,0.0002
14.268055555555556,0.9982946439345901,0.0002
14.269444444444446,0.9985357069336315,0.0002
14.270833333333334,0.9991343668733194,0.0002
14.272222222222222,0.9984140994759496,0.0002
14.273611111111112,0.9986180131411687,0.0002
14.275,0.9988326514322693,0.0002
14.276388888888889,0.9985979374545569,0.0002
14.277777777777779,0.9986330998450053,0.0002
14.279166666666667,0.9986137089828085,0.0002
14.280555555555557,0.9985299892517101,0.0002
14.281944444444445,0.9983673811251574,0.0002
14.283333333333333,0.998556221293701,0.0002
14.284722222222223,0.99837764381633,0.0002
14.286111111111111,0.9982672201855234,0.0002
14.287500000000001,0.9986054844782711,0.0002
14.28888888888889,0.9982625736292414,0.0002
14.290277777777778,0.998669480934633,0.0002
14.291666666666668,0.9984224787020206,0.0002
14.293055555555556,0.9982502946611829,0.0002
14.294444444444444,0.9979083427547024,0.0002
14.295833333333334,0.9986749270732943,0.0002
14.297222222222222,0.9982941897938582,0.0002
14.298611111111112,0.9978727169094371,0.0002
14.3,0.9985545002927408,0.0002
14.301388888888889,0.9984180164346055,0.0002
14.302777777777779,0.9982257203778172,0.0002
14.304166666666667,0.9986598808938358,0.0002
14.305555555555555,0.9979169539727232,0.0002
14.306944444444445,0.9982352859482752,0.0002
14.308333333333334,0.9983533252835358,0.0002
14.309722222222224,0.9985157120001016,0.0002
14.311111111111112,0.9988202276230872,0.0002
14.3125,0.9983286002219484,0.0002
14.31388888888889,0.9985192056192894,0.0002
14.315277777777778,0.9989749098057081,0.0002
14.316666666666666,0.9984294660793877,0.0002
14.318055555555556,0.9985461251789525,0.0002
14.319444444444445,0.998175492668828,0.0002
14.320833333333335,0.9987833000410876,0.0002
14.322222222222223,0.9982712654893083,0.0002
14.323611111111111,0.9984669726809963,0.0002
14.325000000000001,0.9984434530629387,0.0002
14.32638888888889,0.9984094385802178,0.0002
14.327777777777778,0.9983790167873913,0.0002
14.329166666666667,0.9984946385971909,0.0002
14.330555555555556,0.9987770222854344,0.0002
14.331944444444446,0.9988045525545768,0.0002
14.333333333333334,0.9983121689622162,0.0002
14.334722222222222,0.9982880454424351,0.0002
14.336111111111112,0.9982550942098111,0.0002
14.3375,0.9989597452800549,0.0002
14.338888888888889,0.9984926328221367,0.0002
14.340277777777779,0.9987239522008434,0.0002
14.341666666666667,0.9986917569008689,0.0002
14.343055555555557,0.9990396917971646,0.0002
14.344444444444445,0.9986207631084718,0.0002
14.345833333333333,0.9984417613548304,0.0002
14.347222222222223,0.9989751265072839,0.0002
14.348611111111111,0.9988148314121927,0.0002
14.350000000000001,0.9987616778963361,0.0002
14.35138888888889,0.9990497187772724,0.0002
14.352777777777778,0.9989043974077153,0.0002
14.354166666666668,0.9992050437855957,0.0002
14.355555555555556,0.9989691810902661,0.0002
14.356944444444444,0.9991111937337471,0.0002
14.358333333333334,0.9989733762064549,0.0002
14.359722222222222,0.9988176244656856,0.0002
14.361111111111112,0.9988169079053042,0.0002
14.3625,0.9987895939715477,0.0002
14.363888888888889,0.9989242753087229,0.0002
14.365277777777779,0.9988020665010295,0.0002
14.366666666666667,0.9989764776808538,0.0002
14.368055555555555,0.9990128599366894,0.0002
14.369444444444445,0.9988497389039934,0.0002
14.370833333333334,0.9988624331811756,0.0002
14.372222222222224,0.9987601180864472,0.0002
14.373611111111112,0.9987267055247795,0.0002
14.375,0.997589919591401,0.0002
14.37638888888889,0.9966778968566784,0.0002
14.377777777777778,0.994981790385369,0.0002
14.379166666666666,0.9935889677895985,0.0002
14.380555555555556,0.9919455772284311,0.0002
14.381944444444445,0.990679583735909,0.0002
14.383333333333335,0.9910935269033574,0.0002
14.384722222222223,0.9902547751450637,0.0002
14.386111111111111,0.9902779855605338,0.0002
14.387500000000001,0.9896852165637071,0.0002
14.38888888888889,0.9899397631225705,0.0002
14.390277777777778,0.9891872079608526,0.0002
14.391666666666667,0.9892811642801946,0.0002
14.393055555555556,0.9889214441139672,0.0002
14.394444444444446,0.9895810416501859,0.0002
14.395833333333334,0.9888583655425822,0.0002
14.397222222222222,0.9889252900366812,0.0002
14.398611111111112,0.9888122530803019,0.0002
14.4,0.9885831382702382,0.0002
14.401388888888889,0.9886526753952448,0.0002
14.402777777777779,0.9888373229891484,0.0002
14.404166666666667,0.9887221194628374,0.0002
14.405555555555557,0.9886101667257372,0.0002
14.406944444444445,0.988675004127669,0.0002
14.408333333333333,0.9890224807031036,0.0002
14.409722222222223,0.9884222343392992,0.0002
14.411111111111111,0.988090056485303,0.0002
14.412500000000001,0.9882604645371238,0.0002
14.41388888888889,0.9882449603558064,0.0002
14.415277777777778,0.9883180543410398,0.0002
14.416666666666668,0.9883160866076893,0.0002
14.418055555555556,0.9884835701068857,0.0002
14.419444444444444,0.9885261553885286,0.0002
14.420833333333334,0.988505118578136,0.0002
14.422222222222222,0.988295691588528,0.0002
14.423611111111112,0.9886654635181323,0.0002
14.425,0.9885554254517414,0.0002
14.426388888888889,0.9888289375219774,0.0002
14.427777777777779,0.9887370675197641,0.0002
14.429166666666667,0.9885776691649634,0.0002
14.430555555555555,0.9888928688003803,0.0002
14.431944444444445,0.9886502376548639,0.0002
14.433333333333334,0.9888011307094107,0.0002
14.434722222222224,0.9889688741479297,0.0002
14.436111111111112,0.9889161023076376,0.0002
14.4375,0.9890028968561297,0.0002
14.43888888888889,0.9890495733962676,0.0002
14.440277777777778,0.989021564580169,0.0002
14.441666666666666,0.988794938008597,0.0002
14.443055555555556,0.9892519894723204,0.0002
14.444444444444445,0.9895410610313984,0.0002
14.445833333333335,0.989847401361849,0.0002
14.447222222222223,0.9899414330586871,0.0002
14.448611111111111,0.9899500790474446,0.0002
14.450000000000001,0.9900336758705635,0.0002
14.45138888888889,0.9902869815421879,0.0002
14.452777777777778,0.9904160685107107,0.0002
14.454166666666667,0.9904306791895156,0.0002
14.455555555555556,0.990979822233314,0.0002
14.456944444444446,0.9928050105267382,0.0002
14.458333333333334,0.994476066081661,0.0002
14.459722222222222,0.9959104383883904,0.0002
14.461111111111112,0.9972706750419823,0.0002
14.4625,0.9983429773719609,0.0002
14.463888888888889,0.999332537497875,0.0002
14.465277777777779,0.9995704583388877,0.0002
14.466666666666667,0.9995943294544226,0.0002
14.468055555555557,0.9996100416860821,0.0002
14.469444444444445,0.9997116275127009,0.0002
14.470833333333333,0.9999369858169329,0.0002
14.472222222222223,0.9994433772061782,0.0002
14.473611111111111,1.0001498756094833,0.0002
14.475000000000001,0.9992120827364208,0.0002
14.47638888888889,0.9994591043656921,0.0002
14.477777777777778,0.9996796982748855,0.0002
14.479166666666668,0.9997615924498154,0.0002
14.480555555555556,0.9996318645806578,0.0002
14.481944444444444,0.9995597519587158,0.0002
14.483333333333334,1.0000675645308608,0.0002
14.484722222222222,0.9995032252614228,0.0002
14.486111111111112,0.9993314276794228,0.0002
14.4875,0.9999121033036258,0.0002
14.488888888888889,0.9996876017001015,0.0002
14.490277777777779,0.9997270059242984,0.0002
14.491666666666667,0.9995770366518753,0.0002
14.493055555555555,0.9993011831452715,0.0002
14.494444444444445,0.9995125178397414,0.0002
14.495833333333334,0.9991888985434866,0.0002
14.497222222222224,0.9995613122967414,0.0002
14.498611111111112,0.9996461306004008,0.0002
14.5,0.9997920923774459,0.0002
14.50138888888889,0.9995212251038925,0.0002
14.502777777777778,0.9995960298452243,0.0002
14.504166666666666,0.9993028766329768,0.0002
14.505555555555556,0.9996527021884162,0.0002
14.506944444444445,0.9995142942621972,0.0002
14.508333333333335,0.9992123810205094,0.0002
14.509722222222223,0.9995349495729533,0.0002
14.511111111111111,0.9995894396487721,0.0002
14.512500000000001,0.9994941139619298,0.0002
14.51388888888889,0.99927588864751,0.0002
14.515277777777778,0.9994801719173143,0.0002
14.516666666666667,0.9994997353174601,0.0002
14.518055555555556,0.9992254227737128,0.0002
14.519444444444446,0.9991840762457181,0.0002
14.520833333333334,0.9994222438284197,0.0002
14.522222222222222,0.9996118495690339,0.0002
14.523611111111112,0.9998547896088661,0.0002
14.525,0.9995356858793955,0.0002
14.526388888888889,0.9992052207499804,0.0002
14.527777777777779,0.9999380396019344,0.0002
14.529166666666667,0.9997927005020203,0.0002
14.530555555555557,0.999126029027288,0.0002
14.531944444444445,0.9993310054475977,0.0002
14.533333333333333,0.9993531134004997,0.0002
14.534722222222223,0.9996604461267223,0.0002
14.536111111111111,0.9989425517313144,0.0002
14.537500000000001,0.9993582369459117,0.0002
14.53888888888889,0.9995384091234264,0.0002
14.540277777777778,0.9988359697986315,0.0002
14.541666666666668,0.9995405131614572,0.0002
14.543055555555556,0.9996341522918113,0.0002
14.544444444444444,0.9993246862622829,0.0002
14.545833333333334,0.9992930142268579,0.0002
14.547222222222222,0.9992953322104007,0.0002
14.548611111111112,0.999011164906924,0.0002
14.55,0.9994439105758474,0.0002
14.551388888888889,0.999632584243331,0.0002
14.552777777777779,0.999437266813895,0.0002
14.554166666666667,0.9998990857255212,0.0002
14.555555555555555,0.9997724197736575,0.0002
14.556944444444445,0.9996633418940417,0.0002
14.558333333333334,0.9995222203642565,0.0002
14.559722222222224,0.9998017075219771,0.0002
14.561111111111112,0.9999535595960405,0.0002
14.5625,0.9995584250801063,0.0002
14.56388888888889,0.9997788984110121,0.0002
14.565277777777778,0.9996655284125223,0.0002
14.566666666666666,0.9996137694177197,0.0002
14.568055555555556,0.999779881693756,0.0002
14.569444444444445,0.9993510171263127,0.0002
14.570833333333335,0.9994662097946452,0.0002
14.572222222222223,0.9993736888543501,0.0002
14.573611111111111,0.9996980904018923,0.0002
14.575000000000001,0.9994888888143486,0.0002
14.57638888888889,0.9994154865875654,0.0002
14.577777777777778,0.9998351192102297,0.0002
14.579166666666667,0.9998930273184412,0.0002
14.580555555555556,0.9993907124178784,0.0002
14.581944444444446,0.9990997157982028,0.0002
14.583333333333334,0.9997406270687167,0.0002
14.584722222222222,0.9994527225854836,0.0002
14.586111111111112,0.9994554437798654,0.0002
14.5875,0.9993629515402628,0.0002
14.588888888888889,0.9992682421097169,0.0002
14.590277777777779,0.9993532420610473,0.0002
14.591666666666667,0.9995823313482862,0.0002
14.593055555555557,0.9993665316955342,0.0002
14.594444444444445,0.9995886580154558,0.0002
14.595833333333333,0.9995312502918563,0.0002
14.597222222222223,0.9993375885762602,0.0002
14.598611111111111,0.9999069860147859,0.0002
14.600000000000001,0.9996184969852888,0.0002
14.60138888888889,0.9994845123179485,0.0002
14.602777777777778,0.9995261854444192,0.0002
14.604166666666668,0.9990478530963997,0.0002
14.605555555555556,0.9993345287070614,0.0002
14.606944444444444,0.9991288803133876,0.0002
14.608333333333334,0.9994860917168362,0.0002
14.609722222222222,0.9994697460939613,0.0002
14.611111111111112,0.999432616712434,0.0002
14.6125,0.9995791460595316,0.0002
14.613888888888889,0.9990619151655729,0.0002
14.615277777777779,0.9991161192511763,0.0002
14.616666666666667,0.9993750685960534,0.0002
14.618055555555555,0.9992782791138446,0.0002
14.619444444444445,0.9989452626042333,0.0002
14.620833333333334,0.9994888593647936,0.0002
14.622222222222224,0.9995689211913918,0.0002
14.623611111111112,0.9992706401687642,0.0002
14.625,0.9988534021363271,0.0002
14.62638888888889,0.9991190400975879,0.0002
14.627777777777778,0.9990782492194904,0.0002
14.629166666666666,0.9989616397083466,0.0002
14.630555555555556,0.9993114806282819,0.0002
14.631944444444445,0.9990393935341608,0.0002
14.633333333333335,0.9995114232859239,0.0002
14.634722222222223,0.9992470156908688,0.0002
14.636111111111111,0.9991335536800229,0.0002
14.637500000000001,0.9992138823733937,0.0002
14.63888888888889,0.999316340867247,0.0002
14.640277777777778,0.999130135299321,0.0002
14.641666666666667,0.9988970763167043,0.0002
14.643055555555556,0.9987848207394457,0.0002
14.644444444444446,0.9986875088454679,0.0002
14.645833333333334,0.9985641427923553,0.0002
14.647222222222222,0.9990261592775991,0.0002
14.648611111111112,0.9989085369229572,0.0002
14.65,0.9988547453025614,0.0002
14.651388888888889,0.9991101458483126,0.0002
14.652777777777779,0.9988666280587929,0.0002
14.654166666666667,0.9993071318994327,0.0002
14.655555555555557,0.9987934677079735,0.0002
14.656944444444445,0.9987056723557333,0.0002
14.658333333333333,0.9986292078261363,0.0002
14.659722222222223,0.9989618692005859,0.0002
14.661111111111111,0.9990184062346367,0.0002
14.662500000000001,0.9986523620634278,0.0002
14.66388888888889,0.9985623821357514,0.0002
14.665277777777778,0.9991073072682356,0.0002
14.666666666666668,0.9985010211567215,0.0002
14.668055555555556,0.9989821975589077,0.0002
14.669444444444444,0.9985879960269335,0.0002
14.670833333333334,0.998806841764233,0.0002
14.672222222222222,0.9989116401607208,0.0002
14.673611111111112,0.9988262039616923,0.0002
14.675,0.9987325619786824,0.0002
14.676388888888889,0.9990628168291484,0.0002
14.677777777777779,0.9987952839267791,0.0002
14.679166666666667,0.9994737879157526,0.0002
14.680555555555555,0.9984127518478974,0.0002
14.681944444444445,0.9983959760867889,0.0002
14.683333333333334,0.9989136580561067,0.0002
14.684722222222224,0.9987347662245584,0.0002
14.686111111111112,0.9989229269992794,0.0002
14.6875,0.9985294986152913,0.0002
14.68888888888889,0.9986851003218561,0.0002
14.690277777777778,0.998787176786238,0.0002
14.691666666666666,0.9985525593892892,0.0002
14.693055555555556,0.9987180681461743,0.0002
14.694444444444445,0.9984069095345471,0.0002
14.695833333333335,0.998672592369909,0.0002
14.697222222222223,0.9988870683498161,0.0002
14.698611111111111,0.9983745917396368,0.0002
14.700000000000001,0.9983922295946142,0.0002
14.70138888888889,0.9988957842382936,0.0002
14.702777777777778,0.9983050688118766,0.0002
14.704166666666667,0.9987952563063038,0.0002
14.705555555555556,0.998657597436172,0.0002
14.706944444444446,0.9985086787625864,0.0002
14.708333333333334,0.9988502517278828,0.0002
14.709722222222222,0.9987537956999231,0.0002
14.711111111111112,0.9986557925769648,0.0002
14.7125,0.9981476970147566,0.0002
14.713888888888889,0.9987590103228724,0.0002
14.715277777777779,0.9983212186298818,0.0002
14.716666666666667,0.9984442216139796,0.0002
14.718055555555557,0.9983964613375158,0.0002
14.719444444444445,0.9987342416006842,0.0002
14.720833333333333,0.9983737172819634,0.0002
14.722222222222223,0.9982344442719412,0.0002
14.723611111111111,0.9988243179337202,0.0002
14.725000000000001,0.9986470824238861,0.0002
14.72638888888889,0.9986451104397155,0.0002
14.727777777777778,0.9988124965386244,0.0002
14.729166666666668,0.9987888186566942,0.0002
14.730555555555556,0.9982404253508828,0.0002
14.731944444444444,0.9982067845446723,0.0002
14.733333333333334,0.9986064587089115,0.0002
14.734722222222222,0.9983520141534986,0.0002
14.736111111111112,0.9983714925650542,0.0002
14.7375,0.9981951727753974,0.0002
14.738888888888889,0.9985084967187379,0.0002
14.740277777777779,0.9984764001476752,0.0002
14.741666666666667,0.9983933588227044,0.0002
14.743055555555555,0.9982370261365313,0.0002
14.744444444444445,0.9987514511664604,0.0002
14.745833333333334,0.9985595673731722,0.0002
14.747222222222224,0.998802387807757,0.0002
14.748611111111112,0.9981338142828078,0.0002
14.75,0.9985060163353225,0.0002
14.75138888888889,0.9983633883094215,0.0002
14.752777777777778,0.998563797756112,0.0002
14.754166666666666,0.9987623541702815,0.0002
14.755555555555556,0.9986439345822573,0.0002
14.756944444444445,0.9985081369550814,0.0002
14.758333333333335,0.9985050972275785,0.0002
14.759722222222223,0.9982475537501851,0.0002
14.761111111111111,0.99832254347199,0.0002
14.762500000000001,0.9987176385465188,0.0002
14.76388888888889,0.9983752889344412,0.0002
14.765277777777778,0.9986733469778803,0.0002
14.766666666666667,0.998622570441217,0.0002
14.768055555555556,0.9986540806660661,0.0002
14.769444444444446,0.9985652780603055,0.0002
14.770833333333334,0.9983676136801546,0.0002
14.772222222222222,0.9983501889667691,0.0002
14.773611111111112,0.9985212197582477,0.0002
14.775,0.9979456769016246,0.0002
14.776388888888889,0.9987041967671348,0.0002
14.777777777777779,0.9984421283065128,0.0002
14.779166666666667,0.9986164112499111,0.0002
14.780555555555557,0.998575867923878,0.0002
14.781944444444445,0.9986100679040417,0.0002
14.783333333333333,0.9983956898953424,0.0002
14.784722222222223,0.9987239901635504,0.0002
14.786111111111111,0.9987969505018334,0.0002
14.787500000000001,0.9983281712427247,0.0002
14.78888888888889,0.9984775106269304,0.0002
14.790277777777778,0.9989232709921212,0.0002
14.791666666666668,0.9988164627237106,0.0002
14.793055555555556,0.9987642876046089,0.0002
14.794444444444444,0.9985568259867218,0.0002
14.795833333333334,0.9988581922079145,0.0002
14.797222222222222,0.998485813224589,0.0002
14.798611111111112,0.9987077723261031,0.0002
14.8,0.9984724403023801,0.0002
14.801388888888889,0.9987378194897202,0.0002
14.802777777777779,0.9985556348549602,0.0002
14.804166666666667,0.998847043351017,0.0002
14.805555555555555,0.9988090843054224,0.0002
14.806944444444445,0.9985720068103592,0.0002
14.808333333333334,0.9988443598878364,0.0002
14.809722222222224,0.9983890247856567,0.0002
14.811111111111112,0.9985868173869382,0.0002
14.8125,0.9984671564077101,0.0002
14.81388888888889,0.9986419269095153,0.0002
14.815277777777778,0.9986053309961916,0.0002
14.816666666666666,0.9987910944162888,0.0002
14.818055555555556,0.9985273861030981,0.0002
14.819444444444445,0.9979120079628719,0.0002
14.820833333333335,0.9984660408968989,0.0002
14.822222222222223,0.9989022371954913,0.0002
14.823611111111111,0.9985714648796511,0.0002
14.825000000000001,0.99812706779569,0.0002
14.82638888888889,0.9986802366243603,0.0002
14.827777777777778,0.998724875433437,0.0002
14.829166666666667,0.9985875869858787,0.0002
14.830555555555556,0.9986485635161294,0.0002
14.831944444444446,0.9984485853168393,0.0002
14.833333333333334,0.9987235274899326,0.0002
14.834722222222222,0.9986184065769036,0.0002
14.836111111111112,0.9984044050095867,0.0002
14.8375,0.9986853340768277,0.0002
14.838888888888889,0.998537262092862,0.0002
14.840277777777779,0.9989657040597892,0.0002
14.841666666666667,0.998876698714211,0.0002
14.843055555555557,0.9986624089143427,0.0002
14.844444444444445,0.9986881710089309,0.0002
14.845833333333333,0.9989226556763566,0.0002
14.847222222222223,0.998743258275769,0.0002
14.848611111111111,0.998979689090464,0.0002
14.850000000000001,0.999116353449993,0.0002
14.85138888888889,0.998625600621005,0.0002
14.852777777777778,0.9990468336757758,0.0002
14.854166666666668,0.9989546327089044,0.0002
14.855555555555556,0.9987280106507826,0.0002
14.856944444444444,0.9985595043677629,0.0002
14.858333333333334,0.9986951883026157,0.0002
14.859722222222222,0.9985522663656438,0.0002
14.861111111111112,0.9983848166749875,0.0002
14.8625,0.9987062953538859,0.0002
14.863888888888889,0.998351535157752,0.0002
14.865277777777779,0.9984892124853687,0.0002
14.866666666666667,0.99853606836063,0.0002
14.868055555555555,0.998370466699014,0.0002
14.869444444444445,0.9988121121448077,0.0002
14.870833333333334,0.9986491816108823,0.0002
14.872222222222224,0.9989882604081818,0.0002
14.873611111111112,0.9987428077777953,0.0002
14.875,0.9987303736429265,0.0002
14.87638888888889,0.9985474771268084,0.0002
14.877777777777778,0.9987126815290726,0.0002
14.879166666666666,0.9987461882336708,0.0002
14.880555555555556,0.9988575741462605,0.0002
14.881944444444445,0.9987971523176306,0.0002
14.883333333333335,0.9992002119237257,0.0002
14.884722222222223,0.9988771260161159,0.0002
14.886111111111111,0.9986404025604441,0.0002
14.887500000000001,0.9986156686474623,0.0002
14.88888888888889,0.9989455090147767,0.0002
14.890277777777778,0.9986764511687339,0.0002
14.891666666666667,0.9989324199132285,0.0002
14.893055555555556,0.9989801090402515,0.0002
14.894444444444446,0.9990233213774088,0.0002
14.895833333333334,0.9986690662255525,0.0002
14.897222222222222,0.9990946922980438,0.0002
14.898611111111112,0.9989035061557194,0.0002
14.9,0.9986408316552048,0.0002
14.901388888888889,0.9987662215574399,0.0002
14.902777777777779,0.9989324234098826,0.0002
14.904166666666667,0.9986953164251101,0.0002
14.905555555555557,0.9989090713197218,0.0002
14.906944444444445,0.9991723587223439,0.0002
14.908333333333333,0.999039427452612,0.0002
14.909722222222223,0.9988312917158431,0.0002
14.911111111111111,0.9988709293033393,0.0002
14.912500000000001,0.9987582887418007,0.0002
14.91388888888889,0.9987112408796799,0.0002
14.915277777777778,0.9984972972690767,0.0002
14.916666666666668,0.9988443664608183,0.0002
14.918055555555556,0.9989502750610091,0.0002
14.919444444444444,0.9987997587959458,0.0002
14.920833333333334,0.9986141013383854,0.0002
14.922222222222222,0.9988603279097217,0.0002
14.923611111111112,0.9990913808262024,0.0002
14.925,0.9989898397835316,0.0002
14.926388888888889,0.9987322744812892,0.0002
14.927777777777779,0.9991156746026649,0.0002
14.929166666666667,0.9992700808592024,0.0002
14.930555555555555,0.9986495266325821,0.0002
14.931944444444445,0.9987243165774752,0.0002
14.933333333333334,0.9989378704518165,0.0002
14.934722222222224,0.9987124333326963,0.0002
14.936111111111112,0.9990312398661922,0.0002
14.9375,0.9988083344238656,0.0002
14.93888888888889,0.998814989678527,0.0002
14.940277777777778,0.998594047571507,0.0002
14.941666666666666,0.9985077305089011,0.0002
14.943055555555556,0.9982730698979543,0.0002
14.944444444444445,0.9990248970730535,0.0002
14.945833333333335,0.9989870781984106,0.0002
14.947222222222223,0.998957029799809,0.0002
14.948611111111111,0.9989902809454864,0.0002
14.950000000000001,0.9984440074008628,0.0002
14.95138888888889,0.9986806428957278,0.0002
14.952777777777778,0.9988282477385212,0.0002
14.954166666666667,0.998579812759013,0.0002
14.955555555555556,0.9984234818389627,0.0002
14.956944444444446,0.9985910208619758,0.0002
14.958333333333334,0.9987922117277988,0.0002
14.959722222222222,0.9987841127712694,0.0002
14.961111111111112,0.998902421923815,0.0002
14.9625,0.9991336523827896,0.0002
14.963888888888889,0.9989045608447504,0.0002
14.965277777777779,0.9987337803116734,0.0002
14.966666666666667,0.9990916396938248,0.0002
14.968055555555557,0.9983588453028006,0.0002
14.969444444444445,0.9982231329292316,0.0002
14.970833333333333,0.9984800902186306,0.0002
14.972222222222223,0.9988361734004718,0.0002
14.973611111111111,0.9986715323035372,0.0002
14.975000000000001,0.9983119024580257,0.0002
14.97638888888889,0.9984119916228218,0.0002
14.977777777777778,0.9982688164743719,0.0002
14.979166666666668,0.9983009418315716,0.0002
14.980555555555556,0.9988256230212329,0.0002
14.981944444444444,0.9984423307784935,0.0002
14.983333333333334,0.9988326315792369,0.0002
14.984722222222222,0.9984090052699581,0.0002
14.986111111111112,0.9987200676325422,0.0002
14.9875,0.9986741131430547,0.0002
14.988888888888889,0.9988216431073441,0.0002
14.990277777777779,0.9986173346960949,0.0002
14.991666666666667,0.9987128894734072,0.0002
14.993055555555555,0.998512818080294,0.0002
14.994444444444445,0.9982634031391042,0.0002
14.995833333333334,0.9986986024241061,0.0002
14.997222222222224,0.9985500353338358,0.0002
14.998611111111112,0.9984221385099116,0.0002
15.0,0.9986461327216197,0.0002
15.00138888888889,0.9986823324521817,0.0002
15.002777777777778,0.9984837950974547,0.0002
15.004166666666666,0.9985170490707113,0.0002
15.005555555555556,0.9982846254318479,0.0002
15.006944444444445,0.9981215436219983,0.0002
15.008333333333335,0.9984977172445381,0.0002
15.009722222222223,0.9987020645770288,0.0002
15.011111111111111,0.9983495096142547,0.0002
15.012500000000001,0.9987082553570795,0.0002
15.01388888888889,0.9983241140195219,0.0002
15.015277777777778,0.9983196718124414,0.0002
15.016666666666667,0.9983122759730065,0.0002
15.018055555555556,0.9985442039455235,0.0002
15.019444444444446,0.9981923269615535,0.0002
15.020833333333334,0.9983626609479441,0.0002
15.022222222222222,0.998328200987626,0.0002
15.023611111111112,0.9983097850703035,0.0002
15.025,0.9985688271782114,0.0002
15.02638888888889,0.9985140380278532,0.0002
15.027777777777779,0.9987064925993756,0.0002
15.029166666666667,0.9984478664060453,0.0002
15.030555555555557,0.9985521139571971,0.0002
15.031944444444445,0.9983979178165472,0.0002
15.033333333333333,0.9986583178936755,0.0002
15.034722222222223,0.9982308953585851,0.0002
15.036111111111111,0.9982396264483662,0.0002
15.037500000000001,0.9983876738644138,0.0002
15.03888888888889,0.9981588812665738,0.0002
15.040277777777778,0.9983501700733228,0.0002
15.041666666666668,0.9988240244996889,0.0002
15.043055555555556,0.9981122194373022,0.0002
15.044444444444444,0.9986082677769459,0.0002
15.045833333333334,0.9981712510506687,0.0002
15.047222222222222,0.9984983342139528,0.0002
15.048611111111112,0.998336200172289,0.0002
15.05,0.9983574947519486,0.0002
15.051388888888889,0.9981857809618955,0.0002
15.052777777777779,0.9982693415322642,0.0002
15.054166666666667,0.9981948009003271,0.0002
15.055555555555555,0.9982951365352585,0.0002
15.056944444444445,0.9982411548733585,0.0002
15.058333333333334,0.9982803472100735,0.0002
15.059722222222224,0.9979973356923414,0.0002
15.061111111111112,0.9982100096914653,0.0002
15.0625,0.9983976502569623,0.0002
15.06388888888889,0.9983077938950273,0.0002
15.065277777777778,0.9981556200817795,0.0002
15.066666666666666,0.9987206273765966,0.0002
15.068055555555556,0.9981565007243747,0.0002
15.069444444444445,0.9982796132285623,0.0002
15.070833333333335,0.9980038504086246,0.0002
15.072222222222223,0.9982502771453517,0.0002
15.073611111111111,0.9986371125608905,0.0002
15.075000000000001,0.9981230726075814,0.0002
15.07638888888889,0.9979113625942277,0.0002
15.077777777777778,0.9983462618083978,0.0002
15.079166666666667,0.998247570103475,0.0002
15.080555555555556,0.9983421633578109,0.0002
15.081944444444446,0.998128790597746,0.0002
15.083333333333334,0.9980304088674626,0.0002
15.084722222222222,0.9982338974586453,0.0002
15.086111111111112,0.9983912900038691,0.0002
15.0875,0.9982464811062761,0.0002
15.08888888888889,0.9983442599655162,0.0002
15.090277777777779,0.9981329006959254,0.0002
15.091666666666667,0.9983171345255206,0.0002
15.093055555555557,0.9983518057708531,0.0002
15.094444444444445,0.9982203102319799,0.0002
15.095833333333333,0.9984107794655656,0.0002
15.097222222222223,0.9982740063543023,0.0002
15.098611111111111,0.998522089759445,0.0002
15.100000000000001,0.9986087229375256,0.0002
15.10138888888889,0.9985701404893892,0.0002
15.102777777777778,0.9981533498240721,0.0002
15.104166666666668,0.9983352897146245,0.0002
15.105555555555556,0.9984596404917523,0.0002
15.106944444444444,0.9984412657399995,0.0002
15.108333333333334,0.9984873768035478,0.0002
15.109722222222222,0.9988224677104826,0.0002
15.111111111111112,0.9987365216477495,0.0002
15.1125,0.9984799073084667,0.0002
15.113888888888889,0.998681268400106,0.0002
15.115277777777779,0.9985498799269548,0.0002
15.116666666666667,0.9985160070329904,0.0002
15.118055555555555,0.9987089669357806,0.0002
15.119444444444445,0.9983262510467246,0.0002
15.120833333333334,0.9984600431189908,0.0002
15.122222222222224,0.9982418296279311,0.0002
15.123611111111112,0.9982364503334019,0.0002
15.125,0.9981625323044059,0.0002
15.12638888888889,0.9982355174074327,0.0002
15.127777777777778,0.9984296350329432,0.0002
15.129166666666666,0.998317969460698,0.0002
15.130555555555556,0.9983745934558189,0.0002
15.131944444444445,0.998273432127485,0.0002
15.133333333333335,0.9986791973379071,0.0002
15.134722222222223,0.9980765909476064,0.0002
15.136111111111111,0.9980751040091261,0.0002
15.137500000000001,0.998089250218432,0.0002
15.13888888888889,0.9982219552139965,0.0002
15.140277777777778,0.9983354337864311,0.0002
15.141666666666667,0.9984058458045382,0.0002
15.143055555555556,0.9984870096628407,0.0002
15.144444444444446,0.998223215871754,0.0002
15.145833333333334,0.9981441667792936,0.0002
15.147222222222222,0.9985913786037411,0.0002
15.148611111111112,0.9976538530504406,0.0002
15.15,0.9982204859481139,0.0002
15.15138888888889,0.9982943488071674,0.0002
15.152777777777779,0.9985663090637934,0.0002
15.154166666666667,0.9979833112651372,0.0002
15.155555555555557,0.9982133425197688,0.0002
15.156944444444445,0.9980471602052107,0.0002
15.158333333333333,0.9979248365737272,0.0002
15.159722222222223,0.9982684634567103,0.0002
15.161111111111111,0.9985165065008125,0.0002
15.162500000000001,0.9985650148781905,0.0002
15.16388888888889,0.9982157260212158,0.0002
15.165277777777778,0.9984153281699473,0.0002
15.166666666666668,0.9981910517983091,0.0002
15.168055555555556,0.9983900413411408,0.0002
15.169444444444444,0.9984851376205841,0.0002
15.170833333333334,0.9981060641871353,0.0002
15.172222222222222,0.998441722257784,0.0002
15.173611111111112,0.9979479408762785,0.0002
15.175,0.9983114432165067,0.0002
15.176388888888889,0.9984625975583751,0.0002
15.177777777777779,0.9984362439145794,0.0002
15.179166666666667,0.9980065541785615,0.0002
15.180555555555555,0.9981471640208308,0.0002
15.181944444444445,0.9981749974523061,0.0002
15.183333333333334,0.9981964528985207,0.0002
15.184722222222224,0.9981484494886539,0.0002
15.186111111111112,0.9984259213186008,0.0002
15.1875,0.997859854354315,0.0002
15.18888888888889,0.9980727284528564,0.0002
15.190277777777778,0.9977002566359549,0.0002
15.191666666666666,0.9981839678223292,0.0002
15.193055555555556,0.9981789054506977,0.0002
15.194444444444445,0.9988286605140738,0.0002
15.195833333333335,0.9983654052365801,0.0002
15.197222222222223,0.9981842411117371,0.0002
15.198611111111111,0.9981675035601438,0.0002
15.200000000000001,0.9980391156577892,0.0002
15.20138888888889,0.9981492506931072,0.0002
15.202777777777778,0.9981804988210958,0.0002
15.204166666666667,0.9976756697743503,0.0002
15.205555555555556,0.9980342544643108,0.0002
15.206944444444446,0.9980279990306553,0.0002
15.208333333333334,0.9984226375171563,0.0002
15.209722222222222,0.9980500138529245,0.0002
15.211111111111112,0.9979612426917452,0.0002
15.2125,0.9982151484649486,0.0002
15.21388888888889,0.9981893371578692,0.0002
15.215277777777779,0.9981120247010702,0.0002
15.216666666666667,0.9978921213245218,0.0002
15.218055555555557,0.9981726547697263,0.0002
15.219444444444445,0.9981130321358636,0.0002
15.220833333333333,0.9982205386550113,0.0002
15.222222222222223,0.9983899618287946,0.0002
15.223611111111111,0.9981002073024572,0.0002
15.225000000000001,0.9981862626818784,0.0002
15.22638888888889,0.9983372264847881,0.0002
15.227777777777778,0.9982292221807506,0.0002
15.229166666666668,0.9986986259724214,0.0002
15.230555555555556,0.998228799513006,0.0002
15.231944444444444,0.9979278619979197,0.0002
15.233333333333334,0.9979466393049444,0.0002
15.234722222222222,0.9979580403524247,0.0002
15.236111111111112,0.9979488190700658,0.0002
15.2375,0.9982058005135837,0.0002
15.238888888888889,0.9979623485961386,0.0002
15.240277777777779,0.9981643381542998,0.0002
15.241666666666667,0.9984861632265194,0.0002
15.243055555555555,0.9981718418748481,0.0002
15.244444444444445,0.9984033768353799,0.0002
15.245833333333334,0.9980245241871422,0.0002
15.247222222222224,0.9983243590948055,0.0002
15.248611111111112,0.9981878301016305,0.0002
15.25,0.9983618392875474,0.0002
15.25138888888889,0.9981215819618698,0.0002
15.252777777777778,0.9987406931345015,0.0002
15.254166666666666,0.9979344525368046,0.0002
15.255555555555556,0.9985098477004349,0.0002
15.256944444444445,0.998446865243218,0.0002
15.258333333333335,0.9983581980614346,0.0002
15.259722222222223,0.998328059006249,0.0002
15.261111111111111,0.9986611860945641,0.0002
15.262500000000001,0.9988140571260814,0.0002
15.26388888888889,0.9982564677769941,0.0002
15.265277777777778,0.9983105091154106,0.0002
15.266666666666667,0.9981449826606973,0.0002
15.268055555555556,0.99807402243057,0.0002
15.269444444444446,0.9983884823136511,0.0002
15.270833333333334,0.9984092016907448,0.0002
15.272222222222222,0.9981193781054639,0.0002
15.273611111111112,0.9984996341987858,0.0002
15.275,0.9983325047088923,0.0002
15.27638888888889,0.9982040899073314,0.0002
15.277777777777779,0.9981762047044377,0.0002
15.279166666666667,0.998355520973826,0.0002
15.280555555555557,0.998566476774593,0.0002
15.281944444444445,0.9983062628280889,0.0002
15.283333333333333,0.998442696178524,0.0002
15.284722222222223,0.998128250333848,0.0002
15.286111111111111,0.998271198881773,0.0002
15.287500000000001,0.9984989712884669,0.0002
15.28888888888889,0.9980923388813165,0.0002
15.290277777777778,0.9983883922628148,0.0002
15.291666666666668,0.9984720295352012,0.0002
15.293055555555556,0.9984038294840055,0.0002
15.294444444444444,0.998521632563682,0.0002
15.295833333333334,0.9984581011799446,0.0002
15.297222222222222,0.9983308190849659,0.0002
15.298611111111112,0.9982469965541133,0.0002
15.3,0.9984477360971759,0.0002
15.301388888888889,0.9986756193825612,0.0002
15.302777777777779,0.9985835355312034,0.0002
15.304166666666667,0.9982993442066258,0.0002
15.305555555555555,0.998326163455641,0.0002
15.306944444444445,0.9983696336182171,0.0002
15.308333333333334,0.9983084927631007,0.0002
15.309722222222224,0.9984274430179424,0.0002
15.311111111111112,0.9985658135836378,0.0002
15.3125,0.9988439061740726,0.0002
15.31388888888889,0.9982020201395936,0.0002
15.315277777777778,0.9980869355350931,0.0002
15.316666666666666,0.9969606598827678,0.0002
15.318055555555556,0.9954233160215461,0.0002
15.319444444444445,0.9937066079927903,0.0002
15.320833333333335,0.9923382299550205,0.0002
15.322222222222223,0.9912788909913373,0.0002
15.323611111111111,0.9902191539667472,0.0002
15.325000000000001,0.989587002307034,0.0002
15.32638888888889,0.9893766207683448,0.0002
15.327777777777778,0.9889887289001956,0.0002
15.329166666666667,0.9890128152071858,0.0002
15.330555555555556,0.9889936822489739,0.0002
15.331944444444446,0.988577401730006,0.0002
15.333333333333334,0.9879231702138291,0.0002
15.334722222222222,0.988490153968361,0.0002
15.336111111111112,0.9882622321524647,0.0002
15.3375,0.9881672482381054,0.0002
15.33888888888889,0.9881274962904446,0.0002
15.340277777777779,0.9882283477879957,0.0002
15.341666666666667,0.9880566683836153,0.0002
15.343055555555557,0.9882468488532584,0.0002
15.344444444444445,0.988162823997641,0.0002
15.345833333333333,0.9878626412925506,0.0002
15.347222222222223,0.9878080983415946,0.0002
15.348611111111111,0.9879256433460001,0.0002
15.350000000000001,0.9878280205600078,0.0002
15.35138888888889,0.9875177572983532,0.0002
15.352777777777778,0.9882352786596358,0.0002
15.354166666666668,0.987951693333799,0.0002
15.355555555555556,0.9876706035260553,0.0002
15.356944444444444,0.9873890620723482,0.0002
15.358333333333334,0.9877270144818958,0.0002
15.359722222222222,0.9875818236097762,0.0002
15.361111111111112,0.9877278933046028,0.0002
15.3625,0.9872917982489371,0.0002
15.363888888888889,0.9877122186497674,0.0002
15.365277777777779,0.9876753032495632,0.0002
15.366666666666667,0.9877293863829802,0.0002
15.368055555555555,0.9877117573176257,0.0002
15.369444444444445,0.9877527047534449,0.0002
15.370833333333334,0.9880565881779286,0.0002
15.372222222222224,0.987766433476428,0.0002
15.373611111111112,0.9877361902080711,0.0002
15.375,0.9875855328153099,0.0002
15.37638888888889,0.9878008460403608,0.0002
15.377777777777778,0.9876066373714973,0.0002
15.379166666666666,0.9881238203833924,0.0002
15.380555555555556,0.9879614690576913,0.0002
15.381944444444445,0.988245304099852,0.0002
15.383333333333335,0.9883452268733106,0.0002
15.384722222222223,0.9879841788716561,0.0002
15.386111111111111,0.9882570314532547,0.0002
15.387500000000001,0.9888048606149543,0.0002
15.38888888888889,0.9886480471013739,0.0002
15.390277777777778,0.9888580144979979,0.0002
15.391666666666667,0.9891290331006684,0.0002
15.393055555555556,0.9893509223098785,0.0002
15.394444444444446,0.9894885742852494,0.0002
15.395833333333334,0.9901227002706171,0.0002
15.397222222222222,0.9904489411165756,0.0002
15.398611111111112,0.9919142965629539,0.0002
15.4,0.993434505620345,0.0002
15.40138888888889,0.9952612394760861,0.0002
15.402777777777779,0.9963634826629246,0.0002
15.404166666666667,0.9972462144265127,0.0002
15.405555555555557,0.9981881402026369,0.0002
15.406944444444445,0.9978261741737643,0.0002
15.408333333333333,0.997907063311558,0.0002
15.409722222222223,0.9984136495830509,0.0002
15.411111111111111,0.9983672986974548,0.0002
15.412500000000001,0.998061832965776,0.0002
15.41388888888889,0.997563688964858,0.0002
15.415277777777778,0.9982183197629063,0.0002
15.416666666666668,0.9981735372731732,0.0002
15.418055555555556,0.9981198015968685,0.0002
15.419444444444444,0.9982007173809473,0.0002
15.420833333333334,0.9981577518191902,0.0002
15.422222222222222,0.9980921804417241,0.0002
15.423611111111112,0.9979231212320782,0.0002
15.425,0.9979308785546996,0.0002
15.426388888888889,0.9981391087426518,0.0002
15.427777777777779,0.99815068141052,0.0002
15.429166666666667,0.9982779779873221,0.0002
15.430555555555555,0.9978811552896514,0.0002
15.431944444444445,0.9978224379854139,0.0002
15.433333333333334,0.9981045696031374,0.0002
15.434722222222224,0.9979453910163153,0.0002
15.436111111111112,0.998211941459393,0.0002
15.4375,0.9978904669622202,0.0002
15.43888888888889,0.9984103103296569,0.0002
15.440277777777778,0.9980279690265053,0.0002
15.441666666666666,0.9985148923280401,0.0002
15.443055555555556,0.9983383098936471,0.0002
15.444444444444445,0.9979515587777901,0.0002
15.445833333333335,0.9985338093361966,0.0002
15.447222222222223,0.9981564997154462,0.0002
15.448611111111111,0.9980716505683738,0.0002
15.450000000000001,0.998007725760855,0.0002
15.45138888888889,0.9980978994368379,0.0002
15.452777777777778,0.9981703612602194,0.0002
15.454166666666667,0.9978996820832673,0.0002
15.455555555555556,0.9980778345984461,0.0002
15.456944444444446,0.9981583213140973,0.0002
15.458333333333334,0.9982281482623269,0.0002
15.459722222222222,0.9982385139784421,0.0002
15.461111111111112,0.9981856412092353,0.0002
15.4625,0.9980979817398885,0.0002
15.46388888888889,0.9980825196622523,0.0002
15.465277777777779,0.9978901913656305,0.0002
15.466666666666667,0.9981694870778594,0.0002
15.468055555555557,0.9979137783664414,0.0002
15.469444444444445,0.9978928460647181,0.0002
15.470833333333333,0.9980616192744479,0.0002
15.472222222222223,0.9980430163696304,0.0002
15.473611111111111,0.9980130060563276,0.0002
15.475000000000001,0.9977834185784212,0.0002
15.47638888888889,0.998066041799264,0.0002
15.477777777777778,0.9978998050035772,0.0002
15.479166666666668,0.9978995690496678,0.0002
15.480555555555556,0.9981144546379024,0.0002
15.481944444444444,0.9979901106576288,0.0002
15.483333333333334,0.9978041918035107,0.0002
15.484722222222222,0.9979439588335152,0.0002
15.486111111111112,0.9983422520223796,0.0002
15.4875,0.9979618388177647,0.0002
15.488888888888889,0.9980787759385283,0.0002
15.490277777777779,0.9981739020313166,0.0002
15.491666666666667,0.9980019263683216,0.0002
15.493055555555555,0.9978546434748385,0.0002
15.494444444444445,0.9977446893924171,0.0002
15.495833333333334,0.9978634893256236,0.0002
15.497222222222224,0.9979543218137791,0.0002
15.498611111111112,0.9980668639484378,0.0002
15.5,0.9975389233651393,0.0002
15.50138888888889,0.9982638268200987,0.0002
15.502777777777778,0.9977758222188073,0.0002
15.504166666666666,0.9979607089660966,0.0002
15.505555555555556,0.9975931500334313,0.0002
15.506944444444445,0.997454478039875,0.0002
15.508333333333335,0.9975057334200267,0.0002
15.509722222222223,0.9976701209851657,0.0002
15.511111111111111,0.99787488539167,0.0002
15.512500000000001,0.9978209803307436,0.0002
15.51388888888889,0.9977648502997504,0.0002
15.515277777777778,0.9980022667591285,0.0002
15.516666666666667,0.9977924210816536,0.0002
15.518055555555556,0.9978383581019048,0.0002
15.519444444444446,0.998394634907499,0.0002
15.520833333333334,0.9977484704353843,0.0002
15.522222222222222,0.9976541602482271,0.0002
15.523611111111112,0.9979019453747447,0.0002
15.525,0.9980008489516097,0.0002
15.52638888888889,0.9979762016755314,0.0002
15.527777777777779,0.9979692967270939,0.0002
15.529166666666667,0.9982122028140503,0.0002
15.530555555555557,0.9982356439572602,0.0002
15.531944444444445,0.9979629662381618,0.0002
15.533333333333333,0.9979774190060722,0.0002
15.534722222222223,0.9982069860012042,0.0002
15.536111111111111,0.9980240059860619,0.0002
15.537500000000001,0.9983449923997615,0.0002
15.53888888888889,0.9982490971273722,0.0002
15.540277777777778,0.9986873323204284,0.0002
15.541666666666668,0.9984622674599064,0.0002
15.543055555555556,0.9979764909186007,0.0002
15.544444444444444,0.9981419961777902,0.0002
15.545833333333334,0.9978778695824617,0.0002
15.547222222222222,0.997812792337995,0.0002
15.548611111111112,0.9982490062180345,0.0002
15.55,0.9979282155392062,0.0002
15.551388888888889,0.9985715841267756,0.0002
15.552777777777779,0.9984510477825498,0.0002
15.554166666666667,0.9982101371296189,0.0002
15.555555555555555,0.9982121966846786,0.0002
15.556944444444445,0.9985895910564268,0.0002
15.558333333333334,0.9986308687453326,0.0002
15.559722222222224,0.9980662705256426,0.0002
15.561111111111112,0.9979971650262571,0.0002
15.5625,0.9982288872450604,0.0002
15.56388888888889,0.9983813360969794,0.0002
15.565277777777778,0.9982445018723262,0.0002
15.566666666666666,0.9985016414623045,0.0002
15.568055555555556,0.9987832455722566,0.0002
15.569444444444445,0.9981320491596971,0.0002
15.570833333333335,0.998326908633025,0.0002
15.572222222222223,0.9980865714516283,0.0002
15.573611111111111,0.9981889461138509,0.0002
15.575000000000001,0.9983248982691619,0.0002
15.57638888888889,0.9982163671932219,0.0002
15.577777777777778,0.9984517396215054,0.0002
15.579166666666667,0.9983707888743627,0.0002
15.580555555555556,0.9984975248796875,0.0002
15.581944444444446,0.9982934114938076,0.0002
15.583333333333334,0.9983354824453982,0.0002
15.584722222222222,0.9982974558806634,0.0002
15.586111111111112,0.9982893830183425,0.0002
15.5875,0.99841100487967,0.0002
15.58888888888889,0.9979737335128194,0.0002
15.590277777777779,0.9984498418974375,0.0002
15.591666666666667,0.9982277401903258,0.0002
15.593055555555557,0.9983843197021428,0.0002
15.594444444444445,0.9981984017433513,0.0002
15.595833333333333,0.9984769169787704,0.0002
15.597222222222223,0.9985799755007616,0.0002
15.598611111111111,0.9986390613989133,0.0002
15.600000000000001,0.9983338304703018,0.0002
15.60138888888889,0.998616306178333,0.0002
15.602777777777778,0.9986915537957778,0.0002
15.604166666666668,0.9982732664131427,0.0002
15.605555555555556,0.9983761282856635,0.0002
15.606944444444444,0.9979765884936067,0.0002
15.608333333333334,0.9981577078372513,0.0002
15.609722222222222,0.9984397219434723,0.0002
15.611111111111112,0.9985844047752098,0.0002
15.6125,0.998335778949467,0.0002
15.613888888888889,0.9990071351975222,0.0002
15.615277777777779,0.9984880825910177,0.0002
15.616666666666667,0.9981922748834672,0.0002
15.618055555555555,0.9987356807906715,0.0002
15.619444444444445,0.9982033702780118,0.0002
15.620833333333334,0.9984545528983646,0.0002
15.622222222222224,0.9982083418113744,0.0002
15.623611111111112,0.9980777748664328,0.0002
15.625,0.9985936056955208,0.0002
15.62638888888889,0.9983313792037682,0.0002
15.627777777777778,0.9988079159830822,0.0002
15.629166666666666,0.9981629746689831,0.0002
15.630555555555556,0.9980615404183071,0.0002
15.631944444444445,0.9983435157611644,0.0002
15.633333333333335,0.9989776456865386,0.0002
15.634722222222223,0.9985598030148942,0.0002
15.636111111111111,0.9984861505744045,0.0002
15.637500000000001,0.9984623094251187,0.0002
15.63888888888889,0.9982598818182093,0.0002
15.640277777777778,0.9988443671508588,0.0002
15.641666666666667,0.998385837894915,0.0002
15.643055555555556,0.9983914199528648,0.0002
15.644444444444446,0.9985064921842113,0.0002
15.645833333333334,0.9980100110971449,0.0002
15.647222222222222,0.9981366040030051,0.0002
15.648611111111112,0.9982974754937195,0.0002
15.65,0.9984980967349518,0.0002
15.65138888888889,0.9979819534334438,0.0002
15.652777777777779,0.9981854679039304,0.0002
15.654166666666667,0.9981828849563298,0.0002
15.655555555555557,0.9979231746410696,0.0002
15.656944444444445,0.9981731348336329,0.0002
15.658333333333333,0.9983692868405254,0.0002
15.659722222222223,0.9979227890881145,0.0002
15.661111111111111,0.9985444637832004,0.0002
15.662500000000001,0.9983313547872981,0.0002
15.66388888888889,0.998316275454354,0.0002
15.665277777777778,0.9981787953979886,0.0002
15.666666666666668,0.9979335349515719,0.0002
15.668055555555556,0.9980689770989682,0.0002
15.669444444444444,0.9982394353086007,0.0002
15.670833333333334,0.9980747499489395,0.0002
15.672222222222222,0.9981372902113689,0.0002
15.673611111111112,0.9978951170615941,0.0002
15.675,0.9981582509312387,0.0002
15.676388888888889,0.9982535926336866,0.0002
15.677777777777779,0.997770347991233,0.0002
15.679166666666667,0.9981408481856243,0.0002
15.680555555555555,0.9978721505926573,0.0002
15.681944444444445,0.9977721962830136,0.0002
15.683333333333334,0.9980094398895423,0.0002
15.684722222222224,0.9986949311605091,0.0002
15.686111111111112,0.9982238836331693,0.0002
15.6875,0.9983273529985766,0.0002
15.68888888888889,0.9982297513595187,0.0002
15.690277777777778,0.9981738827183992,0.0002
15.691666666666666,0.9983055835831095,0.0002
15.693055555555556,0.9980046179731095,0.0002
15.694444444444445,0.9982540079830805,0.0002
15.695833333333335,0.9984314236998986,0.0002
15.697222222222223,0.9983113326345348,0.0002
15.698611111111111,0.9984908845334277,0.0002
15.700000000000001,0.9983397310157016,0.0002
15.70138888888889,0.9986733177686383,0.0002
15.702777777777778,0.9982555592148528,0.0002
15.704166666666667,0.9986749763398669,0.0002
15.705555555555556,0.9983520647650439,0.0002
15.706944444444446,0.9981641427779664,0.0002
15.708333333333334,0.9979252186281495,0.0002
15.709722222222222,0.9980228719528109,0.0002
15.711111111111112,0.9980521888981326,0.0002
15.7125,0.9982534363711152,0.0002
15.71388888888889,0.9979863384335723,0.0002
15.715277777777779,0.9984642448969913,0.0002
15.716666666666667,0.9982423514443436,0.0002
15.718055555555557,0.9982280648870145,0.0002
15.719444444444445,0.9980020015200248,0.0002
15.720833333333333,0.9981095465902183,0.0002
15.722222222222223,0.9978699107003458,0.0002
15.723611111111111,0.9985866634106549,0.0002
15.725000000000001,0.9979904761206136,0.0002
15.72638888888889,0.9979898511322559,0.0002
15.727777777777778,0.9985371717355114,0.0002
15.729166666666668,0.9983723034408876,0.0002
15.730555555555556,0.9983641337690258,0.0002
15.731944444444444,0.9984726236086797,0.0002
15.733333333333334,0.9986155093949427,0.0002
15.734722222222222,0.998440413112502,0.0002
15.736111111111112,0.998100922610917,0.0002
15.7375,0.9984778416011054,0.0002
15.738888888888889,0.9984775809204015,0.0002
15.740277777777779,0.9986134773871476,0.0002
15.741666666666667,0.9981531827489354,0.0002
15.743055555555555,0.9982888579585,0.0002
15.744444444444445,0.9984570411496911,0.0002
15.745833333333334,0.9981483364729339,0.0002
15.747222222222224,0.9979380350372572,0.0002
15.748611111111112,0.998462059679597,0.0002
15.75,0.9985758313465386,0.0002
15.75138888888889,0.9983660199013726,0.0002
15.752777777777778,0.99855174588289,0.0002
15.754166666666666,0.9985661489912844,0.0002
15.755555555555556,0.9984213738824839,0.0002
15.756944444444445,0.9985217763367733,0.0002
15.758333333333335,0.9988091963350544,0.0002
15.759722222222223,0.9983402367586173,0.0002
15.761111111111111,0.9986339929558004,0.0002
15.762500000000001,0.9982920098257757,0.0002
15.76388888888889,0.9983916513808807,0.0002
15.765277777777778,0.9987239380577357,0.0002
15.766666666666667,0.9982328992410484,0.0002
15.768055555555556,0.998569909784226,0.0002
15.769444444444446,0.999091890040479,0.0002
15.770833333333334,0.9987915113366405,0.0002
15.772222222222222,0.9983936003951915,0.0002
15.773611111111112,0.9985094111908405,0.0002
15.775,0.9986278763580598,0.0002
15.77638888888889,0.9989891334224225,0.0002
15.777777777777779,0.9985383299161046,0.0002
15.779166666666667,0.998584034013456,0.0002
15.780555555555557,0.9989009840852817,0.0002
15.781944444444445,0.9984300803137213,0.0002
15.783333333333333,0.9985977624064236,0.0002
15.784722222222223,0.9988266099121361,0.0002
15.786111111111111,0.9988519486586778,0.0002
15.787500000000001,0.9985577730065635,0.0002
15.78888888888889,0.9989049101648594,0.0002
15.790277777777778,0.9988689549705385,0.0002
15.791666666666668,0.9985203661467565,0.0002
15.793055555555556,0.9990235755904529,0.0002
15.794444444444444,0.998742850342456,0.0002
15.795833333333334,0.9984626413997827,0.0002
15.797222222222222,0.9990263064336514,0.0002
15.798611111111112,0.9986618359155643,0.0002
15.8,0.9988272366974417,0.0002
15.801388888888889,0.9987826488531883,0.0002
15.802777777777779,0.9990282933185246,0.0002
15.804166666666667,0.9988214554815233,0.0002
15.805555555555555,0.9988450604557396,0.0002
15.806944444444445,0.9988390708046126,0.0002
15.808333333333334,0.9988148238835096,0.0002
15.809722222222224,0.9990184850427591,0.0002
15.811111111111112,0.9985263645222809,0.0002
15.8125,0.9987721056679026,0.0002
15.81388888888889,0.9987619539056628,0.0002
15.815277777777778,0.9986991003838522,0.0002
15.816666666666666,0.999002213750014,0.0002
15.818055555555556,0.9985586957972521,0.0002
15.819444444444445,0.9989423003758066,0.0002
15.820833333333335,0.9985588408921245,0.0002
15.822222222222223,0.9986483543407146,0.0002
15.823611111111111,0.9985133211038224,0.0002
15.825000000000001,0.998705607765702,0.0002
15.82638888888889,0.9985672163896999,0.0002
15.827777777777778,0.99901572170684,0.0002
15.829166666666667,0.9987569797794206,0.0002
15.830555555555556,0.9988412123811232,0.0002
15.831944444444446,0.9985289841286114,0.0002
15.833333333333334,0.9988820725132356,0.0002
15.834722222222222,0.9991529274178974,0.0002
15.836111111111112,0.9990001083264352,0.0002
15.8375,0.9985971030646223,0.0002
15.83888888888889,0.9987425842902401,0.0002
15.840277777777779,0.9988891323543446,0.0002
15.841666666666667,0.9986861012187027,0.0002
15.843055555555557,0.9992876012211448,0.0002
15.844444444444445,0.9986299748265044,0.0002
15.845833333333333,0.9986907425845089,0.0002
15.847222222222223,0.9986370319193846,0.0002
15.848611111111111,0.998776047296739,0.0002
15.850000000000001,0.9990395446874911,0.0002
15.85138888888889,0.9988558556289618,0.0002
15.852777777777778,0.9987883636585457,0.0002
15.854166666666668,0.998663273316137,0.0002
15.855555555555556,0.9991445770140616,0.0002
15.856944444444444,0.9988798921581185,0.0002
15.858333333333334,0.9989060359737374,0.0002
15.859722222222222,0.9985600387227836,0.0002
15.861111111111112,0.9989737523336898,0.0002
15.8625,0.9988756666882613,0.0002
15.863888888888889,0.9985447195980983,0.0002
15.865277777777779,0.9991537260303559,0.0002
15.866666666666667,0.9989007749861641,0.0002
15.868055555555555,0.9993628898830506,0.0002
15.869444444444445,0.9991696621108893,0.0002
15.870833333333334,0.9987125171812689,0.0002
15.872222222222224,0.9991558901307708,0.0002
15.873611111111112,0.9992016085234704,0.0002
15.875,0.9987764414090052,0.0002
15.87638888888889,0.9986583493119842,0.0002
15.877777777777778,0.998480611705988,0.0002
15.879166666666666,0.9990039355612338,0.0002
15.880555555555556,0.9987604403966359,0.0002
15.881944444444445,0.9990449464336859,0.0002
15.883333333333335,0.9988736861865739,0.0002
15.884722222222223,0.9988527048135509,0.0002
15.886111111111111,0.9988544609222084,0.0002
15.887500000000001,0.9987242980092155,0.0002
15.88888888888889,0.9989084597563961,0.0002
15.890277777777778,0.998926693634497,0.0002
15.891666666666667,0.9990906018479713,0.0002
15.893055555555556,0.999070656942318,0.0002
15.894444444444446,0.9987989872808658,0.0002
15.895833333333334,0.9992139829673964,0.0002
15.897222222222222,0.998971019721157,0.0002
15.898611111111112,0.9992983048180395,0.0002
15.9,0.9989952180284046,0.0002
15.90138888888889,0.998909757267459,0.0002
15.902777777777779,0.9987024900536221,0.0002
15.904166666666667,0.9987818577160124,0.0002
15.905555555555557,0.9986602103307957,0.0002
15.906944444444445,0.9989316923920787,0.0002
15.908333333333333,0.9991634980805337,0.0002
15.909722222222223,0.9986530911353613,0.0002
15.911111111111111,0.9989285510982471,0.0002
15.912500000000001,0.9988566012015702,0.0002
15.91388888888889,0.9987719082698697,0.0002
15.915277777777778,0.9985396126431021,0.0002
15.916666666666668,0.9985340048693802,0.0002
15.918055555555556,0.9984921358537253,0.0002
15.919444444444444,0.9985003442933169,0.0002
15.920833333333334,0.9984839655920446,0.0002
15.922222222222222,0.99861634208072,0.0002
15.923611111111112,0.9984879606316562,0.0002
15.925,0.9986773688179342,0.0002
15.926388888888889,0.9985409300029724,0.0002
15.927777777777779,0.9984956417326097,0.0002
15.929166666666667,0.9984374584629063,0.0002
15.930555555555555,0.9984912141175674,0.0002
15.931944444444445,0.9983432898926264,0.0002
15.933333333333334,0.9985465279900966,0.0002
15.934722222222224,0.9982458989870335,0.0002
15.936111111111112,0.9984860207181849,0.0002
15.9375,0.9981239637908338,0.0002
15.93888888888889,0.9985594994989283,0.0002
15.940277777777778,0.9983556576473296,0.0002
15.941666666666666,0.9982421886340433,0.0002
15.943055555555556,0.9982010824068898,0.0002
15.944444444444445,0.9982112416549973,0.0002
15.945833333333335,0.9983645195871893,0.0002
15.947222222222223,0.9987777299185767,0.0002
15.948611111111111,0.9982893693174509,0.0002
15.950000000000001,0.9980022141998676,0.0002
15.95138888888889,0.9984956767525432,0.0002
15.952777777777778,0.9982164088047999,0.0002
15.954166666666667,0.9986449258618411,0.0002
15.955555555555556,0.9984289713530823,0.0002
15.956944444444446,0.9984749864027607,0.0002
15.958333333333334,0.9987992329027512,0.0002
15.959722222222222,0.9987153975024446,0.0002
15.961111111111112,0.99841147213876,0.0002
15.9625,0.9984399618769327,0.0002
15.96388888888889,0.9983112097663095,0.0002
15.965277777777779,0.9992317094985216,0.0002
15.966666666666667,0.9985167425905195,0.0002
15.968055555555557,0.998862921079287,0.0002
15.969444444444445,0.9985456457278531,0.0002
15.970833333333333,0.9984273519393151,0.0002
15.972222222222223,0.9985931600721072,0.0002
15.973611111111111,0.9985470094603911,0.0002
15.975000000000001,0.9988386663884516,0.0002
15.97638888888889,0.9987674099816162,0.0002
15.977777777777778,0.9985338026338176,0.0002
15.979166666666668,0.9982486900035398,0.0002
15.980555555555556,0.9982796591098658,0.0002
15.981944444444444,0.9981472740052272,0.0002
15.983333333333334,0.9985345375190988,0.0002
15.984722222222222,0.9985918264257718,0.0002
15.986111111111112,0.9984010834610176,0.0002
15.9875,0.9982992252916127,0.0002
15.988888888888889,0.9985526988740814,0.0002
15.990277777777779,0.9984331233569024,0.0002
15.991666666666667,0.998602578493783,0.0002
15.993055555555555,0.9985159558684741,0.0002
15.994444444444445,0.9986223890133454,0.0002
15.995833333333334,0.9984178841783642,0.0002
15.997222222222224,0.998386667808076,0.0002
15.998611111111112,0.998160205137788,0.0002
16.0,0.99852839192872,0.0002
16.00138888888889,0.9985315211006638,0.0002
16.00277777777778,0.998455299897436,0.0002
16.004166666666666,0.99884820338748,0.0002
16.005555555555556,0.998477481364032,0.0002
16.006944444444446,0.998356649565798,0.0002
16.008333333333333,0.9984767135280727,0.0002
16.009722222222223,0.9987838168374575,0.0002
16.011111111111113,0.9983779667222764,0.0002
16.0125,0.9978905748288892,0.0002
16.01388888888889,0.9984334006112324,0.0002
16.01527777777778,0.9981465054485671,0.0002
16.016666666666666,0.9979320567343305,0.0002
16.018055555555556,0.9987553476542377,0.0002
16.019444444444446,0.998809619639225,0.0002
16.020833333333336,0.9982848816690906,0.0002
16.022222222222222,0.9982451720385122,0.0002
16.023611111111112,0.9984093170180869,0.0002
16.025000000000002,0.9982492354153999,0.0002
16.02638888888889,0.9983817987838597,0.0002
16.02777777777778,0.9982778506486281,0.0002
16.02916666666667,0.9984322652531735,0.0002
16.030555555555555,0.9982316857065792,0.0002
16.031944444444445,0.9987108531187103,0.0002
16.033333333333335,0.9988106528483388,0.0002
16.03472222222222,0.9985236740626482,0.0002
16.03611111111111,0.9985854731189006,0.0002
16.0375,0.9986804300079214,0.0002
16.038888888888888,0.9986167905569295,0.0002
16.040277777777778,0.9989361563604228,0.0002
16.041666666666668,0.9983058124405292,0.0002
16.043055555555558,0.9986922647648601,0.0002
16.044444444444444,0.998455744177303,0.0002
16.045833333333334,0.9982355718185186,0.0002
16.047222222222224,0.998798995262653,0.0002
16.04861111111111,0.9988167338454947,0.0002
16.05,0.9982757078862323,0.0002
16.05138888888889,0.9984430563621142,0.0002
16.052777777777777,0.9982799377219427,0.0002
16.054166666666667,0.9982805769217287,0.0002
16.055555555555557,0.9980959781346166,0.0002
16.056944444444444,0.9980564956635877,0.0002
16.058333333333334,0.9987499677730827,0.0002
16.059722222222224,0.9983366092863293,0.0002
16.06111111111111,0.998322401343659,0.0002
16.0625,0.9980994612221558,0.0002
16.06388888888889,0.998232733669123,0.0002
16.06527777777778,0.997908825860649,0.0002
16.066666666666666,0.9980649247708826,0.0002
16.068055555555556,0.998039077825565,0.0002
16.069444444444446,0.998585928750793,0.0002
16.070833333333333,0.9981071340351346,0.0002
16.072222222222223,0.9981990227795626,0.0002
16.073611111111113,0.9980141837150157,0.0002
16.075,0.9981870954952803,0.0002
16.07638888888889,0.9983057374289855,0.0002
16.07777777777778,0.9985993484324753,0.0002
16.079166666666666,0.9983898508272889,0.0002
16.080555555555556,0.9983008760937484,0.0002
16.081944444444446,0.9984597682890436,0.0002
16.083333333333336,0.9983213105784309,0.0002
16.084722222222222,0.9988989533502363,0.0002
16.086111111111112,0.9982683243453813,0.0002
16.087500000000002,0.9985242866241186,0.0002
16.08888888888889,0.9987011184151804,0.0002
16.09027777777778,0.9983618938486022,0.0002
16.09166666666667,0.9985524879630595,0.0002
16.093055555555555,0.9982886048176153,0.0002
16.094444444444445,0.9984748345012838,0.0002
16.095833333333335,0.998355605742482,0.0002
16.09722222222222,0.9982841789403192,0.0002
16.09861111111111,0.998021986786802,0.0002
16.1,0.9986168080249341,0.0002
16.101388888888888,0.998400438314428,0.0002
16.102777777777778,0.9978814709020359,0.0002
16.104166666666668,0.9980995538355325,0.0002
16.105555555555558,0.9978471627179348,0.0002
16.106944444444444,0.9983864573368921,0.0002
16.108333333333334,0.9982502044502173,0.0002
16.109722222222224,0.9982024645039813,0.0002
16.11111111111111,0.9980125013126454,0.0002
16.1125,0.9981897135850573,0.0002
16.11388888888889,0.9984436705121532,0.0002
16.115277777777777,0.9984562916172443,0.0002
16.116666666666667,0.9984030344395699,0.0002
16.118055555555557,0.9979134056299164,0.0002
16.119444444444444,0.9981628881838901,0.0002
16.120833333333334,0.9981735650875415,0.0002
16.122222222222224,0.9979458942036271,0.0002
16.12361111111111,0.9978253222200065,0.0002
16.125,0.997883259481528,0.0002
16.12638888888889,0.9984366894141363,0.0002
16.12777777777778,0.997905717211847,0.0002
16.129166666666666,0.9982556010920377,0.0002
16.130555555555556,0.9982160387435705,0.0002
16.131944444444446,0.9982672806413211,0.0002
16.133333333333333,0.9982075557014423,0.0002
16.134722222222223,0.9984183182688011,0.0002
16.136111111111113,0.9982689914100328,0.0002
16.1375,0.9981022164030798,0.0002
16.13888888888889,0.9982291403325162,0.0002
16.14027777777778,0.9980047115536878,0.0002
16.141666666666666,0.9983196915507079,0.0002
16.143055555555556,0.9980891351232148,0.0002
16.144444444444446,0.9981338173057653,0.0002
16.145833333333336,0.9983242842659749,0.0002
16.147222222222222,0.9981910216826352,0.0002
16.148611111111112,0.9982064071156452,0.0002
16.150000000000002,0.9985033990394354,0.0002
16.15138888888889,0.9979843984705952,0.0002
16.15277777777778,0.9982625068112523,0.0002
16.15416666666667,0.9983705418316311,0.0002
16.155555555555555,0.9984945038680172,0.0002
16.156944444444445,0.9987231477566928,0.0002
16.158333333333335,0.9982116007927013,0.0002
16.15972222222222,0.9981120349527521,0.0002
16.16111111111111,0.9984440714306887,0.0002
16.1625,0.9985251786858266,0.0002
16.163888888888888,0.9981392432724412,0.0002
16.165277777777778,0.9984391851507644,0.0002
16.166666666666668,0.9989212964173451,0.0002
16.168055555555558,0.9984106758532263,0.0002
16.169444444444444,0.9985601883685133,0.0002
16.170833333333334,0.9986465804093059,0.0002
16.172222222222224,0.9989137704135425,0.0002
16.17361111111111,0.9984917294236915,0.0002
16.175,0.9987094603928849,0.0002
16.17638888888889,0.9982830286235086,0.0002
16.177777777777777,0.9984481535494435,0.0002
16.179166666666667,0.9983621239903334,0.0002
16.180555555555557,0.9980933106439576,0.0002
16.181944444444444,0.9981839901546941,0.0002
16.183333333333334,0.9985555890701079,0.0002
16.184722222222224,0.998493303509158,0.0002
16.18611111111111,0.9981996250060456,0.0002
16.1875,0.9986404339449372,0.0002
16.18888888888889,0.998092964388475,0.0002
16.19027777777778,0.9983439585792387,0.0002
16.191666666666666,0.9982326871567779,0.0002
16.193055555555556,0.998428376041453,0.0002
16.194444444444446,0.9984986929549067,0.0002
16.195833333333333,0.9985750106183175,0.0002
16.197222222222223,0.9985552044257168,0.0002
16.198611111111113,0.9985462729038883,0.0002
16.2,0.9981118564501733,0.0002
16.20138888888889,0.9986395576068342,0.0002
16.20277777777778,0.9982032212107677,0.0002
16.204166666666666,0.9983920006471964,0.0002
16.205555555555556,0.9982552678757032,0.0002
16.206944444444446,0.9983997005238993,0.0002
16.208333333333336,0.9982721036047374,0.0002
16.209722222222222,0.9983273173287617,0.0002
16.211111111111112,0.9987371348149862,0.0002
16.212500000000002,0.9982067423036366,0.0002
16.21388888888889,0.9984367547139573,0.0002
16.21527777777778,0.9982879356996697,0.0002
16.21666666666667,0.9986483873076328,0.0002
16.218055555555555,0.9983711296685212,0.0002
16.219444444444445,0.9985293861854707,0.0002
16.220833333333335,0.9982605932446224,0.0002
16.22222222222222,0.9986644958360161,0.0002
16.22361111111111,0.9984130183480804,0.0002
16.225,0.9983645138035396,0.0002
16.226388888888888,0.9985777573214933,0.0002
16.227777777777778,0.998234776030503,0.0002
16.229166666666668,0.9984016309611621,0.0002
16.230555555555558,0.9985484471558158,0.0002
16.231944444444444,0.9981167275283148,0.0002
16.233333333333334,0.9981089010516574,0.0002
16.234722222222224,0.9983649446038493,0.0002
16.23611111111111,0.9982700912785473,0.0002
16.2375,0.9983227203701605,0.0002
16.23888888888889,0.9985437334996538,0.0002
16.240277777777777,0.9986584179731806,0.0002
16.241666666666667,0.9989467293747974,0.0002
16.243055555555557,0.9986283602846783,0.0002
16.244444444444444,0.9987192186370248,0.0002
16.245833333333334,0.9986863934108893,0.0002
16.247222222222224,0.9986612813208723,0.0002
16.24861111111111,0.9986788227260186,0.0002
16.25,0.9988125854078347,0.0002
16.25138888888889,0.9988062656933447,0.0002
16.25277777777778,0.9987188821325532,0.0002
16.254166666666666,0.9988736895112773,0.0002
16.255555555555556,0.9985223609145135,0.0002
16.256944444444446,0.9978248184300764,0.0002
16.258333333333333,0.9967766813718621,0.0002
16.259722222222223,0.9953865618312343,0.0002
16.261111111111113,0.9936062466410174,0.0002
16.2625,0.9920844238220297,0.0002
16.26388888888889,0.9907199228407794,0.0002
16.26527777777778,0.9905677697056311,0.0002
16.266666666666666,0.9901529373062757,0.0002
16.268055555555556,0.9894681497422041,0.0002
16.269444444444446,0.989479651678115,0.0002
16.270833333333336,0.9897975045067587,0.0002
16.272222222222222,0.9894575979611036,0.0002
16.273611111111112,0.9893612272173496,0.0002
16.275000000000002,0.9889918390225018,0.0002
16.27638888888889,0.9890929458336215,0.0002
16.27777777777778,0.9889301375437861,0.0002
16.27916666666667,0.9886505649313757,0.0002
16.280555555555555,0.988639143223166,0.0002
16.281944444444445,0.9885989096940218,0.0002
16.283333333333335,0.9883383847198307,0.0002
16.28472222222222,0.9882722321953535,0.0002
16.28611111111111,0.988423555378762,0.0002
16.2875,0.9882269456853409,0.0002
16.288888888888888,0.9882577760698479,0.0002
16.290277777777778,0.9879758108490466,0.0002
16.291666666666668,0.9884459171133674,0.0002
16.293055555555558,0.9887205235731176,0.0002
16.294444444444444,0.9884502156277877,0.0002
16.295833333333334,0.9884281200861208,0.0002
16.297222222222224,0.9883849258997598,0.0002
16.29861111111111,0.9882969051371212,0.0002
16.3,0.9882579279077219,0.0002
16.30138888888889,0.9880492038718656,0.0002
16.302777777777777,0.9884245700295761,0.0002
16.304166666666667,0.9884728088765203,0.0002
16.305555555555557,0.9883154943579605,0.0002
16.306944444444444,0.9885297315318646,0.0002
16.308333333333334,0.9882658030117228,0.0002
16.309722222222224,0.9883893058086669,0.0002
16.31111111111111,0.988737442304139,0.0002
16.3125,0.9886811476533769,0.0002
16.31388888888889,0.9886513490455981,0.0002
16.31527777777778,0.9886479304421469,0.0002
16.316666666666666,0.9888660026619437,0.0002
16.318055555555556,0.9885870575981526,0.0002
16.319444444444446,0.9888243560269531,0.0002
16.320833333333333,0.9888203623160435,0.0002
16.322222222222223,0.9891909199253168,0.0002
16.323611111111113,0.989613878862242,0.0002
16.325,0.9895583886642112,0.0002
16.32638888888889,0.9895381284657083,0.0002
16.32777777777778,0.989626884425218,0.0002
16.329166666666666,0.9897049559857429,0.0002
16.330555555555556,0.9904135868242392,0.0002
16.331944444444446,0.9902145941966213,0.0002
16.333333333333336,0.9904099189033629,0.0002
16.334722222222222,0.9902171378723741,0.0002
16.336111111111112,0.9907547525000556,0.0002
16.337500000000002,0.99138443802837,0.0002
16.33888888888889,0.9921230497108013,0.0002
16.34027777777778,0.9937047715700399,0.0002
16.34166666666667,0.995310255652492,0.0002
16.343055555555555,0.9969725736179021,0.0002
16.344444444444445,0.9978795406935544,0.0002
16.345833333333335,0.9990237320142393,0.0002
16.34722222222222,0.9994493827386401,0.0002
16.34861111111111,0.9993144098098962,0.0002
16.35,0.9993896683687041,0.0002
16.351388888888888,0.9995250802962763,0.0002
16.352777777777778,0.9994137427211403,0.0002
16.354166666666668,0.9996823699321371,0.0002
16.355555555555558,0.9997588379540453,0.0002
16.356944444444444,0.9996980509164541,0.0002
16.358333333333334,0.99976295502376,0.0002
16.359722222222224,0.9992040144058745,0.0002
16.36111111111111,0.9994724954586043,0.0002
16.3625,0.9997655046894852,0.0002
16.36388888888889,0.9995526195980078,0.0002
16.365277777777777,0.999539457544381,0.0002
16.366666666666667,0.9996749179326256,0.0002
16.368055555555557,0.9997154551705023,0.0002
16.369444444444444,0.9995885140076012,0.0002
16.370833333333334,1.0000204675019309,0.0002
16.372222222222224,0.9998051846043456,0.0002
16.37361111111111,0.9996161083844926,0.0002
16.375,0.999524645445563,0.0002
16.37638888888889,0.9998758689398031,0.0002
16.37777777777778,0.9995953506312323,0.0002
16.379166666666666,1.0002816798086438,0.0002
16.380555555555556,0.9999508034498652,0.0002
16.381944444444446,0.9998365940751123,0.0002
16.383333333333333,0.9998849392309761,0.0002
16.384722222222223,1.0000679456436539,0.0002
16.386111111111113,0.9993803033454886,0.0002
16.3875,0.9996683732933618,0.0002
16.38888888888889,1.0001371347280463,0.0002
16.39027777777778,1.0002645390349132,0.0002
16.391666666666666,0.9996980473485829,0.0002
16.393055555555556,0.9995252837007157,0.0002
16.394444444444446,0.9999353535214387,0.0002
16.395833333333336,1.0000643059243615,0.0002
16.397222222222222,0.9999671539238236,0.0002
16.398611111111112,0.9998925585730764,0.0002
16.400000000000002,0.9995898763394816,0.0002
16.40138888888889,0.9998643982585224,0.0002
16.40277777777778,0.9998755130555597,0.0002
16.40416666666667,0.9997940542428275,0.0002
16.405555555555555,0.9995170338937176,0.0002
16.406944444444445,0.9999459650093246,0.0002
16.408333333333335,0.9999776376410155,0.0002
16.40972222222222,0.9996561591076153,0.0002
16.41111111111111,0.9997881662986282,0.0002
16.4125,0.9997789018219264,0.0002
16.413888888888888,0.999864838967587,0.0002
16.415277777777778,1.0001299471893104,0.0002
16.416666666666668,1.000176501625274,0.0002
16.418055555555558,1.0002811710734525,0.0002
16.419444444444444,1.0002485394808365,0.0002
16.420833333333334,1.0000041908298831,0.0002
16.422222222222224,1.000633676797675,0.0002
16.42361111111111,1.0004127235714007,0.0002
16.425,0.9999994909024822,0.0002
16.42638888888889,1.0001508483597534,0.0002
16.427777777777777,0.999764214706047,0.0002
16.429166666666667,1.0002242915774215,0.0002
16.430555555555557,1.000593642055701,0.0002
16.431944444444444,1.0008135833112577,0.0002
16.433333333333334,1.000194896604441,0.0002
16.434722222222224,1.0002468939921925,0.0002
16.43611111111111,1.0002698106529562,0.0002
16.4375,1.0005563512206253,0.0002
16.43888888888889,0.999987461587563,0.0002
16.44027777777778,1.0006505245442854,0.0002
16.441666666666666,1.0000329534819097,0.0002
16.443055555555556,0.999873394308524,0.0002
16.444444444444446,1.0000032680552755,0.0002
16.445833333333333,0.9999241689389661,0.0002
16.447222222222223,1.000155872361271,0.0002
16.448611111111113,0.9997084972351192,0.0002
16.45,1.0000697139525478,0.0002
16.45138888888889,1.0001920614986375,0.0002
16.45277777777778,1.0003170861714628,0.0002
16.454166666666666,1.0001455599664038,0.0002
16.455555555555556,1.000315030835276,0.0002
16.456944444444446,0.9998748517118383,0.0002
16.458333333333336,0.9999991767663943,0.0002
16.459722222222222,0.9994044117399772,0.0002
16.461111111111112,0.9998084519485381,0.0002
16.462500000000002,0.9998485145453154,0.0002
16.46388888888889,0.9998508491280098,0.0002
16.46527777777778,0.9995166767071142,0.0002
16.46666666666667,0.9996906273974648,0.0002
16.468055555555555,0.999705719453925,0.0002
16.469444444444445,0.9997674729482808,0.0002
16.470833333333335,1.0000169812364719,0.0002
16.47222222222222,0.9998118935245196,0.0002
16.47361111111111,0.9998680323751945,0.0002
16.475,0.999769906432002,0.0002
16.476388888888888,1.0001582395471598,0.0002
16.477777777777778,1.0001489223924254,0.0002
16.479166666666668,0.9998248717198583,0.0002
16.480555555555558,1.000393791275704,0.0002
16.481944444444444,0.9996751640627796,0.0002
16.483333333333334,0.9999658326959083,0.0002
16.484722222222224,0.9995531384455696,0.0002
16.48611111111111,0.9998565962914753,0.0002
16.4875,0.9998901456352423,0.0002
16.48888888888889,0.9995257127535061,0.0002
16.490277777777777,0.9997201787677653,0.0002
16.491666666666667,1.0000467651739344,0.0002
16.493055555555557,0.9995165092784896,0.0002
16.494444444444444,0.9997049874019943,0.0002
16.495833333333334,0.9996724611206229,0.0002
16.497222222222224,0.9996979941810326,0.0002
16.49861111111111,0.9994028984627844,0.0002
16.5,0.9999091058171283,0.0002
16.50138888888889,0.9998918001056649,0.0002
16.50277777777778,1.0000685349891538,0.0002
16.504166666666666,0.9999473602373053,0.0002
16.505555555555556,0.9998440077741009,0.0002
16.506944444444446,0.9998945693811899,0.0002
16.508333333333333,0.9995611346309349,0.0002
16.509722222222223,1.0000821140212126,0.0002
16.511111111111113,0.9996980702255769,0.0002
16.5125,0.9996867061221801,0.0002
16.51388888888889,1.0000676229591454,0.0002
16.51527777777778,0.9998328420467735,0.0002
16.516666666666666,0.9997510990883034,0.0002
16.518055555555556,0.9999186907996783,0.0002
16.519444444444446,0.9998935157309315,0.0002
16.520833333333336,0.9997106058459678,0.0002
16.522222222222222,0.9999213206178472,0.0002
16.523611111111112,0.9995116213054781,0.0002
16.525000000000002,0.9998830578880571,0.0002
16.52638888888889,0.9999809769912947,0.0002
16.52777777777778,0.9999309234445934,0.0002
16.52916666666667,0.9993186249051581,0.0002
16.530555555555555,0.9997566823658777,0.0002
16.531944444444445,0.999525736035493,0.0002
16.533333333333335,1.0000132999803368,0.0002
16.53472222222222,0.9996738393158981,0.0002
16.53611111111111,1.0000122021009394,0.0002
16.5375,0.9995082309512974,0.0002
16.538888888888888,0.9997946473546231,0.0002
16.540277777777778,0.9997379389915296,0.0002
16.541666666666668,1.0001512139020723,0.0002
16.543055555555558,0.9998066238347055,0.0002
16.544444444444444,0.9997414760119374,0.0002
16.545833333333334,0.9999793917410981,0.0002
16.547222222222224,0.999610659888933,0.0002
16.54861111111111,0.9995086244466216,0.0002
16.55,0.9994838203584684,0.0002
16.55138888888889,0.9995651389967192,0.0002
16.552777777777777,0.9989274087293588,0.0002
16.554166666666667,0.9994865699538659,0.0002
16.555555555555557,0.9995124419152576,0.0002
16.556944444444444,0.9994165737031594,0.0002
16.558333333333334,0.9990957214008944,0.0002
16.559722222222224,0.9993195618276889,0.0002
16.56111111111111,0.9990458574197504,0.0002
16.5625,0.9997216395594305,0.0002
16.56388888888889,0.9992505399635527,0.0002
16.56527777777778,0.9989244706551191,0.0002
16.566666666666666,0.9993308819163919,0.0002
16.568055555555556,0.9995960323449802,0.0002
16.569444444444446,0.9994661229827962,0.0002
16.570833333333333,0.9992774715174223,0.0002
16.572222222222223,0.9994245521721253,0.0002
16.573611111111113,0.9994892765932496,0.0002
16.575,0.9994112051717737,0.0002
16.57638888888889,0.9991774527276789,0.0002
16.57777777777778,0.9994962271660908,0.0002
16.579166666666666,0.999323941823957,0.0002
16.580555555555556,0.9997384948479908,0.0002
16.581944444444446,0.999729926123779,0.0002
16.583333333333336,0.9993005069479666,0.0002
16.584722222222222,0.9994139130437569,0.0002
16.586111111111112,0.999414103293382,0.0002
16.587500000000002,0.9994028890745545,0.0002
16.58888888888889,0.9995597457916868,0.0002
16.59027777777778,0.9996154688619301,0.0002
16.59166666666667,0.9996317597734565,0.0002
16.593055555555555,0.9998454400606035,0.0002
16.594444444444445,0.999568210300714,0.0002
16.595833333333335,0.9992267488979242,0.0002
16.59722222222222,0.9991272725315613,0.0002
16.59861111111111,0.9997813198446529,0.0002
16.6,0.9994527187622252,0.0002
16.601388888888888,0.9993785737654798,0.0002
16.602777777777778,0.999410774424229,0.0002
16.604166666666668,0.9993395275537973,0.0002
16.605555555555558,0.9993692845825444,0.0002
16.606944444444444,0.9991630156301218,0.0002
16.608333333333334,0.9993657807957027,0.0002
16.609722222222224,0.9990567649011997,0.0002
16.61111111111111,0.998967772968169,0.0002
16.6125,0.9987478974185583,0.0002
16.61388888888889,0.9990417980103952,0.0002
16.615277777777777,0.9993298055101839,0.0002
16.616666666666667,0.9989642246089213,0.0002
16.618055555555557,0.9986819965922454,0.0002
16.619444444444444,0.9990463109349818,0.0002
16.620833333333334,0.9988033317483471,0.0002
16.622222222222224,0.9992465795520549,0.0002
16.62361111111111,0.9991154540357842,0.0002
16.625,0.9986291256672186,0.0002
16.62638888888889,0.9989016250916207,0.0002
16.62777777777778,0.9988101013857693,0.0002
16.629166666666666,0.9987811026659108,0.0002
16.630555555555556,0.9990175499048356,0.0002
16.631944444444446,0.9992109101241705,0.0002
16.633333333333333,0.9989500844079642,0.0002
16.634722222222223,0.9988491843983943,0.0002
16.636111111111113,0.9985013889610218,0.0002
16.6375,0.99886580208304,0.0002
16.63888888888889,0.9990866886798304,0.0002
16.64027777777778,0.9987204996833117,0.0002
16.641666666666666,0.9992561702733178,0.0002
16.643055555555556,0.9989362220622899,0.0002
16.644444444444446,0.9990860282052832,0.0002
16.645833333333336,0.9990056717678601,0.0002
16.647222222222222,0.9987728614512511,0.0002
16.648611111111112,0.999022990584366,0.0002
16.650000000000002,0.9987116259926265,0.0002
16.65138888888889,0.9987010301120348,0.0002
16.65277777777778,0.9984236720432308,0.0002
16.65416666666667,0.9992008738193935,0.0002
16.655555555555555,0.9989111466447815,0.0002
16.656944444444445,0.9991060189633341,0.0002
16.658333333333335,0.9990037360229526,0.0002
16.65972222222222,0.9991673828692403,0.0002
16.66111111111111,0.9989110496578751,0.0002
16.6625,0.9987860631512209,0.0002
16.663888888888888,0.999228633094027,0.0002
16.665277777777778,0.9991634993984561,0.0002
16.666666666666668,0.9990329107504909,0.0002
16.668055555555558,0.9992572913312652,0.0002
16.669444444444444,0.9991648996253771,0.0002
16.670833333333334,0.9991868146002166,0.0002
16.672222222222224,0.99884699735477,0.0002
16.67361111111111,0.9991964479009543,0.0002
16.675,0.9990472350654392,0.0002
16.67638888888889,0.9992903858764604,0.0002
16.677777777777777,0.9993327265793494,0.0002
16.679166666666667,0.9992023849632627,0.0002
16.680555555555557,0.9991301129388673,0.0002
16.681944444444444,0.9992228876273129,0.0002
16.683333333333334,0.9992488738981884,0.0002
16.684722222222224,0.9991201839113234,0.0002
16.68611111111111,0.9990994953972784,0.0002
16.6875,0.9992120748469835,0.0002
16.68888888888889,0.9989538681154384,0.0002
16.69027777777778,0.9993260725134963,0.0002
16.691666666666666,0.9986245731845276,0.0002
16.693055555555556,0.9990199853044,0.0002
16.694444444444446,0.9989688142584285,0.0002
16.695833333333333,0.9989839835586768,0.0002
16.697222222222223,0.9991917200331886,0.0002
16.698611111111113,0.9987854210652198,0.0002
16.7,0.9993845665827784,0.0002
16.70138888888889,0.9987054565835423,0.0002
16.70277777777778,0.9987692267968522,0.0002
16.704166666666666,0.9987253236586218,0.0002
16.705555555555556,0.9989243096725826,0.0002
16.706944444444446,0.9991312764737207,0.0002
16.708333333333336,0.9990548824756609,0.0002
16.709722222222222,0.9992675069497023,0.0002
16.711111111111112,0.9987791466569114,0.0002
16.712500000000002,0.9990848775926833,0.0002
16.71388888888889,0.9988318643174038,0.0002
16.71527777777778,0.9989327746103929,0.0002
16.71666666666667,0.9989940541222017,0.0002
16.718055555555555,0.998362874262859,0.0002
16.719444444444445,0.99908542308608,0.0002
16.720833333333335,0.9987671639266348,0.0002
16.72222222222222,0.9983932711269479,0.0002
16.72361111111111,0.9985198737899615,0.0002
16.725,0.9986894173672589,0.0002
16.726388888888888,0.998611701237803,0.0002
16.727777777777778,0.9983505420145767,0.0002
16.729166666666668,0.9988120951295354,0.0002
16.730555555555558,0.9986335383277753,0.0002
16.731944444444444,0.9988853807062332,0.0002
16.733333333333334,0.9985458017456197,0.0002
16.734722222222224,0.9991823196018048,0.0002
16.73611111111111,0.9988663778981115,0.0002
16.7375,0.9987302842438357,0.0002
16.73888888888889,0.9988567687142675,0.0002
16.740277777777777,0.9983702223683196,0.0002
16.741666666666667,0.9986259205930029,0.0002
16.743055555555557,0.9990075320788184,0.0002
16.744444444444444,0.9985428151327208,0.0002
16.745833333333334,0.9986496193809443,0.0002
16.747222222222224,0.9985599848691308,0.0002
16.74861111111111,0.9989595138654875,0.0002
16.75,0.9985781668899613,0.0002
16.75138888888889,0.9983760362976141,0.0002
16.75277777777778,0.9990801867686668,0.0002
16.754166666666666,0.9982946414461685,0.0002
16.755555555555556,0.9985677455855888,0.0002
16.756944444444446,0.998434147289858,0.0002
16.758333333333333,0.9984215995014587,0.0002
16.759722222222223,0.9983350100453774,0.0002
16.761111111111113,0.9984641644141296,0.0002
16.7625,0.9987599818513041,0.0002
16.76388888888889,0.9981703323975517,0.0002
16.76527777777778,0.9988904228664784,0.0002
16.766666666666666,0.998813174781795,0.0002
16.768055555555556,0.9987472598177173,0.0002
16.769444444444446,0.9986186175039826,0.0002
16.770833333333336,0.9986792419215628,0.0002
16.772222222222222,0.9989415486121658,0.0002
16.773611111111112,0.998285041372161,0.0002
16.775000000000002,0.99872473132591,0.0002
16.77638888888889,0.9983407798442401,0.0002
16.77777777777778,0.998627793180804,0.0002
16.77916666666667,0.9983646481082176,0.0002
16.780555555555555,0.9985802669127621,0.0002
16.781944444444445,0.9981343424738377,0.0002
16.783333333333335,0.9980388711462367,0.0002
16.78472222222222,0.9983448512829854,0.0002
16.78611111111111,0.9986029824503418,0.0002
16.7875,0.9984203543527936,0.0002
16.788888888888888,0.9983968354028966,0.0002
16.790277777777778,0.9984095223303534,0.0002
16.791666666666668,0.9981288377133809,0.0002
16.793055555555558,0.9982885837343171,0.0002
16.794444444444444,0.9979913897408745,0.0002
16.795833333333334,0.9980948063089902,0.0002
16.797222222222224,0.9981040562997128,0.0002
16.79861111111111,0.9979332865168965,0.0002
16.8,0.9980016458776001,0.0002
16.80138888888889,0.9980066042261707,0.0002
16.802777777777777,0.9978821388743334,0.0002
16.804166666666667,0.998064812804384,0.0002
16.805555555555557,0.9980857770160021,0.0002
16.806944444444444,0.9978586233340937,0.0002
16.808333333333334,0.9982102817177685,0.0002
16.809722222222224,0.9980494651316439,0.0002
16.81111111111111,0.9981259767662185,0.0002
16.8125,0.9979111546613955,0.0002
16.81388888888889,0.9983086122663799,0.0002
16.81527777777778,0.998253899621244,0.0002
16.816666666666666,0.9978982184557715,0.0002
16.818055555555556,0.9981943365475379,0.0002
16.819444444444446,0.9983859295934377,0.0002
16.820833333333333,0.997844668294793,0.0002
16.822222222222223,0.9978336659353392,0.0002
16.823611111111113,0.9981154481167108,0.0002
16.825,0.997718235637368,0.0002
16.82638888888889,0.9978293567483654,0.0002
16.82777777777778,0.9978039711042871,0.0002
16.829166666666666,0.9981349395211974,0.0002
16.830555555555556,0.9978054399871554,0.0002
16.831944444444446,0.9978962953970048,0.0002
16.833333333333336,0.9977575153832959,0.0002
16.834722222222222,0.9981870632416405,0.0002
16.836111111111112,0.9977812025992331,0.0002
16.837500000000002,0.9976576248907616,0.0002
16.83888888888889,0.9976718307607868,0.0002
16.84027777777778,0.9980973800953599,0.0002
16.84166666666667,0.9980371041997256,0.0002
16.843055555555555,0.9980861853082644,0.0002
16.844444444444445,0.9976335475370071,0.0002
16.845833333333335,0.9978443062610297,0.0002
16.84722222222222,0.9983002499884707,0.0002
16.84861111111111,0.9977714061449503,0.0002
16.85,0.997694670625037,0.0002
16.851388888888888,0.9977642592458924,0.0002
16.852777777777778,0.9978232402679391,0.0002
16.854166666666668,0.9978665831059095,0.0002
16.855555555555558,0.9975523936387167,0.0002
16.856944444444444,0.9975211297487403,0.0002
16.858333333333334,0.9975854197397335,0.0002
16.859722222222224,0.9975718099963395,0.0002
16.86111111111111,0.997497205228297,0.0002
16.8625,0.9980681856501616,0.0002
16.86388888888889,0.9976960608992227,0.0002
16.865277777777777,0.9976465875867385,0.0002
16.866666666666667,0.9976659838494396,0.0002
16.868055555555557,0.9977370090132301,0.0002
16.869444444444444,0.9978008950205242,0.0002
16.870833333333334,0.9976537960724063,0.0002
16.872222222222224,0.9979522976903463,0.0002
16.87361111111111,0.9978767648449949,0.0002
16.875,0.997636113809681,0.0002
16.87638888888889,0.9975574090320468,0.0002
16.87777777777778,0.9978899045005257,0.0002
16.879166666666666,0.9976940522716785,0.0002
16.880555555555556,0.9974769558081431,0.0002
16.881944444444446,0.997987777795515,0.0002
16.883333333333333,0.9976624889756526,0.0002
16.884722222222223,0.9979766509226703,0.0002
16.886111111111113,0.9973370578505736,0.0002
16.8875,0.9978034139482406,0.0002
16.88888888888889,0.9981316574068866,0.0002
16.89027777777778,0.9977970574362884,0.0002
16.891666666666666,0.9978718413014895,0.0002
16.893055555555556,0.9976360293756908,0.0002
16.894444444444446,0.9978296546974681,0.0002
16.895833333333336,0.9978021701844547,0.0002
16.897222222222222,0.9978833417117051,0.0002
16.898611111111112,0.9982104148677537,0.0002
16.900000000000002,0.9979734455420209,0.0002
16.90138888888889,0.997846023874753,0.0002
16.90277777777778,0.9979444453548921,0.0002
16.90416666666667,0.9975633223463813,0.0002
16.905555555555555,0.9976157070385033,0.0002
16.906944444444445,0.9973589738087186,0.0002
16.908333333333335,0.9974680878645518,0.0002
16.90972222222222,0.9975346675868462,0.0002
16.91111111111111,0.9976786464930092,0.0002
16.9125,0.9975050424615339,0.0002
16.913888888888888,0.9977696956125804,0.0002
16.915277777777778,0.9977058024757472,0.0002
16.916666666666668,0.9974549744602716,0.0002
16.918055555555558,0.9980408613237471,0.0002
16.919444444444444,0.9974726529285736,0.0002
16.920833333333334,0.9978913818041841,0.0002
16.922222222222224,0.9971367721277204,0.0002
16.92361111111111,0.9975093691345107,0.0002
16.925,0.9972428690679301,0.0002
16.92638888888889,0.997259299784228,0.0002
16.927777777777777,0.9977032558007675,0.0002
16.929166666666667,0.9972311216292341,0.0002
16.930555555555557,0.997059741337182,0.0002
16.931944444444444,0.9974566894715877,0.0002
16.933333333333334,0.9972770583875253,0.0002
16.934722222222224,0.9973719308619843,0.0002
16.93611111111111,0.997183366527268,0.0002
16.9375,0.9971836036637058,0.0002
16.93888888888889,0.9972185944544213,0.0002
16.94027777777778,0.9975498370103419,0.0002
16.941666666666666,0.997351586497354,0.0002
16.943055555555556,0.9973147473342199,0.0002
16.944444444444446,0.9975994865128115,0.0002
16.945833333333333,0.9975347823938724,0.0002
16.947222222222223,0.9976516497898328,0.0002
16.948611111111113,0.9974055797180922,0.0002
16.95,0.9975079456576238,0.0002
16.95138888888889,0.9975461880637327,0.0002
16.95277777777778,0.9972106052477728,0.0002
16.954166666666666,0.9976066116036456,0.0002
16.955555555555556,0.9974793722068466,0.0002
16.956944444444446,0.9972799862889683,0.0002
16.958333333333336,0.9973186373642271,0.0002
16.959722222222222,0.9975386390444315,0.0002
16.961111111111112,0.9974574751608521,0.0002
16.962500000000002,0.9976965825081299,0.0002
16.96388888888889,0.9975265465038243,0.0002
16.96527777777778,0.9976923928029385,0.0002
16.96666666666667,0.9974602752523944,0.0002
16.968055555555555,0.9976211615649134,0.0002
16.969444444444445,0.9979625874738157,0.0002
16.970833333333335,0.9976699875284734,0.0002
16.97222222222222,0.9975935388735361,0.0002
16.97361111111111,0.9975545300448508,0.0002
16.975,0.9977201256742304,0.0002
16.976388888888888,0.9979693616734201,0.0002
16.977777777777778,0.9974330978851621,0.0002
16.979166666666668,0.9976951266031526,0.0002
16.980555555555558,0.9974474653139663,0.0002
16.981944444444444,0.9977451573126003,0.0002
16.983333333333334,0.9978536276682721,0.0002
16.984722222222224,0.9975192857577221,0.0002
16.98611111111111,0.9977614496165875,0.0002
16.9875,0.9979692633954473,0.0002
16.98888888888889,0.9979144215435881,0.0002
16.990277777777777,0.997965572895924,0.0002
16.991666666666667,0.9976993130005263,0.0002
16.993055555555557,0.9979558971259294,0.0002
16.994444444444444,0.9977384526519026,0.0002
16.995833333333334,0.9980285319610884,0.0002
16.997222222222224,0.997443647384026,0.0002
16.99861111111111,0.9979074736865514,0.0002
17.0,0.9979856552001539,0.0002
17.00138888888889,0.9982179142304446,0.0002
17.00277777777778,0.9980023548521479,0.0002
17.004166666666666,0.9979873433363752,0.0002
17.005555555555556,0.998075244312095,0.0002
17.006944444444446,0.9983011026607412,0.0002
17.008333333333333,0.9980323820689895,0.0002
17.009722222222223,0.9978462025537399,0.0002
17.011111111111113,0.9977865800272776,0.0002
17.0125,0.9982441879813919,0.0002
17.01388888888889,0.9981742081786993,0.0002
17.01527777777778,0.9980536030928214,0.0002
17.016666666666666,0.9980493639382914,0.0002
17.018055555555556,0.9982300689502848,0.0002
17.019444444444446,0.998195968222563,0.0002
17.020833333333336,0.9983367651019498,0.0002
17.022222222222222,0.9980243241737201,0.0002
17.023611111111112,0.997844081083582,0.0002
17.025000000000002,0.9979771844047461,0.0002
17.02638888888889,0.9979584077177219,0.0002
17.02777777777778,0.9980321476953745,0.0002
17.02916666666667,0.9986735269276884,0.0002
17.030555555555555,0.9979671425301584,0.0002
17.031944444444445,0.9985707327200782,0.0002
17.033333333333335,0.9986843101920502,0.0002
17.03472222222222,0.9987161115707851,0.0002
17.03611111111111,0.9985993862813003,0.0002
17.0375,0.9988421823429819,0.0002
17.038888888888888,0.9989016971091008,0.0002
17.040277777777778,0.9985186458605103,0.0002
17.041666666666668,0.9987358051234722,0.0002
17.043055555555558,0.9988926787733238,0.0002
17.044444444444444,0.9984514643004552,0.0002
17.045833333333334,0.9985972577622363,0.0002
17.047222222222224,0.9984920558131475,0.0002
17.04861111111111,0.9986499653892983,0.0002
17.05,0.9982311913312933,0.0002
17.05138888888889,0.9988782013208519,0.0002
17.052777777777777,0.998699129322774,0.0002
17.054166666666667,0.9986831679483869,0.0002
17.055555555555557,0.9981514431293593,0.0002
17.056944444444444,0.9984556479544039,0.0002
17.058333333333334,0.9989514024692641,0.0002
17.059722222222224,0.9985646085488417,0.0002
17.06111111111111,0.9982400934551409,0.0002
17.0625,0.9986559034220275,0.0002
17.06388888888889,0.9987566612598144,0.0002
17.06527777777778,0.9987327449412684,0.0002
17.066666666666666,0.9986066616254254,0.0002
17.068055555555556,0.9988991125140656,0.0002
17.069444444444446,0.9985303019104504,0.0002
17.070833333333333,0.9987998728423995,0.0002
17.072222222222223,0.9986744279798346,0.0002
17.073611111111113,0.9987379730582405,0.0002
17.075,0.9986764094474563,0.0002
17.07638888888889,0.9986933584214,0.0002
17.07777777777778,0.9987949500748072,0.0002
17.079166666666666,0.9987117703855755,0.0002
17.080555555555556,0.998917854763384,0.0002
17.081944444444446,0.9986644151059885,0.0002
17.083333333333336,0.9990441286505397,0.0002
17.084722222222222,0.9986349385002419,0.0002
17.086111111111112,0.9988604075217599,0.0002
17.087500000000002,0.9989496286930326,0.0002
17.08888888888889,0.998826918716254,0.0002
17.09027777777778,0.99883882166037,0.0002
17.09166666666667,0.9985989726653327,0.0002
17.093055555555555,0.9986057673235017,0.0002
17.094444444444445,0.9988171357575344,0.0002
17.095833333333335,0.99895415328731,0.0002
17.09722222222222,0.9992547945209982,0.0002
17.09861111111111,0.9989750329900826,0.0002
17.1,0.9990115265266285,0.0002
17.101388888888888,0.9987191405140664,0.0002
17.102777777777778,0.9992266437173347,0.0002
17.104166666666668,0.999158748058013,0.0002
17.105555555555558,0.9991887186511906,0.0002
17.106944444444444,0.9991423405399267,0.0002
17.108333333333334,0.9991384603677639,0.0002
17.109722222222224,0.9991447460776071,0.0002
17.11111111111111,0.9991056118927483,0.0002
17.1125,0.9991361843232928,0.0002
17.11388888888889,0.9985640740691427,0.0002
17.115277777777777,0.9986823949314076,0.0002
17.116666666666667,0.9986219104226562,0.0002
17.118055555555557,0.9990649780233378,0.0002
17.119444444444444,0.9986318932607803,0.0002
17.120833333333334,0.9986151302536777,0.0002
17.122222222222224,0.9987679785412703,0.0002
17.12361111111111,0.9985486441443254,0.0002
17.125,0.9988150130173474,0.0002
17.12638888888889,0.9982998735343084,0.0002
17.12777777777778,0.9985757408889367,0.0002
17.129166666666666,0.9988067971504448,0.0002
17.130555555555556,0.9985387461080342,0.0002
17.131944444444446,0.9990522726660683,0.0002
17.133333333333333,0.9988521365737784,0.0002
17.134722222222223,0.9990833133252714,0.0002
17.136111111111113,0.998909330420581,0.0002
17.1375,0.9988389457379472,0.0002
17.13888888888889,0.9986462687105634,0.0002
17.14027777777778,0.9990277603960108,0.0002
17.141666666666666,0.9988705231066196,0.0002
17.143055555555556,0.9992564912288562,0.0002
17.144444444444446,0.9990544433832023,0.0002
17.145833333333336,0.9987621475967551,0.0002
17.147222222222222,0.9988863256580871,0.0002
17.148611111111112,0.99890313987123,0.0002
17.150000000000002,0.9989990752982929,0.0002
17.15138888888889,0.9989462410892435,0.0002
17.15277777777778,0.9986194810000034,0.0002
17.15416666666667,0.9983931321290777,0.0002
17.155555555555555,0.9982003320708913,0.0002
17.156944444444445,0.9983519273008035,0.0002
17.158333333333335,0.9985152038359612,0.0002
17.15972222222222,0.9989734869357794,0.0002
17.16111111111111,0.9989713543010253,0.0002
17.1625,0.9987761185157104,0.0002
17.163888888888888,0.9988634812760773,0.0002
17.165277777777778,0.9984832432092812,0.0002
17.166666666666668,0.9983416595644197,0.0002
17.168055555555558,0.9985323944534275,0.0002
17.169444444444444,0.9982896839484667,0.0002
17.170833333333334,0.9983432734496391,0.0002
17.172222222222224,0.9984174665353976,0.0002
17.17361111111111,0.9985748620022034,0.0002
17.175,0.9985705164904238,0.0002
17.17638888888889,0.998350698796244,0.0002
17.177777777777777,0.9985383293185995,0.0002
17.179166666666667,0.9982749991378365,0.0002
17.180555555555557,0.9983549693614258,0.0002
17.181944444444444,0.9981554843705689,0.0002
17.183333333333334,0.9985771906376764,0.0002
17.184722222222224,0.9983357661754687,0.0002
17.18611111111111,0.9984335340684606,0.0002
17.1875,0.9980673253501974,0.0002
17.18888888888889,0.9983481752131008,0.0002
17.19027777777778,0.9984377537397815,0.0002
17.191666666666666,0.9979235094525917,0.0002
17.193055555555556,0.9985633797302076,0.0002
17.194444444444446,0.9980335036629958,0.0002
17.195833333333333,0.9982930337426773,0.0002
17.197222222222223,0.9984600019822114,0.0002
17.198611111111113,0.997538746836863,0.0002
17.2,0.9957153898778794,0.0002
17.20138888888889,0.9944424573925592,0.0002
17.20277777777778,0.9931211842314773,0.0002
17.204166666666666,0.9911774823116263,0.0002
17.205555555555556,0.990250843334587,0.0002
17.206944444444446,0.9898099962558911,0.0002
17.208333333333336,0.989667428077809,0.0002
17.209722222222222,0.9890175164678393,0.0002
17.211111111111112,0.9893078633524088,0.0002
17.212500000000002,0.9889289600778712,0.0002
17.21388888888889,0.9888773631115304,0.0002
17.21527777777778,0.9886853091118767,0.0002
17.21666666666667,0.9887225425470493,0.0002
17.218055555555555,0.9884900014617161,0.0002
17.219444444444445,0.9886418046963485,0.0002
17.220833333333335,0.9885029421120245,0.0002
17.22222222222222,0.9880742709175229,0.0002
17.22361111111111,0.9884321849988866,0.0002
17.225,0.9881014062234487,0.0002
17.226388888888888,0.988017387477796,0.0002
17.227777777777778,0.9880172495121488,0.0002
17.229166666666668,0.9875689187834049,0.0002
17.230555555555558,0.9874372780460676,0.0002
17.231944444444444,0.987697806450064,0.0002
17.233333333333334,0.9876280347381137,0.0002
17.234722222222224,0.9881660732924519,0.0002
17.23611111111111,0.9876444832103041,0.0002
17.2375,0.987819372193007,0.0002
17.23888888888889,0.987889447565688,0.0002
17.240277777777777,0.9881740726593308,0.0002
17.241666666666667,0.9876926960118899,0.0002
17.243055555555557,0.9875339627533404,0.0002
17.244444444444444,0.9881701322513338,0.0002
17.245833333333334,0.9879157901029717,0.0002
17.247222222222224,0.9880842024863167,0.0002
17.24861111111111,0.988099100058792,0.0002
17.25,0.9881278402740874,0.0002
17.25138888888889,0.9879448874138212,0.0002
17.25277777777778,0.9878710985175173,0.0002
17.254166666666666,0.9876676666384565,0.0002
17.255555555555556,0.9879319005596038,0.0002
17.256944444444446,0.9881179468471696,0.0002
17.258333333333333,0.9879797942812345,0.0002
17.259722222222223,0.9879207003794782,0.0002
17.261111111111113,0.9882504897561077,0.0002
17.2625,0.9885664687933532,0.0002
17.26388888888889,0.9883658014520894,0.0002
17.26527777777778,0.9881775937341571,0.0002
17.266666666666666,0.9888680584152931,0.0002
17.268055555555556,0.9885791819675616,0.0002
17.269444444444446,0.9891845632623161,0.0002
17.270833333333336,0.9889612313903873,0.0002
17.272222222222222,0.9891754235874,0.0002
17.273611111111112,0.9897492945093528,0.0002
17.275000000000002,0.9893078768099214,0.0002
17.27638888888889,0.9896505092775312,0.0002
17.27777777777778,0.9900697669385183,0.0002
17.27916666666667,0.9905204089356849,0.0002
17.280555555555555,0.9921690464170471,0.0002
17.281944444444445,0.9929516814952439,0.0002
17.283333333333335,0.9944789196002576,0.0002
17.28472222222222,0.9959434757996511,0.0002
17.28611111111111,0.997417825814682,0.0002
17.2875,0.9982824478815454,0.0002
17.288888888888888,0.9980820071208579,0.0002
17.290277777777778,0.9982975067500881,0.0002
17.291666666666668,0.9986560030366094,0.0002
17.293055555555558,0.9982639612972533,0.0002
17.294444444444444,0.9982949076697658,0.0002
17.295833333333334,0.9986056041287793,0.0002
17.297222222222224,0.9981487161301515,0.0002
17.29861111111111,0.998249282877648,0.0002
17.3,0.9983427936022599,0.0002
17.30138888888889,0.9983815198883238,0.0002
17.302777777777777,0.9982019253288568,0.0002
17.304166666666667,0.9986057471855172,0.0002
17.305555555555557,0.9986938499608681,0.0002
17.306944444444444,0.9986500742593903,0.0002
17.308333333333334,0.9987439183264561,0.0002
17.309722222222224,0.9987626373256867,0.0002
17.31111111111111,0.9983652650886602,0.0002
17.3125,0.9987001885540118,0.0002
17.31388888888889,0.9986843455212105,0.0002
17.31527777777778,0.998179717593619,0.0002
17.316666666666666,0.9988012574036959,0.0002
17.318055555555556,0.9982113264965297,0.0002
17.319444444444446,0.9982312270106283,0.0002
17.320833333333333,0.9985062961954998,0.0002
17.322222222222223,0.9985819080553067,0.0002
17.323611111111113,0.9985899506711848,0.0002
17.325,0.9985883490745283,0.0002
17.32638888888889,0.9983688432571471,0.0002
17.32777777777778,0.9985153305985361,0.0002
17.329166666666666,0.9983763843942791,0.0002
17.330555555555556,0.9984671548433657,0.0002
17.331944444444446,0.9984967928059019,0.0002
17.333333333333336,0.998427093956609,0.0002
17.334722222222222,0.9984229305406839,0.0002
17.336111111111112,0.9980977356246951,0.0002
17.337500000000002,0.9985897947824949,0.0002
17.33888888888889,0.998454055768294,0.0002
17.34027777777778,0.9978701077064307,0.0002
17.34166666666667,0.9984845427138013,0.0002
17.343055555555555,0.998344971953997,0.0002
17.344444444444445,0.9981331499190618,0.0002
17.345833333333335,0.9981120720312153,0.0002
17.34722222222222,0.9981702295469149,0.0002
17.34861111111111,0.9981705003392269,0.0002
17.35,0.9981702196082968,0.0002
17.351388888888888,0.9986443083527432,0.0002
17.352777777777778,0.9983405851601458,0.0002
17.354166666666668,0.9986224564977783,0.0002
17.355555555555558,0.9982853765268308,0.0002
17.356944444444444,0.9983507309593965,0.0002
17.358333333333334,0.9980620549112225,0.0002
17.359722222222224,0.9982635714126258,0.0002
17.36111111111111,0.9983424160333041,0.0002
17.3625,0.998408407635794,0.0002
17.36388888888889,0.9983048491395604,0.0002
17.365277777777777,0.9983960883260266,0.0002
17.366666666666667,0.998368639531574,0.0002
17.368055555555557,0.998260699899189,0.0002
17.369444444444444,0.998162130213498,0.0002
17.370833333333334,0.9981770276458226,0.0002
17.372222222222224,0.9985515672896007,0.0002
17.37361111111111,0.9982359092812793,0.0002
17.375,0.9983362496130127,0.0002
17.37638888888889,0.9981622399542222,0.0002
17.37777777777778,0.9983925837793556,0.0002
17.379166666666666,0.9977612566383993,0.0002
17.380555555555556,0.9981598515757301,0.0002
17.381944444444446,0.9978845985160522,0.0002
17.383333333333333,0.9982728479375095,0.0002
17.384722222222223,0.9981649853766345,0.0002
17.386111111111113,0.997885510667443,0.0002
17.3875,0.9982694023414661,0.0002
17.38888888888889,0.9982466468364878,0.0002
17.39027777777778,0.9981070154779202,0.0002
17.391666666666666,0.9981034177250054,0.0002
17.393055555555556,0.9981439739621615,0.0002
17.394444444444446,0.9983595153046199,0.0002
17.395833333333336,0.9980623003296517,0.0002
17.397222222222222,0.9983382396549001,0.0002
17.398611111111112,0.9980594236932566,0.0002
17.400000000000002,0.9983573112823992,0.0002
17.40138888888889,0.9980521721764609,0.0002
17.40277777777778,0.9980833031914663,0.0002
17.40416666666667,0.9979801692931257,0.0002
17.405555555555555,0.9982085351496874,0.0002
17.406944444444445,0.9981865954015225,0.0002
17.408333333333335,0.998635750584433,0.0002
17.40972222222222,0.9981782856905204,0.0002
17.41111111111111,0.998170249876969,0.0002
17.4125,0.9984949935598229,0.0002
17.413888888888888,0.998563792458121,0.0002
17.415277777777778,0.9984931084709767,0.0002
17.416666666666668,0.9985377917369959,0.0002
17.418055555555558,0.9983021463985582,0.0002
17.419444444444444,0.9982407647497543,0.0002
17.420833333333334,0.9987184404033677,0.0002
17.422222222222224,0.9986422452610633,0.0002
17.42361111111111,0.9983923687398097,0.0002
17.425,0.9985288237996167,0.0002
17.42638888888889,0.9984569871387103,0.0002
17.427777777777777,0.9980601485132611,0.0002
17.429166666666667,0.9983325955549176,0.0002
17.430555555555557,0.9986622805323923,0.0002
17.431944444444444,0.998407512207194,0.0002
17.433333333333334,0.9982832614146985,0.0002
17.434722222222224,0.9985939283166143,0.0002
17.43611111111111,0.9983518130531862,0.0002
17.4375,0.9984248882435963,0.0002
17.43888888888889,0.9982760070007178,0.0002
17.44027777777778,0.9983189351275854,0.0002
17.441666666666666,0.9982718034464848,0.0002
17.443055555555556,0.9983970173312403,0.0002
17.444444444444446,0.9984310668945738,0.0002
17.445833333333333,0.9981047274449338,0.0002
17.447222222222223,0.9982294819725387,0.0002
17.448611111111113,0.9984796742053531,0.0002
17.45,0.9982431896299339,0.0002
17.45138888888889,0.9979889280009586,0.0002
17.45277777777778,0.9980191917296942,0.0002
17.454166666666666,0.9979679526353934,0.0002
17.455555555555556,0.998057496405396,0.0002
17.456944444444446,0.9979670987542925,0.0002
17.458333333333336,0.9983777677222077,0.0002
17.459722222222222,0.9980864191147399,0.0002
17.461111111111112,0.9983537640567098,0.0002
17.462500000000002,0.9978870248232732,0.0002
17.46388888888889,0.9980119859432678,0.0002
17.46527777777778,0.9981047835876213,0.0002
17.46666666666667,0.9982919409361133,0.0002
17.468055555555555,0.99836474912213,0.0002
17.469444444444445,0.9980347430321007,0.0002
17.470833333333335,0.9983513114463689,0.0002
17.47222222222222,0.997739843089668,0.0002
17.47361111111111,0.9982692590485849,0.0002
17.475,0.9978349597038374,0.0002
17.476388888888888,0.9982341250243885,0.0002
17.477777777777778,0.9983991371876851,0.0002
17.479166666666668,0.9983423759302394,0.0002
17.480555555555558,0.9978850548202508,0.0002
17.481944444444444,0.9981109174824129,0.0002
17.483333333333334,0.9983558620769563,0.0002
17.484722222222224,0.9983367631250334,0.0002
17.48611111111111,0.9982761953217354,0.0002
17.4875,0.9977643306973597,0.0002
17.48888888888889,0.9985202756015391,0.0002
17.490277777777777,0.9986487719903197,0.0002
17.491666666666667,0.9984469011176494,0.0002
17.493055555555557,0.99853093671686,0.0002
17.494444444444444,0.9985162953817537,0.0002
17.495833333333334,0.9986436434703674,0.0002
17.497222222222224,0.9983877549709751,0.0002
17.49861111111111,0.9983020601281904,0.0002
17.5,0.9984083224883157,0.0002
17.50138888888889,0.9982556329952698,0.0002
17.50277777777778,0.9983112617925541,0.0002
17.504166666666666,0.9980571241796485,0.0002
17.505555555555556,0.998574053465588,0.0002
17.506944444444446,0.9987540222276289,0.0002
17.508333333333333,0.9987348094337037,0.0002
17.509722222222223,0.9986831447481395,0.0002
17.511111111111113,0.998486353211909,0.0002
17.5125,0.9986228688693156,0.0002
17.51388888888889,0.9988166028011739,0.0002
17.51527777777778,0.9987316900958817,0.0002
17.516666666666666,0.9989066873934073,0.0002
17.518055555555556,0.9985290752888949,0.0002
17.519444444444446,0.9984897536491987,0.0002
17.520833333333336,0.9985477350280592,0.0002
17.522222222222222,0.9984033801201598,0.0002
17.523611111111112,0.9983315274709799,0.0002
17.525000000000002,0.9987405603863136,0.0002
17.52638888888889,0.9986908791671403,0.0002
17.52777777777778,0.998710381935998,0.0002
17.52916666666667,0.998737144156481,0.0002
17.530555555555555,0.998480421121458,0.0002
17.531944444444445,0.9986922700162176,0.0002
17.533333333333335,0.9987257249924549,0.0002
17.53472222222222,0.998820908476004,0.0002
17.53611111111111,0.9985044199149464,0.0002
17.5375,0.9985294477199759,0.0002
17.538888888888888,0.9986173293347618,0.0002
17.540277777777778,0.9989051862354985,0.0002
17.541666666666668,0.9986738457250807,0.0002
17.543055555555558,0.9988230901528647,0.0002
17.544444444444444,0.9985006015879806,0.0002
17.545833333333334,0.9985101022783143,0.0002
17.547222222222224,0.9986215253942237,0.0002
17.54861111111111,0.9984913785072398,0.0002
17.55,0.9983837991173263,0.0002
17.55138888888889,0.9982075743584247,0.0002
17.552777777777777,0.9983508605325809,0.0002
17.554166666666667,0.9986388829727799,0.0002
17.555555555555557,0.9987271384137424,0.0002
17.556944444444444,0.9982799969665339,0.0002
17.558333333333334,0.9981008213045623,0.0002
17.559722222222224,0.9986455403922654,0.0002
17.56111111111111,0.9984672059939129,0.0002
17.5625,0.998295132371677,0.0002
17.56388888888889,0.9979366275932837,0.0002
17.56527777777778,0.9983540281313452,0.0002
17.566666666666666,0.9984355186922393,0.0002
17.568055555555556,0.9982541521027738,0.0002
17.569444444444446,0.9986548645684811,0.0002
17.570833333333333,0.9983233408882363,0.0002
17.572222222222223,0.998463118505368,0.0002
17.573611111111113,0.9989114869088881,0.0002
17.575,0.9984160589417238,0.0002
17.57638888888889,0.998290299859877,0.0002
17.57777777777778,0.998274473315955,0.0002
17.579166666666666,0.9984675047174897,0.0002
17.580555555555556,0.9984524788632556,0.0002
17.581944444444446,0.9982147314020976,0.0002
17.583333333333336,0.998368213510261,0.0002
17.584722222222222,0.998341605604713,0.0002
17.586111111111112,0.9985051594785186,0.0002
17.587500000000002,0.9989232449944523,0.0002
17.58888888888889,0.9986849561042809,0.0002
17.59027777777778,0.998545656756194,0.0002
17.59166666666667,0.9988816290749133,0.0002
17.593055555555555,0.9986711645267303,0.0002
17.594444444444445,0.9982769098755682,0.0002
17.595833333333335,0.9989647761817997,0.0002
17.59722222222222,0.9985640882787972,0.0002
17.59861111111111,0.998169156756373,0.0002
17.6,0.9983199602323688,0.0002
17.601388888888888,0.9988574090873054,0.0002
17.602777777777778,0.9983416450072375,0.0002
17.604166666666668,0.9988608985379983,0.0002
17.605555555555558,0.9986153517330199,0.0002
17.606944444444444,0.9987214520765479,0.0002
17.608333333333334,0.9986585834565416,0.0002
17.609722222222224,0.998822325583155,0.0002
17.61111111111111,0.9987543444462815,0.0002
17.6125,0.9986210348213745,0.0002
17.61388888888889,0.9984758573775606,0.0002
17.615277777777777,0.9987452845914275,0.0002
17.616666666666667,0.99827467628317,0.0002
17.618055555555557,0.9988403580753652,0.0002
17.619444444444444,0.9987237284040982,0.0002
17.620833333333334,0.9988067068272275,0.0002
17.622222222222224,0.9981919827755393,0.0002
17.623611111111114,0.9984980762713611,0.0002
17.625,0.9986332492811472,0.0002
17.62638888888889,0.9988850747214106,0.0002
17.62777777777778,0.9985817440782357,0.0002
17.629166666666666,0.9993304193310043,0.0002
17.630555555555556,0.9987712762243464,0.0002
17.631944444444446,0.9985840108259115,0.0002
17.633333333333333,0.9987438168388392,0.0002
17.634722222222223,0.9986259587229593,0.0002
17.636111111111113,0.9984983032707693,0.0002
17.6375,0.9988566918922012,0.0002
17.63888888888889,0.9987996705418696,0.0002
17.64027777777778,0.9988702221344342,0.0002
17.641666666666666,0.9989651797195378,0.0002
17.643055555555556,0.9988123449187017,0.0002
17.644444444444446,0.9984838914364439,0.0002
17.645833333333336,0.998827802039761,0.0002
17.647222222222222,0.9984753000281864,0.0002
17.648611111111112,0.9985466199352304,0.0002
17.650000000000002,0.9985831868643461,0.0002
17.65138888888889,0.9985497990043188,0.0002
17.65277777777778,0.9982150221026929,0.0002
17.65416666666667,0.9983290175090173,0.0002
17.655555555555555,0.9985547545182119,0.0002
17.656944444444445,0.9984187312105769,0.0002
17.658333333333335,0.9987475466942225,0.0002
17.65972222222222,0.9987953748058568,0.0002
17.66111111111111,0.9983065956643925,0.0002
17.6625,0.9985815204620253,0.0002
17.663888888888888,0.9988441802379052,0.0002
17.665277777777778,0.9984377077332199,0.0002
17.666666666666668,0.9983697295799583,0.0002
17.668055555555558,0.9986266353289016,0.0002
17.669444444444444,0.9983438466839448,0.0002
17.670833333333334,0.9985902749227332,0.0002
17.672222222222224,0.9982262405173735,0.0002
17.67361111111111,0.9982164583870934,0.0002
17.675,0.9984039064144987,0.0002
17.67638888888889,0.9983108471753184,0.0002
17.677777777777777,0.9982843801082165,0.0002
17.679166666666667,0.9979341060544006,0.0002
17.680555555555557,0.9982473683535152,0.0002
17.681944444444444,0.9985050877362197,0.0002
17.683333333333334,0.9981666587980544,0.0002
17.684722222222224,0.9983431474580979,0.0002
17.686111111111114,0.99820556859639,0.0002
17.6875,0.9981071464840038,0.0002
17.68888888888889,0.9984361417469565,0.0002
17.69027777777778,0.998015803375039,0.0002
17.691666666666666,0.9980281837046474,0.0002
17.693055555555556,0.9979896612356368,0.0002
17.694444444444446,0.9980596108639196,0.0002
17.695833333333333,0.9981969176550154,0.0002
17.697222222222223,0.9977838488635887,0.0002
17.698611111111113,0.9983015407108811,0.0002
17.7,0.9981633628466876,0.0002
17.70138888888889,0.9983006688771047,0.0002
17.70277777777778,0.9986530827051758,0.0002
17.704166666666666,0.9982020526549407,0.0002
17.705555555555556,0.99800461709536,0.0002
17.706944444444446,0.9982650381503378,0.0002
17.708333333333336,0.9983386643700526,0.0002
17.709722222222222,0.9984777033464026,0.0002
17.711111111111112,0.9982187324362276,0.0002
17.712500000000002,0.9981919778474432,0.0002
17.71388888888889,0.9979570861327074,0.0002
17.71527777777778,0.9980635097033084,0.0002
17.71666666666667,0.9982452815375161,0.0002
17.718055555555555,0.9983627845379907,0.0002
17.719444444444445,0.9987070794772179,0.0002
17.720833333333335,0.9979680335745659,0.0002
17.72222222222222,0.9983487000363649,0.0002
17.72361111111111,0.9981633355116157,0.0002
17.725,0.998368347807633,0.0002
17.726388888888888,0.9982306069918737,0.0002
17.727777777777778,0.9985007761761583,0.0002
17.729166666666668,0.9984977274379118,0.0002
17.730555555555558,0.9982618382009404,0.0002
17.731944444444444,0.9985956773206565,0.0002
17.733333333333334,0.9985058044573131,0.0002
17.734722222222224,0.9986399231423485,0.0002
17.73611111111111,0.9982953067891602,0.0002
17.7375,0.9984999881572665,0.0002
17.73888888888889,0.998275909385328,0.0002
17.740277777777777,0.9983314692150667,0.0002
17.741666666666667,0.9988063272095431,0.0002
17.743055555555557,0.9981568325282626,0.0002
17.744444444444444,0.9983300737740756,0.0002
17.745833333333334,0.9980301059736452,0.0002
17.747222222222224,0.9982202754702655,0.0002
17.748611111111114,0.9981791640615868,0.0002
17.75,0.9982699018334888,0.0002
17.75138888888889,0.9984122673563186,0.0002
17.75277777777778,0.9985155037376314,0.0002
17.754166666666666,0.9982041168208917,0.0002
17.755555555555556,0.9982056155032499,0.0002
17.756944444444446,0.9986323157511849,0.0002
17.758333333333333,0.998686896729347,0.0002
17.759722222222223,0.9985724512329095,0.0002
17.761111111111113,0.9979666914097819,0.0002
17.7625,0.9986324622537783,0.0002
17.76388888888889,0.9987348021332045,0.0002
17.76527777777778,0.9979272942157654,0.0002
17.766666666666666,0.9984572765933529,0.0002
17.768055555555556,0.9983073822115393,0.0002
17.769444444444446,0.9982334957498266,0.0002
17.770833333333336,0.9984248325113503,0.0002
17.772222222222222,0.9985571878933617,0.0002
17.773611111111112,0.9987093371055306,0.0002
17.775000000000002,0.9986590496040171,0.0002
17.77638888888889,0.998211293502021,0.0002
17.77777777777778,0.9983668142763766,0.0002
17.77916666666667,0.9984859240342734,0.0002
17.780555555555555,0.9987633318161411,0.0002
17.781944444444445,0.9978469620578008,0.0002
17.783333333333335,0.9982498170861559,0.0002
17.78472222222222,0.998056522140847,0.0002
17.78611111111111,0.9981223249157224,0.0002
17.7875,0.9985763801460399,0.0002
17.788888888888888,0.9982157682438705,0.0002
17.790277777777778,0.9977829974650188,0.0002
17.791666666666668,0.9982284226619813,0.0002
17.793055555555558,0.9986714018220272,0.0002
17.794444444444444,0.997878400153788,0.0002
17.795833333333334,0.9983258091829129,0.0002
17.797222222222224,0.9985513145313102,0.0002
17.79861111111111,0.9982921596630271,0.0002
17.8,0.998652829847183,0.0002
17.80138888888889,0.9981401265438115,0.0002
17.802777777777777,0.9986058052259663,0.0002
17.804166666666667,0.9985239674160193,0.0002
17.805555555555557,0.9982755552915006,0.0002
17.806944444444444,0.997983682301133,0.0002
17.808333333333334,0.9980217344263924,0.0002
17.809722222222224,0.9977617550168631,0.0002
17.811111111111114,0.998351680878063,0.0002
17.8125,0.998353859079879,0.0002
17.81388888888889,0.9982214871307205,0.0002
17.81527777777778,0.9981823863777074,0.0002
17.816666666666666,0.9985423300764878,0.0002
17.818055555555556,0.9984259742397846,0.0002
17.819444444444446,0.99831465780624,0.0002
17.820833333333333,0.9984020479318632,0.0002
17.822222222222223,0.9988034394319426,0.0002
17.823611111111113,0.9984970677434583,0.0002
17.825,0.9983083591891597,0.0002
17.82638888888889,0.9983429566822382,0.0002
17.82777777777778,0.9983670988688177,0.0002
17.829166666666666,0.998175283258785,0.0002
17.830555555555556,0.9981913716758681,0.0002
17.831944444444446,0.9983049484416393,0.0002
17.833333333333336,0.9986302020879327,0.0002
17.834722222222222,0.9984952267209724,0.0002
17.836111111111112,0.9982743551560473,0.0002
17.837500000000002,0.9985549875290057,0.0002
17.83888888888889,0.9983711143709356,0.0002
17.84027777777778,0.9984428546344987,0.0002
17.84166666666667,0.9985049644415271,0.0002
17.843055555555555,0.9980393850458041,0.0002
17.844444444444445,0.9978546036743393,0.0002
17.845833333333335,0.9985148209888711,0.0002
17.84722222222222,0.9982896890378061,0.0002
17.84861111111111,0.9981132548591983,0.0002
17.85,0.9982869496787565,0.0002
17.851388888888888,0.9986139195567246,0.0002
17.852777777777778,0.9984946430586906,0.0002
17.854166666666668,0.9985420865053851,0.0002
17.855555555555558,0.9984840285237523,0.0002
17.856944444444444,0.998237045192799,0.0002
17.858333333333334,0.9985671811876308,0.0002
17.859722222222224,0.998438106927692,0.0002
17.86111111111111,0.9983251799002804,0.0002
17.8625,0.9983666932726702,0.0002
17.86388888888889,0.9984688557249725,0.0002
17.865277777777777,0.9981965413767204,0.0002
17.866666666666667,0.9985009588835541,0.0002
17.868055555555557,0.9984449006977641,0.0002
17.869444444444444,0.9983304877723601,0.0002
17.870833333333334,0.9985335213452871,0.0002
17.872222222222224,0.9979773659782132,0.0002
17.873611111111114,0.9981264759381666,0.0002
17.875,0.9980574766103254,0.0002
17.87638888888889,0.998232716303857,0.0002
17.87777777777778,0.9983926266180265,0.0002
17.879166666666666,0.9979382524498932,0.0002
17.880555555555556,0.9987120934294538,0.0002
17.881944444444446,0.9979773929175795,0.0002
17.883333333333333,0.998171804926062,0.0002
17.884722222222223,0.9980676846935848,0.0002
17.886111111111113,0.998025780029272,0.0002
17.8875,0.9978941552848525,0.0002
17.88888888888889,0.9982077969008635,0.0002
17.89027777777778,0.9978305459509174,0.0002
17.891666666666666,0.997621835836067,0.0002
17.893055555555556,0.9977281826953533,0.0002
17.894444444444446,0.9981922342517333,0.0002
17.895833333333336,0.998125928668833,0.0002
17.897222222222222,0.9974757728126777,0.0002
17.898611111111112,0.9980516864088088,0.0002
17.900000000000002,0.9974576820923537,0.0002
17.90138888888889,0.9978454667555364,0.0002
17.90277777777778,0.9976508995574485,0.0002
17.90416666666667,0.9979957109679928,0.0002
17.905555555555555,0.9979292109269678,0.0002
17.906944444444445,0.9979718173127455,0.0002
17.908333333333335,0.9976698458171156,0.0002
17.90972222222222,0.9977035899200182,0.0002
17.91111111111111,0.9974181702944367,0.0002
17.9125,0.9974574524042081,0.0002
17.913888888888888,0.9979147684429392,0.0002
17.915277777777778,0.9978415541461566,0.0002
17.916666666666668,0.9977018243152059,0.0002
17.918055555555558,0.9978671708970838,0.0002
17.919444444444444,0.997382904952,0.0002
17.920833333333334,0.997775054308097,0.0002
17.922222222222224,0.9974647655955343,0.0002
17.92361111111111,0.9980253612538472,0.0002
17.925,0.9978533976009261,0.0002
17.92638888888889,0.9978918163658128,0.0002
17.927777777777777,0.9975820776975308,0.0002
17.929166666666667,0.9981016639777931,0.0002
17.930555555555557,0.9981255987676054,0.0002
17.931944444444444,0.9978322790228225,0.0002
17.933333333333334,0.9979446592647073,0.0002
17.934722222222224,0.9976870095167116,0.0002
17.936111111111114,0.9975970207305969,0.0002
17.9375,0.9980009393713148,0.0002
17.93888888888889,0.9976840351899376,0.0002
17.94027777777778,0.9981112224325999,0.0002
17.941666666666666,0.9980636404280008,0.0002
17.943055555555556,0.997833326978314,0.0002
17.944444444444446,0.9978231420935016,0.0002
17.945833333333333,0.9979881533461786,0.0002
17.947222222222223,0.9979283248633072,0.0002
17.948611111111113,0.9977115926705397,0.0002
17.95,0.9974777877822663,0.0002
17.95138888888889,0.9980322770247627,0.0002
17.95277777777778,0.9979037516629085,0.0002
17.954166666666666,0.998374781235394,0.0002
17.955555555555556,0.9977674502305132,0.0002
17.956944444444446,0.9978055065771257,0.0002
17.958333333333336,0.997727924618206,0.0002
17.959722222222222,0.9977653439853005,0.0002
17.961111111111112,0.9973977642709424,0.0002
17.962500000000002,0.9975821984245644,0.0002
17.96388888888889,0.9977283416549206,0.0002
17.96527777777778,0.9974754999859229,0.0002
17.96666666666667,0.9976805926146199,0.0002
17.968055555555555,0.997540846838399,0.0002
17.969444444444445,0.9975789069976907,0.0002
17.970833333333335,0.997681465419092,0.0002
17.97222222222222,0.997410860505274,0.0002
17.97361111111111,0.9972158511771377,0.0002
17.975,0.9974599699888371,0.0002
17.976388888888888,0.9973214500253422,0.0002
17.977777777777778,0.9970569576732836,0.0002
17.979166666666668,0.9973683574904788,0.0002
17.980555555555558,0.9974243467798315,0.0002
17.981944444444444,0.9975716341330829,0.0002
17.983333333333334,0.9970982416690712,0.0002
17.984722222222224,0.9973107261024209,0.0002
17.98611111111111,0.9975011718809599,0.0002
17.9875,0.9972071740312174,0.0002
17.98888888888889,0.9974804212780036,0.0002
17.990277777777777,0.9976515832485554,0.0002
17.991666666666667,0.9969371502566304,0.0002
17.993055555555557,0.9973429308790258,0.0002
17.994444444444444,0.9975591750468749,0.0002
17.995833333333334,0.9972643318012717,0.0002
17.997222222222224,0.9976172943958616,0.0002
17.998611111111114,0.9974924892443436,0.0002
18.0,0.9976935195241383,0.0002
18.00138888888889,0.9975196106281078,0.0002
18.00277777777778,0.997774747771753,0.0002
18.004166666666666,0.9974263836616191,0.0002
18.005555555555556,0.9970835643444076,0.0002
18.006944444444446,0.9972883632300377,0.0002
18.008333333333333,0.997600032179709,0.0002
18.009722222222223,0.9976406336790522,0.0002
18.011111111111113,0.9973514235640805,0.0002
18.0125,0.9977406616549425,0.0002
18.01388888888889,0.9973403201357943,0.0002
18.01527777777778,0.9974648253679516,0.0002
18.016666666666666,0.9974980377708049,0.0002
18.018055555555556,0.9971623310751898,0.0002
18.019444444444446,0.9973676523005993,0.0002
18.020833333333336,0.9978637646239401,0.0002
18.022222222222222,0.9971794122418832,0.0002
18.023611111111112,0.9975060421265726,0.0002
18.025000000000002,0.9972374921780076,0.0002
18.02638888888889,0.9972660862789813,0.0002
18.02777777777778,0.9971953034378789,0.0002
18.02916666666667,0.9976686577272936,0.0002
18.030555555555555,0.9973084300269084,0.0002
18.031944444444445,0.9977298327187664,0.0002
18.033333333333335,0.9973321114416385,0.0002
18.03472222222222,0.997480454418082,0.0002
18.03611111111111,0.9975251326193169,0.0002
18.0375,0.9970793760513752,0.0002
18.038888888888888,0.9974909630687572,0.0002
18.040277777777778,0.9975259110543327,0.0002
18.041666666666668,0.9976747035960383,0.0002
18.043055555555558,0.9973171321108838,0.0002
18.044444444444444,0.9972629955006801,0.0002
18.045833333333334,0.997617583278363,0.0002
18.047222222222224,0.9977291502498672,0.0002
18.04861111111111,0.997339006037143,0.0002
18.05,0.9971848075118345,0.0002
18.05138888888889,0.9973275720098157,0.0002
18.052777777777777,0.9972494172250432,0.0002
18.054166666666667,0.9976175220639818,0.0002
18.055555555555557,0.9973130432692833,0.0002
18.056944444444444,0.9977400435901208,0.0002
18.058333333333334,0.997591722764273,0.0002
18.059722222222224,0.9978301219700717,0.0002
18.061111111111114,0.9970493081912558,0.0002
18.0625,0.9972006904567513,0.0002
18.06388888888889,0.9977788071037472,0.0002
18.06527777777778,0.9972700064730788,0.0002
18.066666666666666,0.9971053790416305,0.0002
18.068055555555556,0.9974436519368783,0.0002
18.069444444444446,0.9975038877426853,0.0002
18.070833333333333,0.9974610784524759,0.0002
18.072222222222223,0.9976421437004909,0.0002
18.073611111111113,0.9976155961875319,0.0002
18.075,0.99761175758327,0.0002
18.07638888888889,0.9977482130650854,0.0002
18.07777777777778,0.9974441891817739,0.0002
18.079166666666666,0.9974808803191698,0.0002
18.080555555555556,0.9976540895906746,0.0002
18.081944444444446,0.9976219822554843,0.0002
18.083333333333336,0.9973381068826607,0.0002
18.084722222222222,0.9976014319542479,0.0002
18.086111111111112,0.9976889562833405,0.0002
18.087500000000002,0.9975583147319939,0.0002
18.08888888888889,0.9975750132439475,0.0002
18.09027777777778,0.9974829404953224,0.0002
18.09166666666667,0.9971298131449733,0.0002
18.093055555555555,0.9976410411406847,0.0002
18.094444444444445,0.9977244061552492,0.0002
18.095833333333335,0.9974872957518042,0.0002
18.09722222222222,0.9980387953092659,0.0002
18.09861111111111,0.9975722023638414,0.0002
18.1,0.9980207650385502,0.0002
18.101388888888888,0.9978924093215271,0.0002
18.102777777777778,0.998207408268932,0.0002
18.104166666666668,0.9978818751549969,0.0002
18.105555555555558,0.9974839186233776,0.0002
18.106944444444444,0.9979765965393909,0.0002
18.108333333333334,0.9980625285081208,0.0002
18.109722222222224,0.9974243216517666,0.0002
18.11111111111111,0.9978910606553909,0.0002
18.1125,0.998001409341699,0.0002
18.11388888888889,0.997788366953487,0.0002
18.115277777777777,0.9973771353689332,0.0002
18.116666666666667,0.9978287744827024,0.0002
18.118055555555557,0.9977351156699686,0.0002
18.119444444444444,0.9981750357747468,0.0002
18.120833333333334,0.997940344236164,0.0002
18.122222222222224,0.9978880272016966,0.0002
18.123611111111114,0.9978952542580203,0.0002
18.125,0.9981102622370325,0.0002
18.12638888888889,0.998071402774914,0.0002
18.12777777777778,0.9979114476578399,0.0002
18.129166666666666,0.998148109982204,0.0002
18.130555555555556,0.9980195673287521,0.0002
18.131944444444446,0.9975517281485025,0.0002
18.133333333333333,0.9982159630827576,0.0002
18.134722222222223,0.998189482891084,0.0002
18.136111111111113,0.9980978184270084,0.0002
18.1375,0.998029414703431,0.0002
18.13888888888889,0.9977394884330016,0.0002
18.14027777777778,0.9968498895487882,0.0002
18.141666666666666,0.995232302332064,0.0002
18.143055555555556,0.9939055596767685,0.0002
18.144444444444446,0.9917487228549374,0.0002
18.145833333333336,0.9906772931948421,0.0002
18.147222222222222,0.989853294618094,0.0002
18.148611111111112,0.9896867748279944,0.0002
18.150000000000002,0.9889795584643356,0.0002
18.15138888888889,0.9886876723963081,0.0002
18.15277777777778,0.988303762204597,0.0002
18.15416666666667,0.9882728885557954,0.0002
18.155555555555555,0.9882192250861709,0.0002
18.156944444444445,0.9876813651744677,0.0002
18.158333333333335,0.9878068152640452,0.0002
18.15972222222222,0.9879154051106509,0.0002
18.16111111111111,0.9876814435504825,0.0002
18.1625,0.9876470872892188,0.0002
18.163888888888888,0.9872755138237228,0.0002
18.165277777777778,0.9874718883481727,0.0002
18.166666666666668,0.9874443830629758,0.0002
18.168055555555558,0.9873620245822937,0.0002
18.169444444444444,0.9872675547238864,0.0002
18.170833333333334,0.9871622385153503,0.0002
18.172222222222224,0.9871029857288168,0.0002
18.17361111111111,0.9869801944933276,0.0002
18.175,0.9872982496548969,0.0002
18.17638888888889,0.9868216771392198,0.0002
18.177777777777777,0.9870316006106297,0.0002
18.179166666666667,0.9873827661279764,0.0002
18.180555555555557,0.9871675377639484,0.0002
18.181944444444444,0.9870017666637033,0.0002
18.183333333333334,0.9869724709221621,0.0002
18.184722222222224,0.9868709541004955,0.0002
18.186111111111114,0.9866806507486607,0.0002
18.1875,0.9868613863553587,0.0002
18.18888888888889,0.9870842290364424,0.0002
18.19027777777778,0.9870982455536372,0.0002
18.191666666666666,0.987239105276793,0.0002
18.193055555555556,0.9873420658271308,0.0002
18.194444444444446,0.9870891727321888,0.0002
18.195833333333333,0.9871669746363261,0.0002
18.197222222222223,0.9867987482526105,0.0002
18.198611111111113,0.9876541246233788,0.0002
18.2,0.9871549866801147,0.0002
18.20138888888889,0.9874564456221934,0.0002
18.20277777777778,0.9873654402618788,0.0002
18.204166666666666,0.9874557917572333,0.0002
18.205555555555556,0.9876632240711656,0.0002
18.206944444444446,0.9875263071715443,0.0002
18.208333333333336,0.9873046001588364,0.0002
18.209722222222222,0.9881867231656042,0.0002
18.211111111111112,0.9881665109179185,0.0002
18.212500000000002,0.9880176967062216,0.0002
18.21388888888889,0.9883891725550231,0.0002
18.21527777777778,0.9886279830847575,0.0002
18.21666666666667,0.988496217739366,0.0002
18.218055555555555,0.9889833549240896,0.0002
18.219444444444445,0.9894384015895611,0.0002
18.220833333333335,0.9895188841718096,0.0002
18.22222222222222,0.9912872446273033,0.0002
18.22361111111111,0.992862547198703,0.0002
18.225,0.9946854626955128,0.0002
18.226388888888888,0.995894027507839,0.0002
18.227777777777778,0.9968496205958965,0.0002
18.229166666666668,0.9974762268356284,0.0002
18.230555555555558,0.9979405222637804,0.0002
18.231944444444444,0.9974753483121795,0.0002
18.233333333333334,0.9976331104835411,0.0002
18.234722222222224,0.9974610337215865,0.0002
18.23611111111111,0.9977801420156198,0.0002
18.2375,0.9977590298735274,0.0002
18.23888888888889,0.997482507360208,0.0002
18.240277777777777,0.9974040359248642,0.0002
18.241666666666667,0.9973488393334223,0.0002
18.243055555555557,0.997012080418739,0.0002
18.244444444444444,0.9973631482581531,0.0002
18.245833333333334,0.9974264504514553,0.0002
18.247222222222224,0.9972465818157663,0.0002
18.248611111111114,0.9970521938704152,0.0002
18.25,0.997364402730095,0.0002
18.25138888888889,0.9974109022031322,0.0002
18.25277777777778,0.9974287963826028,0.0002
18.254166666666666,0.9971227642249183,0.0002
18.255555555555556,0.9974095628796649,0.0002
18.256944444444446,0.9973034906458931,0.0002
18.258333333333333,0.9974649886976613,0.0002
18.259722222222223,0.9971135237684157,0.0002
18.261111111111113,0.9975944032484199,0.0002
18.2625,0.9976571781530692,0.0002
18.26388888888889,0.9973400298752811,0.0002
18.26527777777778,0.997390687357073,0.0002
18.266666666666666,0.9975069747229564,0.0002
18.268055555555556,0.997090321688498,0.0002
18.269444444444446,0.9972258623125925,0.0002
18.270833333333336,0.9973302593430817,0.0002
18.272222222222222,0.9977110921612262,0.0002
18.273611111111112,0.997041986945506,0.0002
18.275000000000002,0.9975841368494189,0.0002
18.27638888888889,0.997288719828475,0.0002
18.27777777777778,0.9972574139290816,0.0002
18.27916666666667,0.997531325136284,0.0002
18.280555555555555,0.9977722670556564,0.0002
18.281944444444445,0.9974850469750272,0.0002
18.283333333333335,0.997573888490471,0.0002
18.28472222222222,0.9970996259846588,0.0002
18.28611111111111,0.9971447522076929,0.0002
18.2875,0.996988634700533,0.0002
18.288888888888888,0.9971675856826939,0.0002
18.290277777777778,0.9973269822218058,0.0002
18.291666666666668,0.9972178273754088,0.0002
18.293055555555558,0.9974850958416456,0.0002
18.294444444444444,0.9975436934094312,0.0002
18.295833333333334,0.9971973450158073,0.0002
18.297222222222224,0.9970474094962531,0.0002
18.29861111111111,0.997372075762601,0.0002
18.3,0.997342528474885,0.0002
18.30138888888889,0.9972082822246102,0.0002
18.302777777777777,0.9972605912799756,0.0002
18.304166666666667,0.9971897453816635,0.0002
18.305555555555557,0.9968669596384873,0.0002
18.306944444444444,0.996786236297734,0.0002
18.308333333333334,0.9970346473426109,0.0002
18.309722222222224,0.9971285085637019,0.0002
18.311111111111114,0.9972505284876217,0.0002
18.3125,0.9971659496633472,0.0002
18.31388888888889,0.9968224964826523,0.0002
18.31527777777778,0.9966807204725445,0.0002
18.316666666666666,0.9972854664765433,0.0002
18.318055555555556,0.9970377479595862,0.0002
18.319444444444446,0.9971039213336873,0.0002
18.320833333333333,0.9970954383124708,0.0002
18.322222222222223,0.9970266793354426,0.0002
18.323611111111113,0.9970579651262367,0.0002
18.325,0.997464693858163,0.0002
18.32638888888889,0.9972060811698182,0.0002
18.32777777777778,0.9973385609027516,0.0002
18.329166666666666,0.9973600743792939,0.0002
18.330555555555556,0.9973092886111078,0.0002
18.331944444444446,0.9973844714723854,0.0002
18.333333333333336,0.9972482761847405,0.0002
18.334722222222222,0.9974700439331466,0.0002
18.336111111111112,0.9973988577795729,0.0002
18.337500000000002,0.997441023762544,0.0002
18.33888888888889,0.9970084486661027,0.0002
18.34027777777778,0.9972398762841778,0.0002
18.34166666666667,0.9968640292358946,0.0002
18.343055555555555,0.9974550666716335,0.0002
18.344444444444445,0.9970026336986703,0.0002
18.345833333333335,0.9970285169548836,0.0002
18.34722222222222,0.9969506654848331,0.0002
18.34861111111111,0.997187476846421,0.0002
18.35,0.9971649799997808,0.0002
18.351388888888888,0.9975963281031629,0.0002
18.352777777777778,0.9973780153785335,0.0002
18.354166666666668,0.9971118842152508,0.0002
18.355555555555558,0.9968624209553034,0.0002
18.356944444444444,0.9967239037449979,0.0002
18.358333333333334,0.9969008833573494,0.0002
18.359722222222224,0.9968401150482196,0.0002
18.36111111111111,0.9972184486989577,0.0002
18.3625,0.9971236768481142,0.0002
18.36388888888889,0.9972072125354492,0.0002
18.365277777777777,0.9970417392327611,0.0002
18.366666666666667,0.99726049445138,0.0002
18.368055555555557,0.9969186346301467,0.0002
18.369444444444444,0.9971641610199092,0.0002
18.370833333333334,0.9972820710655849,0.0002
18.372222222222224,0.9970320823363299,0.0002
18.373611111111114,0.9972018999057918,0.0002
18.375,0.996797414152335,0.0002
18.37638888888889,0.9968067783157267,0.0002
18.37777777777778,0.997245468729861,0.0002
18.379166666666666,0.9973250433690767,0.0002
18.380555555555556,0.9970599022208635,0.0002
18.381944444444446,0.9975749727208533,0.0002
18.383333333333333,0.9968485050751492,0.0002
18.384722222222223,0.9970272453408906,0.0002
18.386111111111113,0.9971843081575477,0.0002
18.3875,0.9972831998837056,0.0002
18.38888888888889,0.997001957200636,0.0002
18.39027777777778,0.9969814219650326,0.0002
18.391666666666666,0.9972678607088353,0.0002
18.393055555555556,0.9972079986457861,0.0002
18.394444444444446,0.9971013103708832,0.0002
18.395833333333336,0.9972660216877827,0.0002
18.397222222222222,0.9971292986205815,0.0002
18.398611111111112,0.9971415998525082,0.0002
18.400000000000002,0.9971564212035844,0.0002
18.40138888888889,0.997077121052886,0.0002
18.40277777777778,0.9971223096796564,0.0002
18.40416666666667,0.9972181064553364,0.0002
18.405555555555555,0.9974091001317699,0.0002
18.406944444444445,0.9970338760323004,0.0002
18.408333333333335,0.9976474461531777,0.0002
18.40972222222222,0.9974829255711888,0.0002
18.41111111111111,0.997242324309567,0.0002
18.4125,0.9977881093229473,0.0002
18.413888888888888,0.9974972834245249,0.0002
18.415277777777778,0.9972215881618476,0.0002
18.416666666666668,0.9978229643926009,0.0002
18.418055555555558,0.9978202360851616,0.0002
18.419444444444444,0.9973675740026862,0.0002
18.420833333333334,0.9973515301120776,0.0002
18.422222222222224,0.997402389186539,0.0002
18.42361111111111,0.9971035927964463,0.0002
18.425,0.9975100210226294,0.0002
18.42638888888889,0.99756399865462,0.0002
18.427777777777777,0.9975122000595368,0.0002
18.429166666666667,0.9973629054964402,0.0002
18.430555555555557,0.9975123782347965,0.0002
18.431944444444444,0.9970669884250402,0.0002
18.433333333333334,0.9976831401180741,0.0002
18.434722222222224,0.9972589596109727,0.0002
18.436111111111114,0.9973198168660699,0.0002
18.4375,0.9973893820952422,0.0002
18.43888888888889,0.9973587286505347,0.0002
18.44027777777778,0.9974557519031445,0.0002
18.441666666666666,0.9974686291945998,0.0002
18.443055555555556,0.9975118987954559,0.0002
18.444444444444446,0.9973039676706755,0.0002
18.445833333333333,0.9975411958111037,0.0002
18.447222222222223,0.9973406962862975,0.0002
18.448611111111113,0.9977094827528038,0.0002
18.45,0.9976535912234578,0.0002
18.45138888888889,0.9974960837875897,0.0002
18.45277777777778,0.9973026879229203,0.0002
18.454166666666666,0.9974994740433544,0.0002
18.455555555555556,0.9972725589390495,0.0002
18.456944444444446,0.9974458233352498,0.0002
18.458333333333336,0.9974207676494838,0.0002
18.459722222222222,0.9979973165987925,0.0002
18.461111111111112,0.9972388161973972,0.0002
18.462500000000002,0.9968970997383071,0.0002
18.46388888888889,0.9972926777138434,0.0002
18.46527777777778,0.9970969839145315,0.0002
18.46666666666667,0.9973679774624844,0.0002
18.468055555555555,0.9972425377999876,0.0002
18.469444444444445,0.9973474511631173,0.0002
18.470833333333335,0.9973565860719364,0.0002
18.47222222222222,0.9977543105315437,0.0002
18.47361111111111,0.9976055481824746,0.0002
18.475,0.997886307209928,0.0002
18.476388888888888,0.9977433819099535,0.0002
18.477777777777778,0.9979429714612393,0.0002
18.479166666666668,0.9978055626268854,0.0002
18.480555555555558,0.998157812588111,0.0002
18.481944444444444,0.99803102409053,0.0002
18.483333333333334,0.9978168809779936,0.0002
18.484722222222224,0.9981587792751437,0.0002
18.48611111111111,0.9980266742916882,0.0002
18.4875,0.9980202048495308,0.0002
18.48888888888889,0.9981459253436004,0.0002
18.490277777777777,0.998228218673334,0.0002
18.491666666666667,0.9976479027677053,0.0002
18.493055555555557,0.9979043981089433,0.0002
18.494444444444444,0.9981039199502821,0.0002
18.495833333333334,0.9979807351797536,0.0002
18.497222222222224,0.9976968337468409,0.0002
18.498611111111114,0.9975829338013374,0.0002
18.5,0.9984759596734056,0.0002
18.50138888888889,0.9980335345130816,0.0002
18.50277777777778,0.9984000136926761,0.0002
18.504166666666666,0.9982935346697782,0.0002
18.505555555555556,0.9979612635945582,0.0002
18.506944444444446,0.9976287064311169,0.0002
18.508333333333333,0.9980500232018127,0.0002
18.509722222222223,0.9980744144960382,0.0002
18.511111111111113,0.9981258201597885,0.0002
18.5125,0.9978222840404974,0.0002
18.51388888888889,0.998085502245458,0.0002
18.51527777777778,0.9980539980948043,0.0002
18.516666666666666,0.9981803277565757,0.0002
18.518055555555556,0.9979186123423472,0.0002
18.519444444444446,0.9981098983164661,0.0002
18.520833333333336,0.9980764593844649,0.0002
18.522222222222222,0.9982688564003392,0.0002
18.523611111111112,0.9978988869371394,0.0002
18.525000000000002,0.997458406613517,0.0002
18.52638888888889,0.9980099297703487,0.0002
18.52777777777778,0.9980388387313088,0.0002
18.52916666666667,0.9978187483680031,0.0002
18.530555555555555,0.9978374953596548,0.0002
18.531944444444445,0.9979478809486455,0.0002
18.533333333333335,0.9981190248069649,0.0002
18.53472222222222,0.9981660522602605,0.0002
18.53611111111111,0.9977159720442494,0.0002
18.5375,0.9978840691294022,0.0002
18.538888888888888,0.998500642925859,0.0002
18.540277777777778,0.998204295438979,0.0002
18.541666666666668,0.9982699278171071,0.0002
18.543055555555558,0.998089782174656,0.0002
18.544444444444444,0.9983158237338692,0.0002
18.545833333333334,0.998339019606268,0.0002
18.547222222222224,0.9983087821453052,0.0002
18.54861111111111,0.9981210777977433,0.0002
18.55,0.9981997180927398,0.0002
18.55138888888889,0.9987583826314521,0.0002
18.552777777777777,0.9982056170804353,0.0002
18.554166666666667,0.9984152844667812,0.0002
18.555555555555557,0.9982068894195996,0.0002
18.556944444444444,0.9981355288451734,0.0002
18.558333333333334,0.9981057120190524,0.0002
18.559722222222224,0.9984928738932234,0.0002
18.561111111111114,0.9982701708208543,0.0002
18.5625,0.9980236238598698,0.0002
18.56388888888889,0.9981197699730224,0.0002
18.56527777777778,0.9984179484729799,0.0002
18.566666666666666,0.9976039036637593,0.0002
18.568055555555556,0.9982402920134363,0.0002
18.569444444444446,0.9982842426040087,0.0002
18.570833333333333,0.997975619787107,0.0002
18.572222222222223,0.9981441901951507,0.0002
18.573611111111113,0.998241043523424,0.0002
18.575,0.9979213212695637,0.0002
18.57638888888889,0.9983262918105245,0.0002
18.57777777777778,0.9982491085797434,0.0002
18.579166666666666,0.9981151654639445,0.0002
18.580555555555556,0.9981242989763459,0.0002
18.581944444444446,0.9982341641582475,0.0002
18.583333333333336,0.9986251701728438,0.0002
18.584722222222222,0.9982922365732775,0.0002
18.586111111111112,0.9983206449389077,0.0002
18.587500000000002,0.9982685497660359,0.0002
18.58888888888889,0.9985979001291818,0.0002
18.59027777777778,0.9980271737250016,0.0002
18.59166666666667,0.9979503381117525,0.0002
18.593055555555555,0.998283044683828,0.0002
18.594444444444445,0.9983776838508867,0.0002
18.595833333333335,0.9977201778443954,0.0002
18.59722222222222,0.9981983720610667,0.0002
18.59861111111111,0.9982825306493452,0.0002
18.6,0.9984827783520068,0.0002
18.601388888888888,0.9984416500578542,0.0002
18.602777777777778,0.9979739426298111,0.0002
18.604166666666668,0.9980939851585705,0.0002
18.605555555555558,0.9981962201872366,0.0002
18.606944444444444,0.9984296536944575,0.0002
18.608333333333334,0.9983054368476991,0.0002
18.609722222222224,0.9980958962599353,0.0002
18.61111111111111,0.9983114268263531,0.0002
18.6125,0.9980546206848108,0.0002
18.61388888888889,0.9986959424655921,0.0002
18.615277777777777,0.9984029448759982,0.0002
18.616666666666667,0.9985052533042749,0.0002
18.618055555555557,0.9985518291070464,0.0002
18.619444444444444,0.9985140974823874,0.0002
18.620833333333334,0.9983088595879863,0.0002
18.622222222222224,0.9983085522298406,0.0002
18.623611111111114,0.9985665815936269,0.0002
18.625,0.9983161276196141,0.0002
18.62638888888889,0.9981571211657925,0.0002
18.62777777777778,0.9986552907469256,0.0002
18.629166666666666,0.9980171540697211,0.0002
18.630555555555556,0.9978317438617108,0.0002
18.631944444444446,0.9983840122997819,0.0002
18.633333333333333,0.9980055074590681,0.0002
18.634722222222223,0.9982245693029212,0.0002
18.636111111111113,0.9984157996207932,0.0002
18.6375,0.9977613757787183,0.0002
18.63888888888889,0.9980757801960206,0.0002
18.64027777777778,0.9984137114458305,0.0002
18.641666666666666,0.9982503119224343,0.0002
18.643055555555556,0.998089962040005,0.0002
18.644444444444446,0.9985668735569332,0.0002
18.645833333333336,0.9981449466608734,0.0002
18.647222222222222,0.9983385930246396,0.0002
18.648611111111112,0.9985974161430422,0.0002
18.650000000000002,0.9985827405572455,0.0002
18.65138888888889,0.9986206197989617,0.0002
18.65277777777778,0.9981200383092972,0.0002
18.65416666666667,0.998513985796268,0.0002
18.655555555555555,0.9982930547663994,0.0002
18.656944444444445,0.9982162928274796,0.0002
18.658333333333335,0.9983977638910251,0.0002
18.65972222222222,0.9983529577909287,0.0002
18.66111111111111,0.9986483068304409,0.0002
18.6625,0.9984037694507258,0.0002
18.663888888888888,0.998217633325885,0.0002
18.665277777777778,0.9981501076433982,0.0002
18.666666666666668,0.9982580786555931,0.0002
18.668055555555558,0.9979475857804984,0.0002
18.669444444444444,0.9981531585700987,0.0002
18.670833333333334,0.9982796124424803,0.0002
18.672222222222224,0.9982478345260954,0.0002
18.67361111111111,0.9985636454950683,0.0002
18.675,0.998360794836069,0.0002
18.67638888888889,0.9980134144934596,0.0002
18.677777777777777,0.9981701451622865,0.0002
18.679166666666667,0.9984778664957729,0.0002
18.680555555555557,0.9983517850508256,0.0002
18.681944444444444,0.9981546944810971,0.0002
18.683333333333334,0.9987264479475909,0.0002
18.684722222222224,0.9984226684104961,0.0002
18.686111111111114,0.9982955212816982,0.0002
18.6875,0.998283398240561,0.0002
18.68888888888889,0.9982735093217144,0.0002
18.69027777777778,0.9980432197250193,0.0002
18.691666666666666,0.9985801969297445,0.0002
18.693055555555556,0.9985284129491951,0.0002
18.694444444444446,0.9978919703435194,0.0002
18.695833333333333,0.9983920989307012,0.0002
18.697222222222223,0.9984789153730279,0.0002
18.698611111111113,0.9983065920961859,0.0002
18.7,0.9987760111481429,0.0002
18.70138888888889,0.9987137335198643,0.0002
18.70277777777778,0.9982357624573023,0.0002
18.704166666666666,0.9982724024151395,0.0002
18.705555555555556,0.9982336565157921,0.0002
18.706944444444446,0.9980972287507114,0.0002
18.708333333333336,0.9980096599839625,0.0002
18.709722222222222,0.9983281231730661,0.0002
18.711111111111112,0.9986103280870846,0.0002
18.712500000000002,0.9985139388758087,0.0002
18.71388888888889,0.9983201151115954,0.0002
18.71527777777778,0.9976538694648615,0.0002
18.71666666666667,0.9978275395475821,0.0002
18.718055555555555,0.9983621036019688,0.0002
18.719444444444445,0.9985068955589741,0.0002
18.720833333333335,0.998296756063633,0.0002
18.72222222222222,0.9981369041328261,0.0002
18.72361111111111,0.9984358948529215,0.0002
18.725,0.9983009498941369,0.0002
18.726388888888888,0.9983783153432921,0.0002
18.727777777777778,0.9977566087798216,0.0002
18.729166666666668,0.9982125813211081,0.0002
18.730555555555558,0.9985205609754101,0.0002
18.731944444444444,0.9983711325572591,0.0002
18.733333333333334,0.9984687892156097,0.0002
18.734722222222224,0.9981999500249893,0.0002
18.73611111111111,0.9982677990278053,0.0002
18.7375,0.998518597865111,0.0002
18.73888888888889,0.9981967603517323,0.0002
18.740277777777777,0.9982450855049783,0.0002
18.741666666666667,0.9982806548769432,0.0002
18.743055555555557,0.9984146810798102,0.0002
18.744444444444444,0.9980616060165092,0.0002
18.745833333333334,0.9985307065244071,0.0002
18.747222222222224,0.9983832403105641,0.0002
18.748611111111114,0.9986383501812214,0.0002
18.75,0.9980853585306801,0.0002
18.75138888888889,0.9986847891600363,0.0002
18.75277777777778,0.9988946777186833,0.0002
18.754166666666666,0.9986989866894995,0.0002
18.755555555555556,0.9985445823399076,0.0002
18.756944444444446,0.9986477386808655,0.0002
18.758333333333333,0.998796953037118,0.0002
18.759722222222223,0.9986444293324318,0.0002
18.761111111111113,0.998667306364824,0.0002
18.7625,0.998855081689881,0.0002
18.76388888888889,0.9986559498648279,0.0002
18.76527777777778,0.9983084416718256,0.0002
18.766666666666666,0.9987440307624263,0.0002
18.768055555555556,0.9984622129751437,0.0002
18.769444444444446,0.9985141647484206,0.0002
18.770833333333336,0.9985450646267331,0.0002
18.772222222222222,0.9986987113171661,0.0002
18.773611111111112,0.998788834093798,0.0002
18.775000000000002,0.9983741308427444,0.0002
18.77638888888889,0.9988543689202644,0.0002
18.77777777777778,0.9986091781512006,0.0002
18.77916666666667,0.9989185095916043,0.0002
18.780555555555555,0.9986476086707433,0.0002
18.781944444444445,0.9985105156140299,0.0002
18.783333333333335,0.9989568565548194,0.0002
18.78472222222222,0.9983956463177008,0.0002
18.78611111111111,0.9983560821331063,0.0002
18.7875,0.9982970539458396,0.0002
18.788888888888888,0.9988407531730767,0.0002
18.790277777777778,0.9988443768218497,0.0002
18.791666666666668,0.9986046213975813,0.0002
18.793055555555558,0.9983680859271281,0.0002
18.794444444444444,0.9985381139319318,0.0002
18.795833333333334,0.9984832535915669,0.0002
18.797222222222224,0.9983566952610818,0.0002
18.79861111111111,0.9984835152165071,0.0002
18.8,0.9986946947298855,0.0002
18.80138888888889,0.99844333466693,0.0002
18.802777777777777,0.9985982370855031,0.0002
18.804166666666667,0.9981335698649368,0.0002
18.805555555555557,0.9987541215222583,0.0002
18.806944444444444,0.9983354987734677,0.0002
18.808333333333334,0.9986258134176127,0.0002
18.809722222222224,0.998427230852467,0.0002
18.811111111111114,0.9984831954871939,0.0002
18.8125,0.9982128433692035,0.0002
18.81388888888889,0.9982040352171915,0.0002
18.81527777777778,0.9981969897754244,0.0002
18.816666666666666,0.9984255176551172,0.0002
18.818055555555556,0.9987115971057586,0.0002
18.819444444444446,0.9984483815271384,0.0002
18.820833333333333,0.9982124627606784,0.0002
18.822222222222223,0.9983766201962843,0.0002
18.823611111111113,0.9983753325069376,0.0002
18.825,0.9982905402867261,0.0002
18.82638888888889,0.9983559687264887,0.0002
18.82777777777778,0.9984880242582802,0.0002
18.829166666666666,0.9981922112110837,0.0002
18.830555555555556,0.9982419017087163,0.0002
18.831944444444446,0.9984980850797626,0.0002
18.833333333333336,0.9983425931967744,0.0002
18.834722222222222,0.9985278238185353,0.0002
18.836111111111112,0.9985679700004229,0.0002
18.837500000000002,0.9979357203895568,0.0002
18.83888888888889,0.9983116274369964,0.0002
18.84027777777778,0.9981451401696376,0.0002
18.84166666666667,0.998015180892717,0.0002
18.843055555555555,0.998132782977419,0.0002
18.844444444444445,0.9982462378527165,0.0002
18.845833333333335,0.9983014429778138,0.0002
18.84722222222222,0.9982263443505315,0.0002
18.84861111111111,0.9983929626740412,0.0002
18.85,0.9988913721733873,0.0002
18.851388888888888,0.9980809036658824,0.0002
18.852777777777778,0.9986725301308753,0.0002
18.854166666666668,0.9984987578073454,0.0002
18.855555555555558,0.9984484702568039,0.0002
18.856944444444444,0.9981128686871117,0.0002
18.858333333333334,0.99864048707846,0.0002
18.859722222222224,0.9981981703546595,0.0002
18.86111111111111,0.9986179575342633,0.0002
18.8625,0.9987533465839773,0.0002
18.86388888888889,0.9980521484934035,0.0002
18.865277777777777,0.9984724667059941,0.0002
18.866666666666667,0.9983352976605614,0.0002
18.868055555555557,0.9978821836687092,0.0002
18.869444444444444,0.9981477081759667,0.0002
18.870833333333334,0.9984434598352285,0.0002
18.872222222222224,0.9984865175011884,0.0002
18.873611111111114,0.9980224031755358,0.0002
18.875,0.9983458645167754,0.0002
18.87638888888889,0.9985913492407218,0.0002
18.87777777777778,0.998698161003103,0.0002
18.879166666666666,0.9984290880365472,0.0002
18.880555555555556,0.9985476207108847,0.0002
18.881944444444446,0.9986314485544314,0.0002
18.883333333333333,0.9985492790825867,0.0002
18.884722222222223,0.998616151739152,0.0002
18.886111111111113,0.9985357489334975,0.0002
18.8875,0.9985037714818987,0.0002
18.88888888888889,0.9985639510681877,0.0002
18.89027777777778,0.9984281367626513,0.0002
18.891666666666666,0.9987593111185259,0.0002
18.893055555555556,0.9982338532695633,0.0002
18.894444444444446,0.998460874438006,0.0002
18.895833333333336,0.9985157814803519,0.0002
18.897222222222222,0.9985886309048406,0.0002
18.898611111111112,0.9985943274725015,0.0002
18.900000000000002,0.9988259799651763,0.0002
18.90138888888889,0.9986317726847975,0.0002
18.90277777777778,0.9984785039072042,0.0002
18.90416666666667,0.9985814918852064,0.0002
18.905555555555555,0.99851989032128,0.0002
18.906944444444445,0.9986884917250519,0.0002
18.908333333333335,0.9983466521431763,0.0002
18.90972222222222,0.9985212047074141,0.0002
18.91111111111111,0.9989003483309367,0.0002
18.9125,0.9985939499067226,0.0002
18.913888888888888,0.9983394089001508,0.0002
18.915277777777778,0.9984742468375843,0.0002
18.916666666666668,0.9980817904881738,0.0002
18.918055555555558,0.9984971516881723,0.0002
18.919444444444444,0.9988739314348749,0.0002
18.920833333333334,0.9982269443375069,0.0002
18.922222222222224,0.9982456054664884,0.0002
18.92361111111111,0.9984130246947879,0.0002
18.925,0.9987564509554983,0.0002
18.92638888888889,0.9989468635375505,0.0002
18.927777777777777,0.9986639128499348,0.0002
18.929166666666667,0.9982760234744902,0.0002
18.930555555555557,0.9984823338320097,0.0002
18.931944444444444,0.998834089855007,0.0002
18.933333333333334,0.9984466367114015,0.0002
18.934722222222224,0.9985109627531092,0.0002
18.936111111111114,0.998559424120238,0.0002
18.9375,0.9980947733470098,0.0002
18.93888888888889,0.9985866794427465,0.0002
18.94027777777778,0.9986118489543357,0.0002
18.941666666666666,0.998035308142461,0.0002
18.943055555555556,0.9981307744257129,0.0002
18.944444444444446,0.9981737330108155,0.0002
18.945833333333333,0.9983799207153945,0.0002
18.947222222222223,0.9980346760488065,0.0002
18.948611111111113,0.9983142538904198,0.0002
18.95,0.9981718601803479,0.0002
18.95138888888889,0.9982020803231204,0.0002
18.95277777777778,0.9981814642788984,0.0002
18.954166666666666,0.9980632116533477,0.0002
18.955555555555556,0.998060177611754,0.0002
18.956944444444446,0.9981584531447489,0.0002
18.958333333333336,0.9980781081101225,0.0002
18.959722222222222,0.9979649150454777,0.0002
18.961111111111112,0.9979201926794715,0.0002
18.962500000000002,0.9983288681787412,0.0002
18.96388888888889,0.9977737311411299,0.0002
18.96527777777778,0.9981293953332675,0.0002
18.96666666666667,0.9977460927063233,0.0002
18.968055555555555,0.9980731414644686,0.0002
18.969444444444445,0.998308764756552,0.0002
18.970833333333335,0.9978145662839155,0.0002
18.97222222222222,0.9977522116843308,0.0002
18.97361111111111,0.9977885725754597,0.0002
18.975,0.9978675486703701,0.0002
18.976388888888888,0.9979271174619354,0.0002
18.977777777777778,0.9978255947775527,0.0002
18.979166666666668,0.9976128892569924,0.0002
18.980555555555558,0.9981418782738805,0.0002
18.981944444444444,0.9977269815494457,0.0002
18.983333333333334,0.997576349993619,0.0002
18.984722222222224,0.9978891273081617,0.0002
18.98611111111111,0.9978729542930312,0.0002
18.9875,0.9979681089229938,0.0002
18.98888888888889,0.9980371899774605,0.0002
18.990277777777777,0.9977464603313706,0.0002
18.991666666666667,0.9975841318616204,0.0002
18.993055555555557,0.9972123749734684,0.0002
18.994444444444444,0.9974580111709009,0.0002
18.995833333333334,0.997680220672239,0.0002
18.997222222222224,0.997396682735502,0.0002
18.998611111111114,0.9973485415965772,0.0002
19.0,0.9976493480603972,0.0002
19.00138888888889,0.9977712652061956,0.0002
19.00277777777778,0.997581671941223,0.0002
19.004166666666666,0.9977410839336696,0.0002
19.005555555555556,0.9976962609840221,0.0002
19.006944444444446,0.9977694290625873,0.0002
19.008333333333333,0.9980144466763825,0.0002
19.009722222222223,0.9981286304136828,0.0002
19.011111111111113,0.9977721845446932,0.0002
19.0125,0.9974616488559206,0.0002
19.01388888888889,0.9975624001526245,0.0002
19.01527777777778,0.9978120956890485,0.0002
19.016666666666666,0.9973182758933443,0.0002
19.018055555555556,0.9976819585506346,0.0002
19.019444444444446,0.9972893356774565,0.0002
19.020833333333336,0.9974242437466978,0.0002
19.022222222222222,0.9972353352703712,0.0002
19.023611111111112,0.9971171869422633,0.0002
19.025000000000002,0.9972859079007986,0.0002
19.02638888888889,0.9975540301218695,0.0002
19.02777777777778,0.9971634221277684,0.0002
19.02916666666667,0.9976118854497852,0.0002
19.030555555555555,0.9972466392915939,0.0002
19.031944444444445,0.9971403585943542,0.0002
19.033333333333335,0.9974086357411784,0.0002
19.03472222222222,0.9974315840815462,0.0002
19.03611111111111,0.9973181791544501,0.0002
19.0375,0.9973200876039009,0.0002
19.038888888888888,0.9975947320299602,0.0002
19.040277777777778,0.9972722238988707,0.0002
19.041666666666668,0.997175348847006,0.0002
19.043055555555558,0.9971132260603831,0.0002
19.044444444444444,0.9976023937714984,0.0002
19.045833333333334,0.9973159713099711,0.0002
19.047222222222224,0.997365054800342,0.0002
19.04861111111111,0.9976917227847998,0.0002
19.05,0.9978655188971537,0.0002
19.05138888888889,0.9974966911139659,0.0002
19.052777777777777,0.9974109538508624,0.0002
19.054166666666667,0.9974633369431828,0.0002
19.055555555555557,0.997410693527988,0.0002
19.056944444444444,0.9974374947046687,0.0002
19.058333333333334,0.9974797261971478,0.0002
19.059722222222224,0.9977073972414361,0.0002
19.061111111111114,0.9975491653776872,0.0002
19.0625,0.997886142614583,0.0002
19.06388888888889,0.9976230451235112,0.0002
19.06527777777778,0.9975801067162194,0.0002
19.066666666666666,0.9979427247039873,0.0002
19.068055555555556,0.997651734132854,0.0002
19.069444444444446,0.9976322780407346,0.0002
19.070833333333333,0.9976790744218589,0.0002
19.072222222222223,0.9979060997911026,0.0002
19.073611111111113,0.997696747073237,0.0002
19.075,0.9978295354091343,0.0002
19.07638888888889,0.9975143068208996,0.0002
19.07777777777778,0.9977820556920318,0.0002
19.079166666666666,0.997579493632755,0.0002
19.080555555555556,0.9971239234832489,0.0002
19.081944444444446,0.9960094628738947,0.0002
19.083333333333336,0.9941514806593411,0.0002
19.084722222222222,0.992790291279371,0.0002
19.086111111111112,0.9913544873190305,0.0002
19.087500000000002,0.9901654900700617,0.0002
19.08888888888889,0.9896124395273681,0.0002
19.09027777777778,0.9889763444627987,0.0002
19.09166666666667,0.9889343147515111,0.0002
19.093055555555555,0.9883086686347219,0.0002
19.094444444444445,0.9879192365064384,0.0002
19.095833333333335,0.9879248408317994,0.0002
19.09722222222222,0.9881040985775971,0.0002
19.09861111111111,0.9874933211261944,0.0002
19.1,0.9873262001145897,0.0002
19.101388888888888,0.9872119102160224,0.0002
19.102777777777778,0.9876209381250683,0.0002
19.104166666666668,0.9872081709012702,0.0002
19.105555555555558,0.9874545252041557,0.0002
19.106944444444444,0.9871754293162303,0.0002
19.108333333333334,0.9870161607008768,0.0002
19.109722222222224,0.9870202709354577,0.0002
19.11111111111111,0.9872963054550487,0.0002
19.1125,0.987121993723941,0.0002
19.11388888888889,0.9872009193048087,0.0002
19.115277777777777,0.9872216012298697,0.0002
19.116666666666667,0.9872011996418538,0.0002
19.118055555555557,0.9872094402539374,0.0002
19.119444444444444,0.9871065124825564,0.0002
19.120833333333334,0.9868402705686017,0.0002
19.122222222222224,0.9871301714021173,0.0002
19.123611111111114,0.987198956972511,0.0002
19.125,0.9869559365473229,0.0002
19.12638888888889,0.9869406093155487,0.0002
19.12777777777778,0.9874511953450149,0.0002
19.129166666666666,0.9866957458481815,0.0002
19.130555555555556,0.9870421789876127,0.0002
19.131944444444446,0.9871436174204518,0.0002
19.133333333333333,0.9869004849919106,0.0002
19.134722222222223,0.9869737286439536,0.0002
19.136111111111113,0.9869507381351564,0.0002
19.1375,0.9870864675026965,0.0002
19.13888888888889,0.987271237195221,0.0002
19.14027777777778,0.9871325433807215,0.0002
19.141666666666666,0.9878414699882387,0.0002
19.143055555555556,0.9871704607201836,0.0002
19.144444444444446,0.987571846522014,0.0002
19.145833333333336,0.9874740270632066,0.0002
19.147222222222222,0.9875608015457923,0.0002
19.148611111111112,0.9879305014244262,0.0002
19.150000000000002,0.9873769779794623,0.0002
19.15138888888889,0.9879499926476079,0.0002
19.15277777777778,0.9878431805676916,0.0002
19.15416666666667,0.9880743214844562,0.0002
19.155555555555555,0.9882231993908258,0.0002
19.156944444444445,0.9883996885984636,0.0002
19.158333333333335,0.9884874290223291,0.0002
19.15972222222222,0.9892625492170035,0.0002
19.16111111111111,0.9895072730591791,0.0002
19.1625,0.9902360024786325,0.0002
19.163888888888888,0.9919483023270566,0.0002
19.165277777777778,0.9934975710853763,0.0002
19.166666666666668,0.995021392772033,0.0002
19.168055555555558,0.9970430846081778,0.0002
19.169444444444444,0.9976629636762703,0.0002
19.170833333333334,0.9983821835263925,0.0002
19.172222222222224,0.9977421227015284,0.0002
19.17361111111111,0.9978013247501524,0.0002
19.175,0.9974684704470522,0.0002
19.17638888888889,0.9976882023636736,0.0002
19.177777777777777,0.9975650832964533,0.0002
19.179166666666667,0.998309294287636,0.0002
19.180555555555557,0.9975967928266941,0.0002
19.181944444444444,0.9977814523928399,0.0002
19.183333333333334,0.9975862388933883,0.0002
19.184722222222224,0.998001312981968,0.0002
19.186111111111114,0.9977775190276291,0.0002
19.1875,0.9981668104030837,0.0002
19.18888888888889,0.9976053755001569,0.0002
19.19027777777778,0.9978874268064202,0.0002
19.191666666666666,0.9975175761914928,0.0002
19.193055555555556,0.9977877830262418,0.0002
19.194444444444446,0.9978374081894765,0.0002
19.195833333333333,0.997678583503178,0.0002
19.197222222222223,0.9976893463779629,0.0002
19.198611111111113,0.9979859507502502,0.0002
19.2,0.9982526158435019,0.0002
19.20138888888889,0.9979608322755715,0.0002
19.20277777777778,0.9977304092923525,0.0002
19.204166666666666,0.9978746983092912,0.0002
19.205555555555556,0.9977090542428251,0.0002
19.206944444444446,0.997990164590687,0.0002
19.208333333333336,0.9978312118106878,0.0002
19.209722222222222,0.9974986674164864,0.0002
19.211111111111112,0.9980985936515188,0.0002
19.212500000000002,0.9980028956386963,0.0002
19.21388888888889,0.998134822914054,0.0002
19.21527777777778,0.9977925169140707,0.0002
19.21666666666667,0.9980034755925269,0.0002
19.218055555555555,0.9976116134196228,0.0002
19.219444444444445,0.9978003609063679,0.0002
19.220833333333335,0.997832601852365,0.0002
19.22222222222222,0.9976509211960606,0.0002
19.22361111111111,0.9978664900777003,0.0002
19.225,0.9977095284446915,0.0002
19.226388888888888,0.997573309000341,0.0002
19.227777777777778,0.9979803913733394,0.0002
19.229166666666668,0.99766182527732,0.0002
19.230555555555558,0.997743018707027,0.0002
19.231944444444444,0.9974074695164648,0.0002
19.233333333333334,0.9977574299217675,0.0002
19.234722222222224,0.9975585207062748,0.0002
19.23611111111111,0.9978488047276954,0.0002
19.2375,0.9974242934890422,0.0002
19.23888888888889,0.9978055163018531,0.0002
19.240277777777777,0.9972879393856131,0.0002
19.241666666666667,0.997898541475827,0.0002
19.243055555555557,0.997724328080959,0.0002
19.244444444444444,0.9977743012887855,0.0002
19.245833333333334,0.9975972346111532,0.0002
19.247222222222224,0.9975342309475578,0.0002
19.248611111111114,0.9976609200295187,0.0002
19.25,0.9977295647985001,0.0002
19.25138888888889,0.9978892645593066,0.0002
19.25277777777778,0.9978681718359791,0.0002
19.254166666666666,0.9976079236499455,0.0002
19.255555555555556,0.9981211446452607,0.0002
19.256944444444446,0.9978703650546166,0.0002
19.258333333333333,0.9976300688196341,0.0002
19.259722222222223,0.9979436179080894,0.0002
19.261111111111113,0.9978829800313053,0.0002
19.2625,0.9978762312852836,0.0002
19.26388888888889,0.9978452888814242,0.0002
19.26527777777778,0.9981739252613284,0.0002
19.266666666666666,0.9982899226798768,0.0002
19.268055555555556,0.997538963428383,0.0002
19.269444444444446,0.9982299450392474,0.0002
19.270833333333336,0.9980189695756987,0.0002
19.272222222222222,0.9981134716020171,0.0002
19.273611111111112,0.998315112253961,0.0002
19.275000000000002,0.9975185970517116,0.0002
19.27638888888889,0.9982703871795314,0.0002
19.27777777777778,0.9983326217851544,0.0002
19.27916666666667,0.9979654162590483,0.0002
19.280555555555555,0.9978152260379597,0.0002
19.281944444444445,0.9984322792528576,0.0002
19.283333333333335,0.9977577508598142,0.0002
19.28472222222222,0.9981576627013634,0.0002
19.28611111111111,0.9982675496950224,0.0002
19.2875,0.9981497581027909,0.0002
19.288888888888888,0.9981795703261139,0.0002
19.290277777777778,0.9980863033849924,0.0002
19.291666666666668,0.9982787999613263,0.0002
19.293055555555558,0.9980586342809309,0.0002
19.294444444444444,0.9980505474613515,0.0002
19.295833333333334,0.9981366915951523,0.0002
19.297222222222224,0.9979125502880689,0.0002
19.29861111111111,0.998290666642051,0.0002
19.3,0.9976851512907299,0.0002
19.30138888888889,0.9982711750214704,0.0002
19.302777777777777,0.998276613474657,0.0002
19.304166666666667,0.9979814414346182,0.0002
19.305555555555557,0.9978585958591235,0.0002
19.306944444444444,0.9979996934207838,0.0002
19.308333333333334,0.9981777746117859,0.0002
19.309722222222224,0.9981804694663406,0.0002
19.311111111111114,0.9978894807572327,0.0002
19.3125,0.9981098949613214,0.0002
19.31388888888889,0.9981469155438751,0.0002
19.31527777777778,0.998169800983199,0.0002
19.316666666666666,0.9979137101227523,0.0002
19.318055555555556,0.9981842033506579,0.0002
19.319444444444446,0.9982794604536362,0.0002
19.320833333333333,0.9982576351921137,0.0002
19.322222222222223,0.9982329864801415,0.0002
19.323611111111113,0.9984778920275281,0.0002
19.325,0.998152146010561,0.0002
19.32638888888889,0.9978950463291816,0.0002
19.32777777777778,0.9978205209159358,0.0002
19.329166666666666,0.9979895980870099,0.0002
19.330555555555556,0.9976946480807667,0.0002
19.331944444444446,0.9978770281490341,0.0002
19.333333333333336,0.9979623529862002,0.0002
19.334722222222222,0.9980632500005369,0.0002
19.336111111111112,0.9975036620085961,0.0002
19.337500000000002,0.9978175265438721,0.0002
19.33888888888889,0.9977792013717763,0.0002
19.34027777777778,0.9978484922352243,0.0002
19.34166666666667,0.9979273107123076,0.0002
19.343055555555555,0.9979851519090719,0.0002
19.344444444444445,0.9981967073835654,0.0002
19.345833333333335,0.9981289719433466,0.0002
19.34722222222222,0.9983416855734083,0.0002
19.34861111111111,0.997891160464374,0.0002
19.35,0.9978513923765433,0.0002
19.351388888888888,0.9977503855479356,0.0002
19.352777777777778,0.9979130657635638,0.0002
19.354166666666668,0.9982083677462416,0.0002
19.355555555555558,0.9982884713069997,0.0002
19.356944444444444,0.9982319468995545,0.0002
19.358333333333334,0.9979603838719102,0.0002
19.359722222222224,0.9979484153386979,0.0002
19.36111111111111,0.998403693355184,0.0002
19.3625,0.9979140831426441,0.0002
19.36388888888889,0.99839868937933,0.0002
19.365277777777777,0.9981814273440731,0.0002
19.366666666666667,0.9980144039831393,0.0002
19.368055555555557,0.9978961123300465,0.0002
19.369444444444444,0.9979122101477292,0.0002
19.370833333333334,0.9981803922118696,0.0002
19.372222222222224,0.9978574766497347,0.0002
19.373611111111114,0.9983422579764826,0.0002
19.375,0.9980001210087118,0.0002
19.37638888888889,0.9982002787413135,0.0002
19.37777777777778,0.9982237445914036,0.0002
19.379166666666666,0.9984515680298978,0.0002
19.380555555555556,0.9980655538822261,0.0002
19.381944444444446,0.9981391348691315,0.0002
19.383333333333333,0.997851937860577,0.0002
19.384722222222223,0.9980850081813091,0.0002
19.386111111111113,0.9983645617667107,0.0002
19.3875,0.9981173130802183,0.0002
19.38888888888889,0.9985210352958459,0.0002
19.39027777777778,0.9981031578393702,0.0002
19.391666666666666,0.9978587397845871,0.0002
19.393055555555556,0.9980595290616415,0.0002
19.394444444444446,0.9976525086911852,0.0002
19.395833333333336,0.9978385579153045,0.0002
19.397222222222222,0.997766232905995,0.0002
19.398611111111112,0.9979926542252694,0.0002
19.400000000000002,0.9979721622729094,0.0002
19.40138888888889,0.9982818804024625,0.0002
19.40277777777778,0.9980634260642474,0.0002
19.40416666666667,0.9978316574754701,0.0002
19.405555555555555,0.9983138756334691,0.0002
19.406944444444445,0.9974356747866319,0.0002
19.408333333333335,0.9980493355534605,0.0002
19.40972222222222,0.9980381383342795,0.0002
19.41111111111111,0.9980276724124097,0.0002
19.4125,0.9980900070027092,0.0002
19.413888888888888,0.9980725545204788,0.0002
19.415277777777778,0.9981754111912327,0.0002
19.416666666666668,0.997904273024669,0.0002
19.418055555555558,0.9977096773261664,0.0002
19.419444444444444,0.997968205545138,0.0002
19.420833333333334,0.9977804030555482,0.0002
19.422222222222224,0.9978316272748785,0.0002
19.42361111111111,0.9981582926190024,0.0002
19.425,0.9981749316908124,0.0002
19.42638888888889,0.9981179158947058,0.0002
19.427777777777777,0.9980948897445355,0.0002
19.429166666666667,0.9979211900710516,0.0002
19.430555555555557,0.9981256106772729,0.0002
19.431944444444444,0.9979663641187158,0.0002
19.433333333333334,0.9982941087384491,0.0002
19.434722222222224,0.9978377998593168,0.0002
19.436111111111114,0.9982104565652418,0.0002
19.4375,0.9978108059936921,0.0002
19.43888888888889,0.9981763475004151,0.0002
19.44027777777778,0.9975672330801209,0.0002
19.441666666666666,0.9977180802654269,0.0002
19.443055555555556,0.9977411030787513,0.0002
19.444444444444446,0.9980241645594983,0.0002
19.445833333333333,0.9979802479656494,0.0002
19.447222222222223,0.9983476881064883,0.0002
19.448611111111113,0.9978606050305444,0.0002
19.45,0.99803027597089,0.0002
19.45138888888889,0.9979404846616282,0.0002
19.45277777777778,0.9980510030704126,0.0002
19.454166666666666,0.9979870381207749,0.0002
19.455555555555556,0.9981960386249835,0.0002
19.456944444444446,0.9978043377196149,0.0002
19.458333333333336,0.9974309381088209,0.0002
19.459722222222222,0.9979485490572296,0.0002
19.461111111111112,0.9974884146777391,0.0002
19.462500000000002,0.998162037158366,0.0002
19.46388888888889,0.9978768520038716,0.0002
19.46527777777778,0.9977722658562693,0.0002
19.46666666666667,0.998493044018881,0.0002
19.468055555555555,0.997860986447776,0.0002
19.469444444444445,0.9978630506160031,0.0002
19.470833333333335,0.9980305296795332,0.0002
19.47222222222222,0.9981800058822098,0.0002
19.47361111111111,0.9982119150716565,0.0002
19.475,0.997814498092765,0.0002
19.476388888888888,0.9982233525624636,0.0002
19.477777777777778,0.9980114431851447,0.0002
19.479166666666668,0.9978973613865503,0.0002
19.480555555555558,0.9981272780038353,0.0002
19.481944444444444,0.9977459993181587,0.0002
19.483333333333334,0.998331949215511,0.0002
19.484722222222224,0.9981273198952602,0.0002
19.48611111111111,0.9981180074670063,0.0002
19.4875,0.9981860470847769,0.0002
19.48888888888889,0.9981272902986782,0.0002
19.490277777777777,0.9983862773581531,0.0002
19.491666666666667,0.9979478852182618,0.0002
19.493055555555557,0.9980058252291475,0.0002
19.494444444444444,0.9980475654797727,0.0002
19.495833333333334,0.9978743113273321,0.0002
19.497222222222224,0.9980609221904849,0.0002
19.498611111111114,0.997870001028613,0.0002
19.5,0.9977206076802452,0.0002
19.50138888888889,0.9981957105671614,0.0002
19.50277777777778,0.9984108485978328,0.0002
19.504166666666666,0.99815923434958,0.0002
19.505555555555556,0.9981243733257024,0.0002
19.506944444444446,0.9980354814967993,0.0002
19.508333333333333,0.9979887651637526,0.0002
19.509722222222223,0.9982968229490321,0.0002
19.511111111111113,0.9980671956241405,0.0002
19.5125,0.9975655106250776,0.0002
19.51388888888889,0.9982452753134051,0.0002
19.51527777777778,0.9982457819446893,0.0002
19.516666666666666,0.9982187990293585,0.0002
19.518055555555556,0.9976206601379617,0.0002
19.519444444444446,0.9982508500198324,0.0002
19.520833333333336,0.9983375752684306,0.0002
19.522222222222222,0.9981811732523298,0.0002
19.523611111111112,0.9980646674541169,0.0002
19.525000000000002,0.9982324913613491,0.0002
19.52638888888889,0.9980505240945787,0.0002
19.52777777777778,0.9982419797771123,0.0002
19.52916666666667,0.9980246474003693,0.0002
19.530555555555555,0.9980271199784142,0.0002
19.531944444444445,0.9981223070377939,0.0002
19.533333333333335,0.9978076129318773,0.0002
19.53472222222222,0.9976689188989254,0.0002
19.53611111111111,0.9979448073364634,0.0002
19.5375,0.9980619146189725,0.0002
19.538888888888888,0.9980937381325634,0.0002
19.540277777777778,0.9979977843466994,0.0002
19.541666666666668,0.9978423611477218,0.0002
19.543055555555558,0.9977892263360242,0.0002
19.544444444444444,0.9976537235946179,0.0002
19.545833333333334,0.9977448777624629,0.0002
19.547222222222224,0.9973020742155178,0.0002
19.54861111111111,0.9975920846218872,0.0002
19.55,0.9981476861557733,0.0002
19.55138888888889,0.9972229399992938,0.0002
19.552777777777777,0.9975647003789687,0.0002
19.554166666666667,0.9975987959810829,0.0002
19.555555555555557,0.9977270643555413,0.0002
19.556944444444444,0.9973557628429071,0.0002
19.558333333333334,0.9976607119965458,0.0002
19.559722222222224,0.9974597641908619,0.0002
19.561111111111114,0.9972352476850243,0.0002
19.5625,0.9977166500184931,0.0002
19.56388888888889,0.9976954453908401,0.0002
19.56527777777778,0.9973747413326026,0.0002
19.566666666666666,0.9975235971398829,0.0002
19.568055555555556,0.9974180756474424,0.0002
19.569444444444446,0.9971680689466345,0.0002
19.570833333333333,0.9977177416564873,0.0002
19.572222222222223,0.9977679848081944,0.0002
19.573611111111113,0.9975672515257822,0.0002
19.575,0.9976855188456829,0.0002
19.57638888888889,0.9976276939668547,0.0002
19.57777777777778,0.9976910474854277,0.0002
19.579166666666666,0.9974223249949278,0.0002
19.580555555555556,0.9977605296507798,0.0002
19.581944444444446,0.9975488009788149,0.0002
19.583333333333336,0.997930163196266,0.0002
19.584722222222222,0.9974818706390721,0.0002
19.586111111111112,0.9974532904555616,0.0002
19.587500000000002,0.9976759135396608,0.0002
19.58888888888889,0.997725655537509,0.0002
19.59027777777778,0.9977825582497936,0.0002
19.59166666666667,0.9975570127668364,0.0002
19.593055555555555,0.9978457329290723,0.0002
19.594444444444445,0.9979084535767359,0.0002
19.595833333333335,0.9980454130204448,0.0002
19.59722222222222,0.9978433512365449,0.0002
19.59861111111111,0.9977110700624421,0.0002
19.6,0.9975459175910336,0.0002
19.601388888888888,0.997495029395036,0.0002
19.602777777777778,0.9978683708580827,0.0002
19.604166666666668,0.9979147959728794,0.0002
19.605555555555558,0.9974772629435836,0.0002
19.606944444444444,0.9977183574439484,0.0002
19.608333333333334,0.9975427812524965,0.0002
19.609722222222224,0.9976770843879478,0.0002
19.61111111111111,0.9976269453416192,0.0002
19.6125,0.9969264425492617,0.0002
19.61388888888889,0.997606780703899,0.0002
19.615277777777777,0.9974418518335744,0.0002
19.616666666666667,0.9972745570611794,0.0002
19.618055555555557,0.9972212994651573,0.0002
19.619444444444444,0.9972996526947905,0.0002
19.620833333333334,0.9972109850382762,0.0002
19.622222222222224,0.9971232014510684,0.0002
19.623611111111114,0.9972078285221333,0.0002
19.625,0.9971866225410826,0.0002
19.62638888888889,0.9976536649750972,0.0002
19.62777777777778,0.9973122192571308,0.0002
19.629166666666666,0.9977183281788682,0.0002
19.630555555555556,0.9973387816146378,0.0002
19.631944444444446,0.9973481806824198,0.0002
19.633333333333333,0.9969712342555519,0.0002
19.634722222222223,0.997144400134275,0.0002
19.636111111111113,0.9973147836939529,0.0002
19.6375,0.9971517678243048,0.0002
19.63888888888889,0.9971873886373696,0.0002
19.64027777777778,0.9973057651048012,0.0002
19.641666666666666,0.9973677135328648,0.0002
19.643055555555556,0.9970535487305737,0.0002
19.644444444444446,0.9974156940376665,0.0002
19.645833333333336,0.9975328228600786,0.0002
19.647222222222222,0.9972858567353837,0.0002
19.648611111111112,0.9972529307304524,0.0002
19.650000000000002,0.9975588416220597,0.0002
19.65138888888889,0.9969859743654219,0.0002
19.65277777777778,0.9974008958847381,0.0002
19.65416666666667,0.9977493226127531,0.0002
19.655555555555555,0.9968778135914219,0.0002
19.656944444444445,0.9976038514611355,0.0002
19.658333333333335,0.9975679731718107,0.0002
19.65972222222222,0.9970932184338677,0.0002
19.66111111111111,0.9974984161878738,0.0002
19.6625,0.997605420021902,0.0002
19.66388888888889,0.9971875995281233,0.0002
19.665277777777778,0.9973089340135401,0.0002
19.666666666666668,0.997525045799367,0.0002
19.668055555555558,0.99773539335941,0.0002
19.669444444444444,0.9974338192651634,0.0002
19.670833333333334,0.9975871476623982,0.0002
19.672222222222224,0.9975660429087932,0.0002
19.67361111111111,0.9977467556192936,0.0002
19.675,0.9979616347377169,0.0002
19.67638888888889,0.9977942564828877,0.0002
19.677777777777777,0.9977143000611802,0.0002
19.679166666666667,0.9977811104703598,0.0002
19.680555555555557,0.9977273638949866,0.0002
19.681944444444444,0.9976554068407885,0.0002
19.683333333333334,0.9981486638152215,0.0002
19.684722222222224,0.9982307472069636,0.0002
19.686111111111114,0.9974783175801052,0.0002
19.6875,0.997945453587782,0.0002
19.68888888888889,0.9979768682180755,0.0002
19.69027777777778,0.9975901170040337,0.0002
19.691666666666666,0.997743272564281,0.0002
19.693055555555556,0.9976765770756273,0.0002
19.694444444444446,0.9982403241502543,0.0002
19.695833333333333,0.9982413613568359,0.0002
19.697222222222223,0.9977999793612328,0.0002
19.698611111111113,0.9977041115240031,0.0002
19.7,0.9981498535131039,0.0002
19.70138888888889,0.9981370810946525,0.0002
19.70277777777778,0.9982516509998297,0.0002
19.704166666666666,0.9977978967820742,0.0002
19.705555555555556,0.9981473244104804,0.0002
19.706944444444446,0.9977905175088653,0.0002
19.708333333333336,0.9980682731594066,0.0002
19.709722222222222,0.9979170457566225,0.0002
19.711111111111112,0.9982944855165056,0.0002
19.712500000000002,0.998021406596911,0.0002
19.71388888888889,0.9979281556970344,0.0002
19.71527777777778,0.9979807392285511,0.0002
19.71666666666667,0.9979186380956782,0.0002
19.718055555555555,0.9976738955793635,0.0002
19.719444444444445,0.998252847444598,0.0002
19.720833333333335,0.998161467873058,0.0002
19.72222222222222,0.9977984975939643,0.0002
19.72361111111111,0.9980014721620064,0.0002
19.725,0.9982873945990359,0.0002
19.72638888888889,0.9980772430498216,0.0002
19.727777777777778,0.9978284463604354,0.0002
19.729166666666668,0.9979164062092838,0.0002
19.730555555555558,0.9975503232356208,0.0002
19.731944444444444,0.9981056191780299,0.0002
19.733333333333334,0.9982151015778845,0.0002
19.734722222222224,0.998210275444388,0.0002
19.73611111111111,0.9981178265964868,0.0002
19.7375,0.9980478479382165,0.0002
19.73888888888889,0.9978036259124132,0.0002
19.740277777777777,0.9980766022729591,0.0002
19.741666666666667,0.997871850060482,0.0002
19.743055555555557,0.9980117003795167,0.0002
19.744444444444444,0.9977789170797949,0.0002
19.745833333333334,0.9980193598484011,0.0002
19.747222222222224,0.9982166861277729,0.0002
19.748611111111114,0.9980504199467276,0.0002
19.75,0.9980257536961493,0.0002
19.75138888888889,0.9981902935272241,0.0002
19.75277777777778,0.9983720247677872,0.0002
19.754166666666666,0.9980048859271584,0.0002
19.755555555555556,0.9981251582658787,0.0002
19.756944444444446,0.9984009420619075,0.0002
19.758333333333333,0.9982008848587769,0.0002
19.759722222222223,0.997652721717373,0.0002
19.761111111111113,0.9978545112599282,0.0002
19.7625,0.9981819331023201,0.0002
19.76388888888889,0.9979260359831449,0.0002
19.76527777777778,0.9982736152257494,0.0002
19.766666666666666,0.998334472135264,0.0002
19.768055555555556,0.997848643376878,0.0002
19.769444444444446,0.9977040571135574,0.0002
19.770833333333336,0.9977369223155277,0.0002
19.772222222222222,0.9977472757791066,0.0002
19.773611111111112,0.9980428328513151,0.0002
19.775000000000002,0.9975685732486089,0.0002
19.77638888888889,0.9979962760012957,0.0002
19.77777777777778,0.9981188596892057,0.0002
19.77916666666667,0.9980654350969894,0.0002
19.780555555555555,0.9979887464332288,0.0002
19.781944444444445,0.9979429626094539,0.0002
19.783333333333335,0.9983253186875762,0.0002
19.78472222222222,0.9977995019163471,0.0002
19.78611111111111,0.998035559109993,0.0002
19.7875,0.9978930916980835,0.0002
19.78888888888889,0.9975818708216689,0.0002
19.790277777777778,0.9978737159166119,0.0002
19.791666666666668,0.9979123556360762,0.0002
19.793055555555558,0.99796020050615,0.0002
19.794444444444444,0.9978538414449681,0.0002
19.795833333333334,0.9982318397817869,0.0002
19.797222222222224,0.9982313686146603,0.0002
19.79861111111111,0.998069421345432,0.0002
19.8,0.9981033767620677,0.0002
19.80138888888889,0.9979249957761199,0.0002
19.802777777777777,0.9981675005844376,0.0002
19.804166666666667,0.9984395426043231,0.0002
19.805555555555557,0.9984471390773024,0.0002
19.806944444444444,0.9980678594187116,0.0002
19.808333333333334,0.9985121123648181,0.0002
19.809722222222224,0.9980722479109985,0.0002
19.811111111111114,0.9979554632080758,0.0002
19.8125,0.9978842177596968,0.0002
19.81388888888889,0.9979586552737962,0.0002
19.81527777777778,0.998222830184021,0.0002
19.816666666666666,0.9980784305879483,0.0002
19.818055555555556,0.9979933494558135,0.0002
19.819444444444446,0.9979299593268196,0.0002
19.820833333333333,0.9979825986016305,0.0002
19.822222222222223,0.9980642929362038,0.0002
19.823611111111113,0.9984019648827662,0.0002
19.825,0.9986533093680755,0.0002
19.82638888888889,0.9986467118411575,0.0002
19.82777777777778,0.9984132403464553,0.0002
19.829166666666666,0.9982191176230174,0.0002
19.830555555555556,0.9980948924000003,0.0002
19.831944444444446,0.9983696868362706,0.0002
19.833333333333336,0.9981438488932536,0.0002
19.834722222222222,0.9982856985833098,0.0002
19.836111111111112,0.9986071209480851,0.0002
19.837500000000002,0.9982616968964151,0.0002
19.83888888888889,0.998669083731643,0.0002
19.84027777777778,0.9980375704854618,0.0002
19.84166666666667,0.9983669916382866,0.0002
19.843055555555555,0.9983429420735891,0.0002
19.844444444444445,0.9980909223132253,0.0002
19.845833333333335,0.9985326392979176,0.0002
19.84722222222222,0.9986871032029552,0.0002
19.84861111111111,0.9987987487384619,0.0002
19.85,0.9983541193336013,0.0002
19.85138888888889,0.9978272050371543,0.0002
19.852777777777778,0.9982821423637702,0.0002
19.854166666666668,0.9983310300460949,0.0002
19.855555555555558,0.9981110874422351,0.0002
19.856944444444444,0.9982180247666448,0.0002
19.858333333333334,0.9980532176402321,0.0002
19.859722222222224,0.9980822892385668,0.0002
19.86111111111111,0.9983413577700601,0.0002
19.8625,0.9984790165787931,0.0002
19.86388888888889,0.9978973792659128,0.0002
19.865277777777777,0.9980612336344704,0.0002
19.866666666666667,0.9977597262036457,0.0002
19.868055555555557,0.9983786842591996,0.0002
19.869444444444444,0.9981592287816241,0.0002
19.870833333333334,0.9976375941667814,0.0002
19.872222222222224,0.997990261433426,0.0002
19.873611111111114,0.9979101597176285,0.0002
19.875,0.9978182515681205,0.0002
19.87638888888889,0.9981793269129549,0.0002
19.87777777777778,0.9981398595655189,0.0002
19.879166666666666,0.9980826645209067,0.0002
19.880555555555556,0.9978892467817281,0.0002
19.881944444444446,0.9978970284616174,0.0002
19.883333333333333,0.9980150437709461,0.0002
19.884722222222223,0.9979358311789586,0.0002
19.886111111111113,0.998083362051663,0.0002
19.8875,0.9982729470868078,0.0002
19.88888888888889,0.9978206917571242,0.0002
19.89027777777778,0.9980268599053215,0.0002
19.891666666666666,0.9981976848387728,0.0002
19.893055555555556,0.9985627945158292,0.0002
19.894444444444446,0.9984154096458182,0.0002
19.895833333333336,0.9982379025926631,0.0002
19.897222222222222,0.9983625958548425,0.0002
19.898611111111112,0.9983061939308528,0.0002
19.900000000000002,0.9986141625504741,0.0002
19.90138888888889,0.9984952699059533,0.0002
19.90277777777778,0.9986601371172837,0.0002
19.90416666666667,0.9980217974190179,0.0002
19.905555555555555,0.9980588905802509,0.0002
19.906944444444445,0.9982578759026355,0.0002
19.908333333333335,0.9982522510393556,0.0002
19.90972222222222,0.9986716223384307,0.0002
19.91111111111111,0.9977710622066476,0.0002
19.9125,0.9981039848030933,0.0002
19.91388888888889,0.9980748063285295,0.0002
19.915277777777778,0.9981938183430742,0.0002
19.916666666666668,0.9984660050151131,0.0002
19.918055555555558,0.998316123396597,0.0002
19.919444444444444,0.9978298565737109,0.0002
19.920833333333334,0.9984994870534755,0.0002
19.922222222222224,0.9985335421208369,0.0002
19.92361111111111,0.9982842766153404,0.0002
19.925,0.9978315201595632,0.0002
19.92638888888889,0.9981150283211879,0.0002
19.927777777777777,0.9982390455128681,0.0002
19.929166666666667,0.9983585200311155,0.0002
19.930555555555557,0.9977723154493139,0.0002
19.931944444444444,0.9980255140235442,0.0002
19.933333333333334,0.9984004024154568,0.0002
19.934722222222224,0.9984399891353025,0.0002
19.936111111111114,0.9982056923848219,0.0002
19.9375,0.9984381648550215,0.0002
19.93888888888889,0.9983306654350859,0.0002
19.94027777777778,0.99848088513966,0.0002
19.941666666666666,0.9982705542077448,0.0002
19.943055555555556,0.998306900025999,0.0002
19.944444444444446,0.9979362873568315,0.0002
19.945833333333333,0.9983343270648966,0.0002
19.947222222222223,0.9979323266350345,0.0002
19.948611111111113,0.998305504430604,0.0002
19.95,0.998057742080955,0.0002
19.95138888888889,0.9981841605032761,0.0002
19.95277777777778,0.9979122716173775,0.0002
19.954166666666666,0.998053786787391,0.0002
19.955555555555556,0.998159907743155,0.0002
19.956944444444446,0.9982538765368775,0.0002
19.958333333333336,0.9983856242247008,0.0002
19.959722222222222,0.9979293403595031,0.0002
19.961111111111112,0.9978358462907536,0.0002
19.962500000000002,0.9979840497573804,0.0002
19.96388888888889,0.9979219192082301,0.0002
19.96527777777778,0.998448234363489,0.0002
19.96666666666667,0.9983563222960575,0.0002
19.968055555555555,0.9978045038949115,0.0002
19.969444444444445,0.9983398775035779,0.0002
19.970833333333335,0.9981971896524423,0.0002
19.97222222222222,0.9976155897702971,0.0002
19.97361111111111,0.9977872987875317,0.0002
19.975,0.9977470372800875,0.0002
19.97638888888889,0.9980667301389528,0.0002
19.977777777777778,0.9981349255616649,0.0002
19.979166666666668,0.9981536218344526,0.0002
19.980555555555558,0.997728541814795,0.0002
19.981944444444444,0.9977614699613792,0.0002
19.983333333333334,0.9981740744153282,0.0002
19.984722222222224,0.9981994834982791,0.0002
19.98611111111111,0.9977350676824909,0.0002
19.9875,0.9979081610323236,0.0002
19.98888888888889,0.9983251813131171,0.0002
19.990277777777777,0.9978909353031195,0.0002
19.991666666666667,0.9982310600603622,0.0002
19.993055555555557,0.9980409850286249,0.0002
19.994444444444444,0.9984485780593092,0.0002
19.995833333333334,0.9978471904066244,0.0002
19.997222222222224,0.9981950776352194,0.0002
19.998611111111114,0.9984372850715382,0.0002
20.0,0.9984267874594006,0.0002
20.00138888888889,0.9982464935642955,0.0002
20.00277777777778,0.9981231262350901,0.0002
20.004166666666666,0.9982380181228742,0.0002
20.005555555555556,0.9980193487405681,0.0002
20.006944444444446,0.9982597082286477,0.0002
20.008333333333333,0.9982752907770008,0.0002
20.009722222222223,0.9982637683185714,0.0002
20.011111111111113,0.9985928122371761,0.0002
20.0125,0.9981451769202541,0.0002
20.01388888888889,0.9980164809423843,0.0002
20.01527777777778,0.9982325874883707,0.0002
20.016666666666666,0.9982864726708476,0.0002
20.018055555555556,0.9982361411832986,0.0002
20.019444444444446,0.9983122426109806,0.0002
20.020833333333336,0.9979485081849611,0.0002
20.022222222222222,0.9971722907132449,0.0002
20.023611111111112,0.9960214741909238,0.0002
20.025000000000002,0.9945161708421083,0.0002
20.02638888888889,0.9931988522823358,0.0002
20.02777777777778,0.9914323029239513,0.0002
20.02916666666667,0.9900742211882371,0.0002
20.030555555555555,0.9900269973146736,0.0002
20.031944444444445,0.9895236452934186,0.0002
20.033333333333335,0.988871237232242,0.0002
20.03472222222222,0.9883627487127135,0.0002
20.03611111111111,0.9885178208176758,0.0002
20.0375,0.9887482120964329,0.0002
20.03888888888889,0.9887071630794133,0.0002
20.040277777777778,0.988111777730045,0.0002
20.041666666666668,0.9883993899250821,0.0002
20.043055555555558,0.9882565608455207,0.0002
20.044444444444444,0.9883334095855517,0.0002
20.045833333333334,0.9882499548350957,0.0002
20.047222222222224,0.9882231118826454,0.0002
20.04861111111111,0.9879634348500193,0.0002
20.05,0.9879183142635015,0.0002
20.05138888888889,0.9877371200677852,0.0002
20.052777777777777,0.9879547108573253,0.0002
20.054166666666667,0.9874469748184106,0.0002
20.055555555555557,0.9876279973949391,0.0002
20.056944444444444,0.9877446905001518,0.0002
20.058333333333334,0.9879512602299214,0.0002
20.059722222222224,0.9875435936817774,0.0002
20.061111111111114,0.9878160869731631,0.0002
20.0625,0.9875257358059916,0.0002
20.06388888888889,0.9878394455279395,0.0002
20.06527777777778,0.9874853813303018,0.0002
20.066666666666666,0.9878400586371657,0.0002
20.068055555555556,0.9876815903137904,0.0002
20.069444444444446,0.9874758692624771,0.0002
20.070833333333333,0.9876268856922255,0.0002
20.072222222222223,0.9878413145897197,0.0002
20.073611111111113,0.987450460921764,0.0002
20.075,0.9873861721056616,0.0002
20.07638888888889,0.9878019566873076,0.0002
20.07777777777778,0.9873650160591757,0.0002
20.079166666666666,0.9880124927599527,0.0002
20.080555555555556,0.9881010749130273,0.0002
20.081944444444446,0.9881313782266706,0.0002
20.083333333333336,0.9879516882966705,0.0002
20.084722222222222,0.9883826986191009,0.0002
20.086111111111112,0.9884009021931636,0.0002
20.087500000000002,0.9881021393491306,0.0002
20.08888888888889,0.9886723394608473,0.0002
20.09027777777778,0.9882851629472985,0.0002
20.09166666666667,0.988600333556876,0.0002
20.093055555555555,0.9884291917130382,0.0002
20.094444444444445,0.9889644584666141,0.0002
20.095833333333335,0.9891070729006629,0.0002
20.09722222222222,0.9892822917464109,0.0002
20.09861111111111,0.9895601864941775,0.0002
20.1,0.9898057614939604,0.0002
20.10138888888889,0.9903102442544602,0.0002
20.102777777777778,0.9910331598562313,0.0002
20.104166666666668,0.9914394078864095,0.0002
20.105555555555558,0.9933621270547878,0.0002
20.106944444444444,0.9948525411679576,0.0002
20.108333333333334,0.9964041635286986,0.0002
20.109722222222224,0.9976318985881586,0.0002
20.11111111111111,0.9983677295624949,0.0002
20.1125,0.9987735170053308,0.0002
20.11388888888889,0.998776693095084,0.0002
20.115277777777777,0.9985818120622437,0.0002
20.116666666666667,0.9985103308842487,0.0002
20.118055555555557,0.9988204180867936,0.0002
20.119444444444444,0.9989773837794189,0.0002
20.120833333333334,0.9990808110079735,0.0002
20.122222222222224,0.9991675987982026,0.0002
20.123611111111114,0.9989965628699385,0.0002
20.125,0.9989153318105727,0.0002
20.12638888888889,0.9989759636502037,0.0002
20.12777777777778,0.9988157080626526,0.0002
20.129166666666666,0.9989783399960389,0.0002
20.130555555555556,0.9990760812276319,0.0002
20.131944444444446,0.999140182565125,0.0002
20.133333333333333,0.999116363147203,0.0002
20.134722222222223,0.9988524957520108,0.0002
20.136111111111113,0.9988658013562763,0.0002
20.1375,0.9993375218338193,0.0002
20.13888888888889,0.9990276488849082,0.0002
20.14027777777778,0.9990232310751626,0.0002
20.141666666666666,0.9991657031843463,0.0002
20.143055555555556,0.9989282747314014,0.0002
20.144444444444446,0.9993222344967811,0.0002
20.145833333333336,0.9988350214368868,0.0002
20.147222222222222,0.9990528376479997,0.0002
20.148611111111112,0.998915578202146,0.0002
20.150000000000002,0.9991148180663284,0.0002
20.15138888888889,0.9989390474320728,0.0002
20.15277777777778,0.9989585831989529,0.0002
20.15416666666667,0.9992222394619342,0.0002
20.155555555555555,0.9988652401569955,0.0002
20.156944444444445,0.9988973589314829,0.0002
20.158333333333335,0.998998930516452,0.0002
20.15972222222222,0.9994291164360082,0.0002
20.16111111111111,0.9991622638935516,0.0002
20.1625,0.9995497209495878,0.0002
20.16388888888889,0.9994093125894287,0.0002
20.165277777777778,0.9996026518395581,0.0002
20.166666666666668,0.9993462347974518,0.0002
20.168055555555558,0.9993756727997933,0.0002
20.169444444444444,0.9990009558216182,0.0002
20.170833333333334,0.9989681465965952,0.0002
20.172222222222224,0.9995314538244909,0.0002
20.17361111111111,0.999516951792012,0.0002
20.175,0.9997583430143026,0.0002
20.17638888888889,0.9989524236443842,0.0002
20.177777777777777,0.9993379871710999,0.0002
20.179166666666667,0.9990749064648368,0.0002
20.180555555555557,0.9991096724125609,0.0002
20.181944444444444,0.9991445004355648,0.0002
20.183333333333334,0.9993477908521408,0.0002
20.184722222222224,0.9991297802305819,0.0002
20.186111111111114,0.9993206168336448,0.0002
20.1875,0.999438650202634,0.0002
20.18888888888889,0.9994463191970466,0.0002
20.19027777777778,0.9993735042212616,0.0002
20.191666666666666,0.9993441629531616,0.0002
20.193055555555556,0.9991863373071588,0.0002
20.194444444444446,0.99916255342767,0.0002
20.195833333333333,0.9994723176712339,0.0002
20.197222222222223,0.9991259768309858,0.0002
20.198611111111113,0.9994281616156848,0.0002
20.2,0.9990807723214671,0.0002
20.20138888888889,0.9993370842496836,0.0002
20.20277777777778,0.9990957585751283,0.0002
20.204166666666666,0.9992712500169698,0.0002
20.205555555555556,0.9991726064567538,0.0002
20.206944444444446,0.9991456805533366,0.0002
20.208333333333336,0.9992508744528821,0.0002
20.209722222222222,0.998774164192145,0.0002
20.211111111111112,0.9989822766362895,0.0002
20.212500000000002,0.9994988936014019,0.0002
20.21388888888889,0.9994642525305635,0.0002
20.21527777777778,0.9992727392981592,0.0002
20.21666666666667,0.999680536619918,0.0002
20.218055555555555,0.9992839732713109,0.0002
20.219444444444445,0.9992830680871216,0.0002
20.220833333333335,0.999218143570647,0.0002
20.22222222222222,0.9998266038410449,0.0002
20.22361111111111,0.9995010106438286,0.0002
20.225,0.9993980997320225,0.0002
20.22638888888889,0.9993927493404513,0.0002
20.227777777777778,0.998883040690813,0.0002
20.229166666666668,0.9991777498800842,0.0002
20.230555555555558,0.9994246094339411,0.0002
20.231944444444444,0.9993193906841796,0.0002
20.233333333333334,0.9997365806266908,0.0002
20.234722222222224,0.9992214755872911,0.0002
20.23611111111111,0.999465917805011,0.0002
20.2375,0.999459701368937,0.0002
20.23888888888889,0.9993443884915699,0.0002
20.240277777777777,0.9993684913322252,0.0002
20.241666666666667,0.9992640401236058,0.0002
20.243055555555557,0.9989324191732887,0.0002
20.244444444444444,0.9994198997855759,0.0002
20.245833333333334,0.9993751705004804,0.0002
20.247222222222224,0.9994349843697914,0.0002
20.248611111111114,0.9993776371304451,0.0002
20.25,0.9995740379560226,0.0002
20.25138888888889,0.9992344820034325,0.0002
20.25277777777778,0.9996966157372122,0.0002
20.254166666666666,0.9992463057176075,0.0002
20.255555555555556,0.9994255557141288,0.0002
20.256944444444446,0.9995311702211402,0.0002
20.258333333333333,0.9993297137910464,0.0002
20.259722222222223,0.9995081970392742,0.0002
20.261111111111113,0.9993030399836018,0.0002
20.2625,0.9993779813022772,0.0002
20.26388888888889,0.9992979785119624,0.0002
20.26527777777778,0.9992269975650214,0.0002
20.266666666666666,0.9997605132349913,0.0002
20.268055555555556,0.9991660414067374,0.0002
20.269444444444446,0.9988796685659468,0.0002
20.270833333333336,0.999148301700801,0.0002
20.272222222222222,0.9993966730756741,0.0002
20.273611111111112,0.9993046795267152,0.0002
20.275000000000002,0.9996128375541733,0.0002
20.27638888888889,0.9996704758428375,0.0002
20.27777777777778,0.9994744986266285,0.0002
20.27916666666667,0.9992284023646412,0.0002
20.280555555555555,0.9992946083565105,0.0002
20.281944444444445,0.999479763750818,0.0002
20.283333333333335,0.9991829720372202,0.0002
20.28472222222222,0.9994724988017428,0.0002
20.28611111111111,0.9998466955483499,0.0002
20.2875,0.9994740175038948,0.0002
20.28888888888889,0.9994545631836409,0.0002
20.290277777777778,0.9992800388447729,0.0002
20.291666666666668,0.9995110321259413,0.0002
20.293055555555558,0.9994683248041245,0.0002
20.294444444444444,0.999596635068557,0.0002
20.295833333333334,0.9996632543593564,0.0002
20.297222222222224,0.9997556959604991,0.0002
20.29861111111111,0.9995442068162997,0.0002
20.3,0.9996184239327885,0.0002
20.30138888888889,0.9994067027353009,0.0002
20.302777777777777,0.9996981727301115,0.0002
20.304166666666667,0.9993083416908849,0.0002
20.305555555555557,0.9995043068323436,0.0002
20.306944444444444,0.9998502724573095,0.0002
20.308333333333334,0.9995398231638922,0.0002
20.309722222222224,0.999290776919908,0.0002
20.311111111111114,0.9994160246651504,0.0002
20.3125,0.9997843366359777,0.0002
20.31388888888889,0.9990505089365582,0.0002
20.31527777777778,0.9995026352290312,0.0002
20.316666666666666,0.9994425411553886,0.0002
20.318055555555556,0.9995408450877181,0.0002
20.319444444444446,0.9995296120204606,0.0002
20.320833333333333,0.999836683475372,0.0002
20.322222222222223,0.9996580208588338,0.0002
20.323611111111113,0.9999677673652113,0.0002
20.325,0.9999796831782305,0.0002
20.32638888888889,0.9997013077079077,0.0002
20.32777777777778,0.9995805458075504,0.0002
20.329166666666666,0.9997993517822242,0.0002
20.330555555555556,0.9998746817515636,0.0002
20.331944444444446,0.9995052657211504,0.0002
20.333333333333336,0.9997438376082755,0.0002
20.334722222222222,0.9997092500249333,0.0002
20.336111111111112,0.9996925082495313,0.0002
20.337500000000002,0.999702853937995,0.0002
20.33888888888889,0.9997132276823146,0.0002
20.34027777777778,1.00011291757687,0.0002
20.34166666666667,0.9998027551557362,0.0002
20.343055555555555,1.0000758829022505,0.0002
20.344444444444445,0.9998668295451278,0.0002
20.345833333333335,0.9995601117780971,0.0002
20.34722222222222,0.9998474546322066,0.0002
20.34861111111111,0.9996065434241442,0.0002
20.35,1.0000108126182672,0.0002
20.35138888888889,0.9998782964524999,0.0002
20.352777777777778,1.0000850739775198,0.0002
20.354166666666668,1.00027160761734,0.0002
20.355555555555558,0.9996785551085545,0.0002
20.356944444444444,0.9999967466702434,0.0002
20.358333333333334,0.999913269142498,0.0002
20.359722222222224,1.0005810100820725,0.0002
20.36111111111111,1.000078926325258,0.0002
20.3625,0.9999392347813579,0.0002
20.36388888888889,1.0005977925747467,0.0002
20.365277777777777,0.9999530138321779,0.0002
20.366666666666667,0.9997145193355435,0.0002
20.368055555555557,0.9998022606903008,0.0002
20.369444444444444,1.0000473528138425,0.0002
20.370833333333334,0.9999623414670816,0.0002
20.372222222222224,0.9997928287885905,0.0002
20.373611111111114,0.9998586748811527,0.0002
20.375,1.000020270294683,0.0002
20.37638888888889,1.000366290404659,0.0002
20.37777777777778,1.0001889458560773,0.0002
20.379166666666666,0.9999778109660202,0.0002
20.380555555555556,1.0000742292184457,0.0002
20.381944444444446,1.0002742252398518,0.0002
20.383333333333333,1.0004452833256279,0.0002
20.384722222222223,0.9998489802206572,0.0002
20.386111111111113,1.0002715077515643,0.0002
20.3875,0.9999779945070314,0.0002
20.38888888888889,0.999752379356305,0.0002
20.39027777777778,0.9997360616572616,0.0002
20.391666666666666,1.000450603489265,0.0002
20.393055555555556,1.0005051270317649,0.0002
20.394444444444446,1.0001199016409799,0.0002
20.395833333333336,1.0001772068318233,0.0002
20.397222222222222,0.9998157197805688,0.0002
20.398611111111112,1.0002985141230705,0.0002
20.400000000000002,1.0001084264855424,0.0002
20.40138888888889,0.9996867325025552,0.0002
20.40277777777778,0.9999921105285448,0.0002
20.40416666666667,0.9997464114411395,0.0002
20.405555555555555,1.0001526070088222,0.0002
20.406944444444445,0.9998073454846347,0.0002
20.408333333333335,1.0001094933304453,0.0002
20.40972222222222,0.999822313850026,0.0002
20.41111111111111,0.9994926752575789,0.0002
20.4125,1.0002233589625533,0.0002
20.41388888888889,1.0002287755300665,0.0002
20.415277777777778,0.9998333622073488,0.0002
20.416666666666668,0.9999737433756277,0.0002
20.418055555555558,1.0000649080544115,0.0002
20.419444444444444,1.0000831829168146,0.0002
20.420833333333334,1.000269488058107,0.0002
20.422222222222224,1.0001158049745236,0.0002
20.42361111111111,0.9999036838809521,0.0002
20.425,1.0000497246376479,0.0002
20.42638888888889,0.9998308293832165,0.0002
20.427777777777777,0.9996564708235339,0.0002
20.429166666666667,1.000092957052158,0.0002
20.430555555555557,0.9999849403980716,0.0002
20.431944444444444,0.9995647316114283,0.0002
20.433333333333334,0.9997827295530458,0.0002
20.434722222222224,1.0000249322575674,0.0002
20.436111111111114,0.9995825394787348,0.0002
20.4375,0.9997679461096093,0.0002
20.43888888888889,1.000461841468528,0.0002
20.44027777777778,0.9998759382108479,0.0002
20.441666666666666,1.0001535837768887,0.0002
20.443055555555556,1.0002416464742658,0.0002
20.444444444444446,0.9997515913583866,0.0002
20.445833333333333,1.0000354331922072,0.0002
20.447222222222223,1.0004956237304892,0.0002
20.448611111111113,1.0001839238876982,0.0002
20.45,1.0005647801757411,0.0002
20.45138888888889,0.999975931398604,0.0002
20.45277777777778,1.0004326583856973,0.0002
20.454166666666666,1.0001114481136686,0.0002
20.455555555555556,1.000062699457243,0.0002
20.456944444444446,1.0002369569631395,0.0002
20.458333333333336,1.0001277707043739,0.0002
20.459722222222222,1.0001339457457719,0.0002
20.461111111111112,1.0002035616191176,0.0002
20.462500000000002,0.9997609717414289,0.0002
20.46388888888889,0.9999735452794283,0.0002
20.46527777777778,1.0003215701856019,0.0002
20.46666666666667,1.000413211680818,0.0002
20.468055555555555,1.0002812673446047,0.0002
20.469444444444445,1.0002433560606427,0.0002
20.470833333333335,1.0002686428465728,0.0002
20.47222222222222,1.0003962258761037,0.0002
20.47361111111111,0.9999414010157875,0.0002
20.475,1.0001384012519743,0.0002
20.47638888888889,1.0002211572728437,0.0002
20.477777777777778,1.000320579508564,0.0002
20.479166666666668,0.9998285931547685,0.0002
20.480555555555558,1.0001120688113578,0.0002
20.481944444444444,1.0003948683374948,0.0002
20.483333333333334,1.0005491937449296,0.0002
20.484722222222224,1.0002710497689846,0.0002
20.48611111111111,1.0002565753451782,0.0002
20.4875,1.0004795638067785,0.0002
20.48888888888889,1.0002398150108778,0.0002
20.490277777777777,1.000434051942254,0.0002
20.491666666666667,1.0002382250581878,0.0002
20.493055555555557,0.9999792479013796,0.0002
20.494444444444444,1.0004201787805964,0.0002
20.495833333333334,1.0004079461070732,0.0002
20.497222222222224,0.9999591681548531,0.0002
20.498611111111114,1.0001975846849191,0.0002
20.5,1.0000304791636025,0.0002
20.50138888888889,1.0001524638953285,0.0002
20.50277777777778,0.9998756071734013,0.0002
20.504166666666666,1.0001882848284658,0.0002
20.505555555555556,1.000228452273591,0.0002
20.506944444444446,0.9998158231464688,0.0002
20.508333333333333,1.0000071185943424,0.0002
20.509722222222223,1.0002046191057394,0.0002
20.511111111111113,0.999670387429778,0.0002
20.5125,0.9997537212302671,0.0002
20.51388888888889,1.0000234909160433,0.0002
20.51527777777778,0.9998354459407195,0.0002
20.516666666666666,0.9995052504867206,0.0002
20.518055555555556,0.9997569270819107,0.0002
20.519444444444446,1.000192267321349,0.0002
20.520833333333336,1.0002600906029073,0.0002
20.522222222222222,0.9997949160479507,0.0002
20.523611111111112,0.9997718698954505,0.0002
20.525000000000002,0.9998580532487433,0.0002
20.52638888888889,1.0003437488883664,0.0002
20.52777777777778,1.0001540158473747,0.0002
20.52916666666667,1.000280483080055,0.0002
20.530555555555555,1.0002465650606993,0.0002
20.531944444444445,0.999741953137773,0.0002
20.533333333333335,0.9998171174008775,0.0002
20.53472222222222,0.9999219391663923,0.0002
20.53611111111111,0.9999708507033013,0.0002
20.5375,0.9999227084264597,0.0002
20.53888888888889,0.9998680926749377,0.0002
20.540277777777778,1.0000049900441406,0.0002
20.541666666666668,0.9999988505697646,0.0002
20.543055555555558,1.000229738333179,0.0002
20.544444444444444,1.0000095039615828,0.0002
20.545833333333334,0.9998398466815632,0.0002
20.547222222222224,0.999969560689568,0.0002
20.54861111111111,0.9996145240395826,0.0002
20.55,0.999411519289978,0.0002
20.55138888888889,0.9999380956470634,0.0002
20.552777777777777,0.9999171466798932,0.0002
20.554166666666667,0.9996551372952358,0.0002
20.555555555555557,0.999609220994888,0.0002
20.556944444444444,0.9993742183587534,0.0002
20.558333333333334,0.9999005515567365,0.0002
20.559722222222224,0.999809481304822,0.0002
20.561111111111114,0.9997701003455494,0.0002
20.5625,0.9996974097312235,0.0002
20.56388888888889,0.99961067018602,0.0002
20.56527777777778,0.9994630528563289,0.0002
20.566666666666666,0.9997913337071972,0.0002
20.568055555555556,0.9997188397076892,0.0002
20.569444444444446,0.9998079920049137,0.0002
20.570833333333333,1.000138220743634,0.0002
20.572222222222223,0.9997651883240316,0.0002
20.573611111111113,0.9992845067330403,0.0002
20.575,0.9996892409545577,0.0002
20.57638888888889,0.9995173140475495,0.0002
20.57777777777778,0.9996103326308301,0.0002
20.579166666666666,0.9994130902776759,0.0002
20.580555555555556,0.9997593285936522,0.0002
20.581944444444446,0.9995456657127604,0.0002
20.583333333333336,0.9994595569680894,0.0002
20.584722222222222,0.9996026478410809,0.0002
20.586111111111112,0.9995200552058979,0.0002
20.587500000000002,0.9995196857162683,0.0002
20.58888888888889,0.9994573379821016,0.0002
20.59027777777778,0.9994187498434984,0.0002
20.59166666666667,0.999556713771223,0.0002
20.593055555555555,0.9995500801555075,0.0002
20.594444444444445,0.9997168603902673,0.0002
20.595833333333335,0.9993585906387098,0.0002
20.59722222222222,0.9995826477780243,0.0002
20.59861111111111,1.000051451512392,0.0002
20.6,0.9996065754950296,0.0002
20.60138888888889,0.9995878729516329,0.0002
20.602777777777778,0.9993381342728175,0.0002
20.604166666666668,0.9994667123440433,0.0002
20.605555555555558,0.9995631607366675,0.0002
20.606944444444444,0.999686957618095,0.0002
20.608333333333334,0.999683661926871,0.0002
20.609722222222224,0.9996375008553176,0.0002
20.61111111111111,0.9996729644945083,0.0002
20.6125,0.9993386028050919,0.0002
20.61388888888889,0.9996506471148789,0.0002
20.615277777777777,0.999546463779334,0.0002
20.616666666666667,0.9995894962449545,0.0002
20.618055555555557,0.9994756016224198,0.0002
20.619444444444444,0.9993270884308434,0.0002
20.620833333333334,0.9992996989893357,0.0002
20.622222222222224,0.9996338627933499,0.0002
20.623611111111114,0.9996463496675446,0.0002
20.625,0.9994940123083625,0.0002
20.62638888888889,0.9995088362377366,0.0002
20.62777777777778,0.9993427930991983,0.0002
20.629166666666666,0.9996572808506498,0.0002
20.630555555555556,0.9995834405471715,0.0002
20.631944444444446,0.9994990573345489,0.0002
20.633333333333333,0.9997030317766687,0.0002
20.634722222222223,0.9996927589066589,0.0002
20.636111111111113,0.9992288737909802,0.0002
20.6375,0.999516305612218,0.0002
20.63888888888889,0.9993503133896331,0.0002
20.64027777777778,0.9995877516772756,0.0002
20.641666666666666,0.9988154420735222,0.0002
20.643055555555556,0.9994782970754637,0.0002
20.644444444444446,0.9995872525824877,0.0002
20.645833333333336,0.9994074576992068,0.0002
20.647222222222222,0.9992042541613352,0.0002
20.648611111111112,0.9997461509612299,0.0002
20.650000000000002,0.9994571796880776,0.0002
20.65138888888889,0.9990756200351711,0.0002
20.65277777777778,0.9991428860209378,0.0002
20.65416666666667,0.998652092802168,0.0002
20.655555555555555,0.9991049260785003,0.0002
20.656944444444445,0.9986491150017636,0.0002
20.658333333333335,0.9990456626762771,0.0002
20.65972222222222,0.9992074261638914,0.0002
20.66111111111111,0.9989787364693681,0.0002
20.6625,0.9987754589752537,0.0002
20.66388888888889,0.99927691793485,0.0002
20.665277777777778,0.9990289710667732,0.0002
20.666666666666668,0.9990378211828618,0.0002
20.668055555555558,0.9988756089437805,0.0002
20.669444444444444,0.9991224943081816,0.0002
20.670833333333334,0.9990568958902749,0.0002
20.672222222222224,0.9988258656289659,0.0002
20.67361111111111,0.99934419015733,0.0002
20.675,0.9994702975547298,0.0002
20.67638888888889,0.9993071672263856,0.0002
20.677777777777777,0.9993338940774065,0.0002
20.679166666666667,0.9994657526000299,0.0002
20.680555555555557,0.9989690707339877,0.0002
20.681944444444444,0.9989885904018588,0.0002
20.683333333333334,0.9990737851740054,0.0002
20.684722222222224,0.9992398514338826,0.0002
20.686111111111114,0.9990924599435839,0.0002
20.6875,0.9989489046428776,0.0002
20.68888888888889,0.999132220208351,0.0002
20.69027777777778,0.9991065499933928,0.0002
20.691666666666666,0.9993370558188728,0.0002
20.693055555555556,0.9992017450445003,0.0002
20.694444444444446,0.9987609445943961,0.0002
20.695833333333333,0.9991706072110934,0.0002
20.697222222222223,0.9994226465446806,0.0002
20.698611111111113,0.9991281492348268,0.0002
20.7,0.9992893847837421,0.0002
20.70138888888889,0.999064005075618,0.0002
20.70277777777778,0.9993156882907099,0.0002
20.704166666666666,0.9990254428289236,0.0002
20.705555555555556,0.9990924843555504,0.0002
20.706944444444446,0.9990840600709012,0.0002
20.708333333333336,0.9992123819646964,0.0002
20.709722222222222,0.9990099434778167,0.0002
20.711111111111112,0.9989271065634583,0.0002
20.712500000000002,0.9993160672718794,0.0002
20.71388888888889,0.9993398448511729,0.0002
20.71527777777778,0.9993137374861506,0.0002
20.71666666666667,0.9994808045161359,0.0002
20.718055555555555,0.9992723985131374,0.0002
20.719444444444445,0.9993966286611506,0.0002
20.720833333333335,0.9992929312472228,0.0002
20.72222222222222,0.9992759484056668,0.0002
20.72361111111111,0.9993650992907105,0.0002
20.725,0.9997375338387382,0.0002
20.72638888888889,0.9994007555617375,0.0002
20.727777777777778,0.9992951419965633,0.0002
20.729166666666668,0.9993713307653103,0.0002
20.730555555555558,0.9987632575279685,0.0002
20.731944444444444,0.9992358844740528,0.0002
20.733333333333334,0.9993435331184705,0.0002
20.734722222222224,0.9991703023240743,0.0002
20.73611111111111,0.9991534763085381,0.0002
20.7375,0.9989251402093448,0.0002
20.73888888888889,0.9989650696071262,0.0002
20.740277777777777,0.9989092080761864,0.0002
20.741666666666667,0.9992062369954793,0.0002
20.743055555555557,0.9992965119782655,0.0002
20.744444444444444,0.9993687763846735,0.0002
20.745833333333334,0.998806609760519,0.0002
20.747222222222224,0.9988549320856631,0.0002
20.748611111111114,0.9989120912161642,0.0002
20.75,0.9987857635672274,0.0002
20.75138888888889,0.9988294599149429,0.0002
20.75277777777778,0.9988126563156912,0.0002
20.754166666666666,0.9991547518421211,0.0002
20.755555555555556,0.9987435392450005,0.0002
20.756944444444446,0.9992094174027318,0.0002
20.758333333333333,0.9992549720708327,0.0002
20.759722222222223,0.9990978532555779,0.0002
20.761111111111113,0.9993365773565953,0.0002
20.7625,0.9987990016790214,0.0002
20.76388888888889,0.998943629869535,0.0002
20.76527777777778,0.9990553857078884,0.0002
20.766666666666666,0.9990985340063754,0.0002
20.768055555555556,0.9993208475083158,0.0002
20.769444444444446,0.9987983059274791,0.0002
20.770833333333336,0.9989156651365786,0.0002
20.772222222222222,0.9989655709840684,0.0002
20.773611111111112,0.9988643022404119,0.0002
20.775000000000002,0.9987648660373502,0.0002
20.77638888888889,0.9988492404035823,0.0002
20.77777777777778,0.99887350288844,0.0002
20.77916666666667,0.9992826616132282,0.0002
20.780555555555555,0.9987802525021457,0.0002
20.781944444444445,0.9991313950666381,0.0002
20.783333333333335,0.9992152712427954,0.0002
20.78472222222222,0.9988795443613605,0.0002
20.78611111111111,0.9989873347857329,0.0002
20.7875,0.9990705313183869,0.0002
20.78888888888889,0.9990497023436831,0.0002
20.790277777777778,0.9989027862801911,0.0002
20.791666666666668,0.9988329851437945,0.0002
20.793055555555558,0.9991683802453849,0.0002
20.794444444444444,0.9989249115188147,0.0002
20.795833333333334,0.9989547765596272,0.0002
20.797222222222224,0.9989951031443554,0.0002
20.79861111111111,0.9990665523310932,0.0002
20.8,0.9993437103194047,0.0002
20.80138888888889,0.9987896703521083,0.0002
20.802777777777777,0.9990222421186359,0.0002
20.804166666666667,0.9986776812208705,0.0002
20.805555555555557,0.9992662075150585,0.0002
20.806944444444444,0.9990369924895285,0.0002
20.808333333333334,0.9989539865055828,0.0002
20.809722222222224,0.9990372399932681,0.0002
20.811111111111114,0.9990976592156788,0.0002
20.8125,0.9989057916835686,0.0002
20.81388888888889,0.9992326154153467,0.0002
20.81527777777778,0.9990578691615959,0.0002
20.816666666666666,0.9991128748164705,0.0002
20.818055555555556,0.9988382631425289,0.0002
20.819444444444446,0.9988763639465427,0.0002
20.820833333333333,0.9989884231949772,0.0002
20.822222222222223,0.9991062938099842,0.0002
20.823611111111113,0.9989397659969876,0.0002
20.825,0.9988153007715163,0.0002
20.82638888888889,0.9991289113358693,0.0002
20.82777777777778,0.9988076421574937,0.0002
20.829166666666666,0.998882919588093,0.0002
20.830555555555556,0.998981927611207,0.0002
20.831944444444446,0.9986803017374418,0.0002
20.833333333333336,0.9988019464147585,0.0002
20.834722222222222,0.9993355841112895,0.0002
20.836111111111112,0.9992640189685426,0.0002
20.837500000000002,0.9993931928368158,0.0002
20.83888888888889,0.9990023244068329,0.0002
20.84027777777778,0.9990272721459451,0.0002
20.84166666666667,0.9989613463129009,0.0002
20.843055555555555,0.9989141245406291,0.0002
20.844444444444445,0.9991047835099098,0.0002
20.845833333333335,0.9992006167047165,0.0002
20.84722222222222,0.9990981106078509,0.0002
20.84861111111111,0.9987148722501981,0.0002
20.85,0.9989800289183863,0.0002
20.85138888888889,0.9988033487900089,0.0002
20.852777777777778,0.9988992895039462,0.0002
20.854166666666668,0.9992555417750227,0.0002
20.855555555555558,0.998664742372089,0.0002
20.856944444444444,0.9992632072247116,0.0002
20.858333333333334,0.9989338092623895,0.0002
20.859722222222224,0.9987454060191419,0.0002
20.86111111111111,0.9988118933247472,0.0002
20.8625,0.9987503277574348,0.0002
20.86388888888889,0.9988146069245847,0.0002
20.865277777777777,0.9988573371466086,0.0002
20.866666666666667,0.9986965558410298,0.0002
20.868055555555557,0.9985314154244979,0.0002
20.869444444444444,0.9987461093730586,0.0002
20.870833333333334,0.9985686838045551,0.0002
20.872222222222224,0.9986518794562287,0.0002
20.873611111111114,0.9986508037624281,0.0002
20.875,0.99923242562019,0.0002
20.87638888888889,0.9989228679144864,0.0002
20.87777777777778,0.9989774077507019,0.0002
20.879166666666666,0.9988520652670613,0.0002
20.880555555555556,0.9989408930790206,0.0002
20.881944444444446,0.999149179407697,0.0002
20.883333333333333,0.9989903112327823,0.0002
20.884722222222223,0.999298055100754,0.0002
20.886111111111113,0.9988905601772069,0.0002
20.8875,0.9991409564177415,0.0002
20.88888888888889,0.9991453961433456,0.0002
20.89027777777778,0.9988509161331606,0.0002
20.891666666666666,0.9990858495524748,0.0002
20.893055555555556,0.9986867483035815,0.0002
20.894444444444446,0.9990668698085979,0.0002
20.895833333333336,0.9990771875757724,0.0002
20.897222222222222,0.99903307977782,0.0002
20.898611111111112,0.9989877804355727,0.0002
20.900000000000002,0.9991741763401617,0.0002
20.90138888888889,0.9988897745937563,0.0002
20.90277777777778,0.9995029433983946,0.0002
20.90416666666667,0.9992769086661659,0.0002
20.905555555555555,0.9989999929007047,0.0002
20.906944444444445,0.9993180749111298,0.0002
20.908333333333335,0.9992945829436164,0.0002
20.90972222222222,0.9991417759741832,0.0002
20.91111111111111,0.998880356742389,0.0002
20.9125,0.9995802979903888,0.0002
20.91388888888889,0.9992702529135173,0.0002
20.915277777777778,0.9989597828774482,0.0002
20.916666666666668,0.9992910944734178,0.0002
20.918055555555558,0.9991832715061255,0.0002
20.919444444444444,0.9992225880725963,0.0002
20.920833333333334,0.9990015572498799,0.0002
20.922222222222224,0.9992310449000126,0.0002
20.92361111111111,0.9991241673305636,0.0002
20.925,0.9991702439469999,0.0002
20.92638888888889,0.9993324172142733,0.0002
20.927777777777777,0.9991935073820335,0.0002
20.929166666666667,0.9992167751995612,0.0002
20.930555555555557,0.9994146545015117,0.0002
20.931944444444444,0.9990697637876921,0.0002
20.933333333333334,0.9991552012532804,0.0002
20.934722222222224,0.99901148897837,0.0002
20.936111111111114,0.9990493975271754,0.0002
20.9375,0.9992926634918882,0.0002
20.93888888888889,0.9994132918567931,0.0002
20.94027777777778,0.9991704879505268,0.0002
20.941666666666666,0.9994886437257685,0.0002
20.943055555555556,0.9994874923147886,0.0002
20.944444444444446,0.9992410551781893,0.0002
20.945833333333333,0.9995196691693609,0.0002
20.947222222222223,0.9997453267545877,0.0002
20.948611111111113,0.9991028168465319,0.0002
20.95,0.9998618019503779,0.0002
20.95138888888889,0.9992744501879655,0.0002
20.95277777777778,0.9990539558241823,0.0002
20.954166666666666,0.9994366184241316,0.0002
20.955555555555556,0.9995724119286201,0.0002
20.956944444444446,0.9993002152226824,0.0002
20.958333333333336,0.9993494197865056,0.0002
20.959722222222222,0.9998077470898291,0.0002
20.961111111111112,0.9994400537789139,0.0002
20.962500000000002,0.9996834807601381,0.0002
20.96388888888889,0.9983918661374288,0.0002
20.96527777777778,0.9969046651533386,0.0002
20.96666666666667,0.9954275511974208,0.0002
20.968055555555555,0.9935703581609755,0.0002
20.969444444444445,0.9923373289727486,0.0002
20.970833333333335,0.9914464170136568,0.0002
20.97222222222222,0.9908507558761468,0.0002
20.97361111111111,0.9902953913085556,0.0002
20.975,0.9905466241847407,0.0002
20.97638888888889,0.9902729932511387,0.0002
20.977777777777778,0.9895141205452274,0.0002
20.979166666666668,0.9896645090773739,0.0002
20.980555555555558,0.9897442000691594,0.0002
20.981944444444444,0.9895587132821685,0.0002
20.983333333333334,0.989059972902978,0.0002
20.984722222222224,0.9892889682759788,0.0002
20.98611111111111,0.9889912735501664,0.0002
20.9875,0.9889597894505927,0.0002
20.98888888888889,0.988573848374972,0.0002
20.990277777777777,0.9878669874385216,0.0002
20.991666666666667,0.9885340796767946,0.0002
20.993055555555557,0.9886994918017986,0.0002
20.994444444444444,0.9884659677547056,0.0002
20.995833333333334,0.9886055559826071,0.0002
20.997222222222224,0.9886206459083976,0.0002
20.998611111111114,0.9883137204662881,0.0002
21.0,0.9883372472046018,0.0002
21.00138888888889,0.9879642553638006,0.0002
21.00277777777778,0.9880228122384588,0.0002
21.004166666666666,0.9880716812757443,0.0002
21.005555555555556,0.9884365772161263,0.0002
21.006944444444446,0.9882519027914032,0.0002
21.008333333333333,0.9882320680085638,0.0002
21.009722222222223,0.9882457160778727,0.0002
21.011111111111113,0.9882305705651867,0.0002
21.0125,0.9885816532528234,0.0002
21.01388888888889,0.9885262725472913,0.0002
21.01527777777778,0.9887818101466291,0.0002
21.016666666666666,0.9882087080267118,0.0002
21.018055555555556,0.9887907741222083,0.0002
21.019444444444446,0.9885779862525973,0.0002
21.020833333333336,0.9887106512202299,0.0002
21.022222222222222,0.9890910551130819,0.0002
21.023611111111112,0.9887697105048731,0.0002
21.025000000000002,0.9889951314895912,0.0002
21.02638888888889,0.9887170326088267,0.0002
21.02777777777778,0.9890513531003104,0.0002
21.02916666666667,0.988841637369608,0.0002
21.030555555555555,0.9892518130994282,0.0002
21.031944444444445,0.989445264002644,0.0002
21.033333333333335,0.9896788873729195,0.0002
21.03472222222222,0.9893334306085754,0.0002
21.03611111111111,0.9894812162441188,0.0002
21.0375,0.9896002521548976,0.0002
21.03888888888889,0.9898402354216463,0.0002
21.040277777777778,0.9899475324136663,0.0002
21.041666666666668,0.990026900834766,0.0002
21.043055555555558,0.9905911040684285,0.0002
21.044444444444444,0.9913724794190282,0.0002
21.045833333333334,0.9925970027444532,0.0002
21.047222222222224,0.9943014662875223,0.0002
21.04861111111111,0.9959575435877683,0.0002
21.05,0.99721307671784,0.0002
21.05138888888889,0.9981657711374287,0.0002
21.052777777777777,0.9992390245861312,0.0002
21.054166666666667,0.9990952839598989,0.0002
21.055555555555557,0.9990049096236422,0.0002
21.056944444444444,0.999351131434916,0.0002
21.058333333333334,0.9991028652703675,0.0002
21.059722222222224,0.999099077255605,0.0002
21.061111111111114,0.9991305037828286,0.0002
21.0625,0.9992339741696026,0.0002
21.06388888888889,0.998888586693768,0.0002
21.06527777777778,0.9989374220887923,0.0002
21.066666666666666,0.9991314559620483,0.0002
21.068055555555556,0.9989376256948723,0.0002
21.069444444444446,0.9991706535724415,0.0002
21.070833333333333,0.9991700200944712,0.0002
21.072222222222223,0.9991434132220679,0.0002
21.073611111111113,0.9990545279109213,0.0002
21.075,0.9994542335394425,0.0002
21.07638888888889,0.9993947800455596,0.0002
21.07777777777778,0.9991832239034592,0.0002
21.079166666666666,0.9991738021516652,0.0002
21.080555555555556,0.9993685048366975,0.0002
21.081944444444446,0.9989825455473655,0.0002
21.083333333333336,0.9988720316842481,0.0002
21.084722222222222,0.9991222167099115,0.0002
21.086111111111112,0.9990861429344916,0.0002
21.087500000000002,0.9991330223807554,0.0002
21.08888888888889,0.9991529447579026,0.0002
21.09027777777778,0.9988434551937626,0.0002
21.09166666666667,0.9986933104401625,0.0002
21.093055555555555,0.9989369765461863,0.0002
21.094444444444445,0.9991785217453442,0.0002
21.095833333333335,0.9989669859324873,0.0002
21.09722222222222,0.9987905794031331,0.0002
21.09861111111111,0.9992716265960201,0.0002
21.1,0.999120178312041,0.0002
21.10138888888889,0.9989042983000519,0.0002
21.102777777777778,0.9993205640602907,0.0002
21.104166666666668,0.9992700366459678,0.0002
21.105555555555558,0.9997070206497276,0.0002
21.106944444444444,0.9993749189505123,0.0002
21.108333333333334,0.9994674192404105,0.0002
21.109722222222224,0.9993989720303977,0.0002
21.11111111111111,0.9993446065177025,0.0002
21.1125,0.9993397837619489,0.0002
21.11388888888889,0.9996198187213069,0.0002
21.115277777777777,0.9995122024800444,0.0002
21.116666666666667,0.999103075618292,0.0002
21.118055555555557,0.9991089427944871,0.0002
21.119444444444444,0.9991576553821924,0.0002
21.120833333333334,0.999633471427311,0.0002
21.122222222222224,0.9990505703040872,0.0002
21.123611111111114,0.999625785417065,0.0002
21.125,0.9994816780869534,0.0002
21.12638888888889,0.9995073754377761,0.0002
21.12777777777778,0.9993982073123645,0.0002
21.129166666666666,0.9996361458303288,0.0002
21.130555555555556,0.999494036727117,0.0002
21.131944444444446,0.9992271109874129,0.0002
21.133333333333333,0.9992543717029337,0.0002
21.134722222222223,0.9991238945705735,0.0002
21.136111111111113,0.9996215650225201,0.0002
21.1375,0.9997768594846047,0.0002
21.13888888888889,0.9996673622333606,0.0002
21.14027777777778,0.9993640734914718,0.0002
21.141666666666666,0.9991199314333039,0.0002
21.143055555555556,0.9991199382540753,0.0002
21.144444444444446,0.9990884846656304,0.0002
21.145833333333336,0.9993228544744035,0.0002
21.147222222222222,0.9996309741285219,0.0002
21.148611111111112,0.9996128572067156,0.0002
21.150000000000002,0.99923962903107,0.0002
21.15138888888889,0.9988701000612299,0.0002
21.15277777777778,0.9990815004282579,0.0002
21.15416666666667,0.9995181721033137,0.0002
21.155555555555555,0.9993006326618316,0.0002
21.156944444444445,0.9991556557602219,0.0002
21.158333333333335,0.9991089465722519,0.0002
21.15972222222222,0.9990918593245752,0.0002
21.16111111111111,0.9990367684340117,0.0002
21.1625,0.9996497236723683,0.0002
21.16388888888889,0.9995248578274839,0.0002
21.165277777777778,0.9990099899256166,0.0002
21.166666666666668,0.9989223231984575,0.0002
21.168055555555558,0.999260340399721,0.0002
21.169444444444444,0.9991900439576967,0.0002
21.170833333333334,0.9993495758637788,0.0002
21.172222222222224,0.9993902703147619,0.0002
21.17361111111111,0.9989647956548074,0.0002
21.175,0.9995079249626166,0.0002
21.17638888888889,0.9992023335253302,0.0002
21.177777777777777,0.9994334810428133,0.0002
21.179166666666667,0.999286819620243,0.0002
21.180555555555557,0.9995647101856172,0.0002
21.181944444444444,0.9989803412435507,0.0002
21.183333333333334,0.9996614596578401,0.0002
21.184722222222224,0.999453721851929,0.0002
21.186111111111114,0.9996905253621309,0.0002
21.1875,0.9998943742835448,0.0002
21.18888888888889,0.999523633185577,0.0002
21.19027777777778,0.9995248260700023,0.0002
21.191666666666666,0.9997301927479482,0.0002
21.193055555555556,0.9996735304853132,0.0002
21.194444444444446,0.9995760838505435,0.0002
21.195833333333333,0.999776390463867,0.0002
21.197222222222223,0.999810272502063,0.0002
21.198611111111113,0.9998615390212263,0.0002
21.2,0.9996270137437544,0.0002
21.20138888888889,0.9995378662230202,0.0002
21.20277777777778,0.9997392711537159,0.0002
21.204166666666666,0.9997234942129518,0.0002
21.205555555555556,0.9997343858315819,0.0002
21.206944444444446,0.999727204471444,0.0002
21.208333333333336,0.9999172653204508,0.0002
21.209722222222222,0.9996784488314984,0.0002
21.211111111111112,0.9998471470387853,0.0002
21.212500000000002,0.9998194048796403,0.0002
21.21388888888889,0.9999754296968747,0.0002
21.21527777777778,1.000222095280394,0.0002
21.21666666666667,0.9996962615702087,0.0002
21.218055555555555,0.9995662901954536,0.0002
21.219444444444445,0.9999116556796177,0.0002
21.220833333333335,0.9997269695796677,0.0002
21.22222222222222,0.9993209471737577,0.0002
21.22361111111111,1.000215863738732,0.0002
21.225,0.9998964596067699,0.0002
21.22638888888889,0.99990148325168,0.0002
21.227777777777778,0.9997078614692395,0.0002
21.229166666666668,0.9999030983167436,0.0002
21.230555555555558,0.9997632120369205,0.0002
21.231944444444444,1.0000373168804644,0.0002
21.233333333333334,0.9998715640711557,0.0002
21.234722222222224,0.999866904983287,0.0002
21.23611111111111,0.9999455400045519,0.0002
21.2375,1.000248878548503,0.0002
21.23888888888889,1.0000085560310152,0.0002
21.240277777777777,0.9997114678489986,0.0002
21.241666666666667,1.000032783161825,0.0002
21.243055555555557,1.0001446336666564,0.0002
21.244444444444444,1.000032599172046,0.0002
21.245833333333334,1.0000239697699453,0.0002
21.247222222222224,0.9998137389129629,0.0002
21.248611111111114,1.0000271997257038,0.0002
21.25,0.9997484363310974,0.0002
21.25138888888889,0.9999707509032695,0.0002
21.25277777777778,0.999899784561755,0.0002
21.254166666666666,1.000276027406689,0.0002
21.255555555555556,1.0004063234215355,0.0002
21.256944444444446,0.9998279944154752,0.0002
21.258333333333333,1.000033060808619,0.0002
21.259722222222223,0.9999462131716623,0.0002
21.261111111111113,1.0000926597069963,0.0002
21.2625,1.0001009186011425,0.0002
21.26388888888889,1.0000933652785005,0.0002
21.26527777777778,1.0002276880055085,0.0002
21.266666666666666,1.000171330487651,0.0002
21.268055555555556,1.0004698522353797,0.0002
21.269444444444446,1.0000032655119317,0.0002
21.270833333333336,1.0001773665562173,0.0002
21.272222222222222,1.0003021432277726,0.0002
21.273611111111112,1.0002145279124206,0.0002
21.275000000000002,1.000084741024742,0.0002
21.27638888888889,1.0003780127679007,0.0002
21.27777777777778,0.9996860987402777,0.0002
21.27916666666667,0.9999154348167304,0.0002
21.280555555555555,1.000313509413541,0.0002
21.281944444444445,1.0000019207465283,0.0002
21.283333333333335,1.0000248944990768,0.0002
21.28472222222222,1.0000888284832035,0.0002
21.28611111111111,1.0000362592201502,0.0002
21.2875,1.0003664498905165,0.0002
21.28888888888889,1.0004349570976627,0.0002
21.290277777777778,1.00024746607445,0.0002
21.291666666666668,1.0004278883813318,0.0002
21.293055555555558,0.9999859232001465,0.0002
21.294444444444444,1.0002284416866931,0.0002
21.295833333333334,1.0004396642154652,0.0002
21.297222222222224,1.0003928182490605,0.0002
21.29861111111111,1.0004645750827266,0.0002
21.3,0.9999929176821342,0.0002
21.30138888888889,1.0003559553218992,0.0002
21.302777777777777,1.000036904237703,0.0002
21.304166666666667,1.0002321328711545,0.0002
21.305555555555557,1.0003469547298083,0.0002
21.306944444444444,0.999912342415278,0.0002
21.308333333333334,0.9996596024637839,0.0002
21.309722222222224,1.0004328487066128,0.0002
21.311111111111114,1.0001659889733967,0.0002
21.3125,1.0000918030231039,0.0002
21.31388888888889,1.0000529669191875,0.0002
21.31527777777778,0.999763426625455,0.0002
21.316666666666666,1.0001374118883588,0.0002
21.318055555555556,0.9999171738820702,0.0002
21.319444444444446,1.0001137696165414,0.0002
21.320833333333333,1.0001309173588724,0.0002
21.322222222222223,0.9994648276913444,0.0002
21.323611111111113,1.0002579878691218,0.0002
21.325,1.0002237805940029,0.0002
21.32638888888889,1.0002642339060732,0.0002
21.32777777777778,1.0001187264795768,0.0002
21.329166666666666,1.0002024596583448,0.0002
21.330555555555556,1.0002572962039644,0.0002
21.331944444444446,1.0003426676176297,0.0002
21.333333333333336,1.000463306607155,0.0002
21.334722222222222,1.0004396521026713,0.0002
21.336111111111112,1.000696851279961,0.0002
21.337500000000002,1.0002624367170398,0.0002
21.33888888888889,1.0002859988948405,0.0002
21.34027777777778,1.0007148363300338,0.0002
21.34166666666667,1.0003334348424806,0.0002
21.343055555555555,1.000530863570282,0.0002
21.344444444444445,1.0004063547968016,0.0002
21.345833333333335,1.0003446713360389,0.0002
21.34722222222222,1.000610723466206,0.0002
21.34861111111111,1.000479744755772,0.0002
21.35,1.0000611406552091,0.0002
21.35138888888889,1.0003673547754752,0.0002
21.352777777777778,1.000124405604719,0.0002
21.354166666666668,1.0005720792893993,0.0002
21.355555555555558,1.0007525807600275,0.0002
21.356944444444444,1.0007646345155774,0.0002
21.358333333333334,1.0003641649490218,0.0002
21.359722222222224,1.0002638754420425,0.0002
21.36111111111111,1.0004408768220578,0.0002
21.3625,1.0001824275717865,0.0002
21.36388888888889,1.000819349368814,0.0002
21.365277777777777,1.0005457478575879,0.0002
21.366666666666667,1.0004560785976921,0.0002
21.368055555555557,1.0005967660952215,0.0002
21.369444444444444,1.0002195287443463,0.0002
21.370833333333334,1.0001110905767707,0.0002
21.372222222222224,0.9999449187455952,0.0002
21.373611111111114,1.0004111399677893,0.0002
21.375,1.0003115727214325,0.0002
21.37638888888889,1.0004116723041512,0.0002
21.37777777777778,1.0002684265154087,0.0002
21.379166666666666,1.0004299037882496,0.0002
21.380555555555556,1.0004939180561383,0.0002
21.381944444444446,0.9999629064229495,0.0002
21.383333333333333,1.000446133760861,0.0002
21.384722222222223,1.0001973476368555,0.0002
21.386111111111113,1.0003615660380847,0.0002
21.3875,1.000415811988161,0.0002
21.38888888888889,1.0003685389414023,0.0002
21.39027777777778,1.0002380616828,0.0002
21.391666666666666,1.000259122802369,0.0002
21.393055555555556,1.0004235486068045,0.0002
21.394444444444446,0.9999559865262976,0.0002
21.395833333333336,1.0000807407667154,0.0002
21.397222222222222,1.0001937055263397,0.0002
21.398611111111112,0.9999734899401633,0.0002
21.400000000000002,1.000238752695372,0.0002
21.40138888888889,1.0002922425664265,0.0002
21.40277777777778,1.000319000493762,0.0002
21.40416666666667,1.000280559431192,0.0002
21.405555555555555,1.0005439697929688,0.0002
21.406944444444445,1.000530433149405,0.0002
21.408333333333335,1.0004827496160968,0.0002
21.40972222222222,1.0003937605785034,0.0002
21.41111111111111,1.000508872480361,0.0002
21.4125,1.000514847706036,0.0002
21.41388888888889,1.0010719899548515,0.0002
21.415277777777778,1.000312441749072,0.0002
21.416666666666668,1.0003607341930438,0.0002
21.418055555555558,1.0003562482525856,0.0002
21.419444444444444,1.0006703164980228,0.0002
21.420833333333334,1.0006611917530823,0.0002
21.422222222222224,1.0004891177964343,0.0002
21.42361111111111,1.0007109565352714,0.0002
21.425,1.0006366137654423,0.0002
21.42638888888889,1.0007595678253625,0.0002
21.427777777777777,1.0007702919008894,0.0002
21.429166666666667,1.0000882778732114,0.0002
21.430555555555557,1.0006584224960942,0.0002
21.431944444444444,1.0002375535630768,0.0002
21.433333333333334,1.0005453409723517,0.0002
21.434722222222224,1.0004007952740797,0.0002
21.436111111111114,1.0004707176035041,0.0002
21.4375,1.0002363414038706,0.0002
21.43888888888889,1.0006329752929752,0.0002
21.44027777777778,1.0000563375555478,0.0002
21.441666666666666,1.000511360231635,0.0002
21.443055555555556,1.0001001756056,0.0002
21.444444444444446,1.0003924177723653,0.0002
21.445833333333333,1.000796094785219,0.0002
21.447222222222223,1.000946626559828,0.0002
21.448611111111113,1.000159209934971,0.0002
21.45,1.000330221968379,0.0002
21.45138888888889,1.000347343873866,0.0002
21.45277777777778,1.0009218865384857,0.0002
21.454166666666666,1.0005207432565195,0.0002
21.455555555555556,1.0007443982674296,0.0002
21.456944444444446,1.0006565378790155,0.0002
21.458333333333336,1.0003735058738725,0.0002
21.459722222222222,1.000258476126444,0.0002
21.461111111111112,1.0006172787150311,0.0002
21.462500000000002,1.0012783458803476,0.0002
21.46388888888889,1.0009427166207092,0.0002
21.46527777777778,1.0010652587759363,0.0002
21.46666666666667,1.0006703758416067,0.0002
21.468055555555555,1.0008847865975554,0.0002
21.469444444444445,1.0010947790295013,0.0002
21.470833333333335,1.000621809280886,0.0002
21.47222222222222,1.0008417499992879,0.0002
21.47361111111111,1.0006287580511513,0.0002
21.475,1.0009882555259912,0.0002
21.47638888888889,1.0008492853607267,0.0002
21.477777777777778,1.0009879373356765,0.0002
21.479166666666668,1.0010502512135289,0.0002
21.480555555555558,1.0009341331078188,0.0002
21.481944444444444,1.0011331773296888,0.0002
21.483333333333334,1.0008848233978027,0.0002
21.484722222222224,1.0010452097547171,0.0002
21.48611111111111,1.0005349443252898,0.0002
21.4875,1.0007506108409179,0.0002
21.48888888888889,1.0013421846109463,0.0002
21.490277777777777,1.0009772454240362,0.0002
21.491666666666667,1.0009351802221265,0.0002
21.493055555555557,1.0005902720631175,0.0002
21.494444444444444,1.0005156704234501,0.0002
21.495833333333334,1.000686595230277,0.0002
21.497222222222224,1.00077880214411,0.0002
21.498611111111114,1.0011882323107846,0.0002
21.5,1.0010619867109842,0.0002
21.50138888888889,1.0008121335586702,0.0002
21.50277777777778,1.0007833670425763,0.0002
21.504166666666666,1.0009539414063513,0.0002
21.505555555555556,1.0005538435436225,0.0002
21.506944444444446,1.0003936563132807,0.0002
21.508333333333333,1.0009688681935245,0.0002
21.509722222222223,1.0008099699001358,0.0002
21.511111111111113,1.0004973024373618,0.0002
21.5125,1.0003626187820904,0.0002
21.51388888888889,1.000960288071801,0.0002
21.51527777777778,1.000652979901477,0.0002
21.516666666666666,1.0008115809825069,0.0002
21.518055555555556,1.0006296202291425,0.0002
21.519444444444446,1.0006571494268912,0.0002
21.520833333333336,1.0005954364534995,0.0002
21.522222222222222,1.0007094137339068,0.0002
21.523611111111112,1.0008835384544261,0.0002
21.525000000000002,1.0007361723192911,0.0002
21.52638888888889,1.0006964484243435,0.0002
21.52777777777778,1.0008089123142012,0.0002
21.52916666666667,1.0007796274170488,0.0002
21.530555555555555,1.0003863644567859,0.0002
21.531944444444445,1.0005736365320756,0.0002
21.533333333333335,1.0005191644168598,0.0002
21.53472222222222,1.0006706626372908,0.0002
21.53611111111111,1.001055337935244,0.0002
21.5375,1.000805131418575,0.0002
21.53888888888889,1.0012387438404,0.0002
21.540277777777778,1.0009220550205595,0.0002
21.541666666666668,1.0008338390743488,0.0002
21.543055555555558,1.0008844026716985,0.0002
21.544444444444444,1.0009730723210077,0.0002
21.545833333333334,1.0010059905415842,0.0002
21.547222222222224,1.0007363670796445,0.0002
21.54861111111111,1.000859068575091,0.0002
21.55,1.0006527065852715,0.0002
21.55138888888889,1.0010063568802547,0.0002
21.552777777777777,1.000382534805522,0.0002
21.554166666666667,1.0007496224489576,0.0002
21.555555555555557,1.0004335413097631,0.0002
21.556944444444444,1.0007570539558326,0.0002
21.558333333333334,1.0006272988097729,0.0002
21.559722222222224,1.000365461680623,0.0002
21.561111111111114,1.0008986673563067,0.0002
21.5625,1.0002037260407908,0.0002
21.56388888888889,1.0006460790028033,0.0002
21.56527777777778,1.000824539240457,0.0002
21.566666666666666,1.0009698798118924,0.0002
21.568055555555556,1.0003841296354004,0.0002
21.569444444444446,1.0006255321284716,0.0002
21.570833333333333,1.0009158148731379,0.0002
21.572222222222223,1.0008596896727608,0.0002
21.573611111111113,1.0009289841886626,0.0002
21.575,1.0012162686070774,0.0002
21.57638888888889,1.0005774579105722,0.0002
21.57777777777778,1.000772027417403,0.0002
21.579166666666666,1.000685460350146,0.0002
21.580555555555556,1.000411223527043,0.0002
21.581944444444446,1.0007621100158912,0.0002
21.583333333333336,1.000312940014839,0.0002
21.584722222222222,1.0005472092850627,0.0002
21.586111111111112,1.0003432168858222,0.0002
21.587500000000002,1.0007910550600254,0.0002
21.58888888888889,1.0005140117200404,0.0002
21.59027777777778,1.000285153169287,0.0002
21.59166666666667,1.0007868777715463,0.0002
21.593055555555555,1.000468447196319,0.0002
21.594444444444445,1.0005019920503133,0.0002
21.595833333333335,1.0003341761622733,0.0002
21.59722222222222,1.0008087802441838,0.0002
21.59861111111111,1.0006261922117987,0.0002
21.6,1.0005623362299125,0.0002
21.60138888888889,1.0002482762322726,0.0002
21.602777777777778,1.0012054684182792,0.0002
21.604166666666668,1.0011623807560999,0.0002
21.605555555555558,1.0010359865240168,0.0002
21.606944444444444,1.0005883580654513,0.0002
21.608333333333334,1.0005864239766835,0.0002
21.609722222222224,1.0007249108296492,0.0002
21.61111111111111,1.0004656809328534,0.0002
21.6125,1.000447217947589,0.0002
21.61388888888889,1.0008633906653208,0.0002
21.615277777777777,1.0006650457651256,0.0002
21.616666666666667,1.0004399445867527,0.0002
21.618055555555557,1.0008571386369933,0.0002
21.619444444444444,1.0005229398816786,0.0002
21.620833333333334,1.0002293690206765,0.0002
21.622222222222224,1.0003816569902266,0.0002
21.623611111111114,1.0005049053766946,0.0002
21.625,1.0006512486494394,0.0002
21.62638888888889,1.0006780516745297,0.0002
21.62777777777778,1.0008993289737882,0.0002
21.629166666666666,1.0006382042871937,0.0002
21.630555555555556,1.00059171521301,0.0002
21.631944444444446,1.0009440909146405,0.0002
21.633333333333333,1.0008794884425902,0.0002
21.634722222222223,1.000686515343957,0.0002
21.636111111111113,1.0008019974919402,0.0002
21.6375,1.0006409695239873,0.0002
21.63888888888889,1.0004946860229778,0.0002
21.64027777777778,1.0011612441546007,0.0002
21.641666666666666,1.0006144744058874,0.0002
21.643055555555556,1.0007789441278345,0.0002
21.644444444444446,1.0003910412526413,0.0002
21.645833333333336,1.0008759844860902,0.0002
21.647222222222222,1.0005249729088161,0.0002
21.648611111111112,1.0011827842708052,0.0002
21.650000000000002,1.0011787370143534,0.0002
21.65138888888889,1.0009624152034216,0.0002
21.65277777777778,1.0007847509733026,0.0002
21.65416666666667,1.0007617707563328,0.0002
21.655555555555555,1.0007229068532582,0.0002
21.656944444444445,1.0007690057120935,0.0002
21.658333333333335,1.0007199500787813,0.0002
21.65972222222222,1.00086965624791,0.0002
21.66111111111111,1.0004547380786821,0.0002
21.6625,1.0009215950967123,0.0002
21.66388888888889,1.0005644567653764,0.0002
21.665277777777778,1.0004569417640774,0.0002
21.666666666666668,1.0006758879456807,0.0002
21.668055555555558,1.0006711177772527,0.0002
21.669444444444444,1.0002756161764312,0.0002
21.670833333333334,1.0005651331004817,0.0002
21.672222222222224,1.000142889568183,0.0002
21.67361111111111,1.0004895823993873,0.0002
21.675,1.0004700353913805,0.0002
21.67638888888889,1.0006665628376255,0.0002
21.677777777777777,1.0004063852967358,0.0002
21.679166666666667,1.0004704098509356,0.0002
21.680555555555557,1.0009575538640274,0.0002
21.681944444444444,1.001115095184755,0.0002
21.683333333333334,1.0004967666066196,0.0002
21.684722222222224,1.0008738894496276,0.0002
21.686111111111114,1.0006802532107737,0.0002
21.6875,1.000320775563075,0.0002
21.68888888888889,1.0005242676132335,0.0002
21.69027777777778,1.0000287548834095,0.0002
21.691666666666666,1.000652363447002,0.0002
21.693055555555556,1.0003727173737589,0.0002
21.694444444444446,1.0006571184963562,0.0002
21.695833333333333,1.0010917086371598,0.0002
21.697222222222223,1.0009466867358001,0.0002
21.698611111111113,1.0004701856571945,0.0002
21.7,1.000379092066399,0.0002
21.70138888888889,1.0008178338596418,0.0002
21.70277777777778,1.0004378101417517,0.0002
21.704166666666666,1.0007733510139805,0.0002
21.705555555555556,1.0010886349021513,0.0002
21.706944444444446,1.0007197640584427,0.0002
21.708333333333336,1.0008310901143658,0.0002
21.709722222222222,1.0007715116206786,0.0002
21.711111111111112,1.0004902541205576,0.0002
21.712500000000002,1.0007056274836144,0.0002
21.71388888888889,1.0004711248457259,0.0002
21.71527777777778,1.0008921455197657,0.0002
21.71666666666667,1.0003959271689113,0.0002
21.718055555555555,1.0007658571681697,0.0002
21.719444444444445,1.0007918462463978,0.0002
21.720833333333335,1.000527503206283,0.0002
21.72222222222222,1.0005589285098053,0.0002
21.72361111111111,1.0006580962648726,0.0002
21.725,1.0005294783338117,0.0002
21.72638888888889,1.0007930281691062,0.0002
21.727777777777778,1.0006672401161527,0.0002
21.729166666666668,1.000752378932146,0.0002
21.730555555555558,1.0009510465277196,0.0002
21.731944444444444,1.0009503883560684,0.0002
21.733333333333334,1.0007906390303314,0.0002
21.734722222222224,1.0004971114099674,0.0002
21.73611111111111,1.0011415387503313,0.0002
21.7375,1.000891619621846,0.0002
21.73888888888889,1.0013560753723,0.0002
21.740277777777777,1.0009092854403985,0.0002
21.741666666666667,1.0009282827770025,0.0002
21.743055555555557,1.000805455628439,0.0002
21.744444444444444,1.0009297878203023,0.0002
21.745833333333334,1.0016195572675377,0.0002
21.747222222222224,1.000813478913914,0.0002
21.748611111111114,1.0010187194979574,0.0002
21.75,1.0007080070818797,0.0002
21.75138888888889,1.0008773952156595,0.0002
21.75277777777778,1.0002260405738592,0.0002
21.754166666666666,1.0010096534218444,0.0002
21.755555555555556,1.0006393193963221,0.0002
21.756944444444446,1.0004620327834033,0.0002
21.758333333333333,1.000653593711716,0.0002
21.759722222222223,1.0004505842334155,0.0002
21.761111111111113,1.0001667285138378,0.0002
21.7625,0.9998842083835956,0.0002
21.76388888888889,1.000765349070352,0.0002
21.76527777777778,1.0003102270173858,0.0002
21.76666666666667,1.000215728662569,0.0002
21.768055555555556,1.0002062435895223,0.0002
21.769444444444446,1.0006429476555165,0.0002
21.770833333333336,1.0002448292104649,0.0002
21.772222222222222,1.0005195123562245,0.0002
21.773611111111112,1.000270946313218,0.0002
21.775000000000002,1.0000845013412252,0.0002
21.77638888888889,1.0004892852886083,0.0002
21.77777777777778,1.000473538042429,0.0002
21.77916666666667,1.000113875586043,0.0002
21.780555555555555,1.000321150985026,0.0002
21.781944444444445,1.000309031241118,0.0002
21.783333333333335,1.0003727042311583,0.0002
21.78472222222222,1.0006179250448892,0.0002
21.78611111111111,1.0000922004299302,0.0002
21.7875,1.0000549683023092,0.0002
21.78888888888889,1.0000653240773782,0.0002
21.790277777777778,0.9998933897289828,0.0002
21.791666666666668,0.9997270482631273,0.0002
21.793055555555558,1.0000229817976602,0.0002
21.794444444444444,1.0000731224985948,0.0002
21.795833333333334,0.9999910693223395,0.0002
21.797222222222224,0.9999160611312596,0.0002
21.79861111111111,0.9997326831095318,0.0002
21.8,0.9999763134620338,0.0002
21.80138888888889,0.9999241419668293,0.0002
21.802777777777777,1.0000007841093068,0.0002
21.804166666666667,0.9999011710101317,0.0002
21.805555555555557,0.9999558173872375,0.0002
21.806944444444444,1.0001575598710801,0.0002
21.808333333333334,1.0000108323452153,0.0002
21.809722222222224,1.0000438916433054,0.0002
21.811111111111114,0.9995842624100644,0.0002
21.8125,1.0001153005682182,0.0002
21.81388888888889,0.9999077076195058,0.0002
21.81527777777778,1.0000671356302697,0.0002
21.816666666666666,0.9997650457395841,0.0002
21.818055555555556,1.0004324012235826,0.0002
21.819444444444446,0.9995672651072616,0.0002
21.820833333333333,1.0003561360030135,0.0002
21.822222222222223,1.0001706513901325,0.0002
21.823611111111113,0.9997401330330796,0.0002
21.825,1.0005027555375912,0.0002
21.82638888888889,1.0002173177212266,0.0002
21.82777777777778,0.9996425657120275,0.0002
21.82916666666667,0.9999741554617875,0.0002
21.830555555555556,1.0001203617948504,0.0002
21.831944444444446,1.0003263284531463,0.0002
21.833333333333336,0.9999442099378326,0.0002
21.834722222222222,0.9995405349829213,0.0002
21.836111111111112,1.0003959096715613,0.0002
21.837500000000002,1.0002237813579866,0.0002
21.83888888888889,0.9996964111773623,0.0002
21.84027777777778,1.0002240609506061,0.0002
21.84166666666667,1.0002637629020243,0.0002
21.843055555555555,1.0001307179970644,0.0002
21.844444444444445,0.9999660261721354,0.0002
21.845833333333335,0.9999734142668996,0.0002
21.84722222222222,0.999983292871736,0.0002
21.84861111111111,1.0001698076581123,0.0002
21.85,1.000331971322648,0.0002
21.85138888888889,0.9996456722385466,0.0002
21.852777777777778,1.0001978052324991,0.0002
21.854166666666668,1.0002480896600723,0.0002
21.855555555555558,1.0002304724063225,0.0002
21.856944444444444,1.000138693575353,0.0002
21.858333333333334,1.0005692546470264,0.0002
21.859722222222224,1.0005636122116857,0.0002
21.86111111111111,1.0001591342602456,0.0002
21.8625,1.0002108313654434,0.0002
21.86388888888889,1.00040524066042,0.0002
21.865277777777777,1.0004974271434202,0.0002
21.866666666666667,1.0001076996002154,0.0002
21.868055555555557,1.0000584411711737,0.0002
21.869444444444444,1.0002952146003352,0.0002
21.870833333333334,0.9999659986688215,0.0002
21.872222222222224,0.9997837470548787,0.0002
21.873611111111114,1.0000179266233593,0.0002
21.875,1.000175937401601,0.0002
21.87638888888889,1.0003675867090267,0.0002
21.87777777777778,0.9998239703817479,0.0002
21.879166666666666,0.9999127269243813,0.0002
21.880555555555556,1.0000233551582682,0.0002
21.881944444444446,0.999808403833465,0.0002
21.883333333333333,0.9998248068521105,0.0002
21.884722222222223,1.0001672507773471,0.0002
21.886111111111113,0.9999270503427125,0.0002
21.8875,1.0000190694477564,0.0002
21.88888888888889,1.0001711276782081,0.0002
21.89027777777778,1.0002135368134877,0.0002
21.89166666666667,0.9997741266754362,0.0002
21.893055555555556,1.0000522864790786,0.0002
21.894444444444446,0.9998384321814912,0.0002
21.895833333333336,1.0000096593870553,0.0002
21.897222222222222,1.000278202757571,0.0002
21.898611111111112,1.0001144777709616,0.0002
21.900000000000002,1.0004702618021792,0.0002
21.90138888888889,1.0001159492216438,0.0002
21.90277777777778,1.0003206236947204,0.0002
21.90416666666667,0.9997268995081547,0.0002
21.905555555555555,0.9984711354715566,0.0002
21.906944444444445,0.996793789117832,0.0002
21.908333333333335,0.9954272238303089,0.0002
21.90972222222222,0.9937806131756894,0.0002
21.91111111111111,0.9924560189857289,0.0002
21.9125,0.9920011064149431,0.0002
21.91388888888889,0.9912703605755444,0.0002
21.915277777777778,0.9910990794820469,0.0002
21.916666666666668,0.9907871732567647,0.0002
21.918055555555558,0.9907355712523314,0.0002
21.919444444444444,0.9904120052332767,0.0002
21.920833333333334,0.9903256695750464,0.0002
21.922222222222224,0.9903901567442428,0.0002
21.92361111111111,0.9902034137621097,0.0002
21.925,0.9902320827214328,0.0002
21.92638888888889,0.9898987327758824,0.0002
21.927777777777777,0.9898504691421364,0.0002
21.929166666666667,0.9904258556234219,0.0002
21.930555555555557,0.9898019783274122,0.0002
21.931944444444444,0.9893978196307499,0.0002
21.933333333333334,0.9898787729218628,0.0002
21.934722222222224,0.9896272980602867,0.0002
21.936111111111114,0.9898435421144576,0.0002
21.9375,0.989751110558059,0.0002
21.93888888888889,0.9898464318516627,0.0002
21.94027777777778,0.9897585518135764,0.0002
21.941666666666666,0.9896413333869778,0.0002
21.943055555555556,0.9898717932077202,0.0002
21.944444444444446,0.9891447031153829,0.0002
21.945833333333333,0.9892143990176833,0.0002
21.947222222222223,0.9893481751373929,0.0002
21.948611111111113,0.9891476487717964,0.0002
21.95,0.9894333213385532,0.0002
21.95138888888889,0.9894371689575037,0.0002
21.95277777777778,0.9897851307274811,0.0002
21.95416666666667,0.9895660335083867,0.0002
21.955555555555556,0.9895248443285318,0.0002
21.956944444444446,0.9895181661510924,0.0002
21.958333333333336,0.9894524293481975,0.0002
21.959722222222222,0.9898707045300673,0.0002
21.961111111111112,0.9899399757233096,0.0002
21.962500000000002,0.9894439819485964,0.0002
21.96388888888889,0.990068158140745,0.0002
21.96527777777778,0.9896398352205029,0.0002
21.96666666666667,0.9896821893485221,0.0002
21.968055555555555,0.9899860517469573,0.0002
21.969444444444445,0.9900619267372526,0.0002
21.970833333333335,0.990036141902824,0.0002
21.97222222222222,0.9901044810673676,0.0002
21.97361111111111,0.990607435399511,0.0002
21.975,0.9904069143674483,0.0002
21.97638888888889,0.9907304285070074,0.0002
21.977777777777778,0.9912056898315359,0.0002
21.979166666666668,0.990710030721318,0.0002
21.980555555555558,0.9910966005920783,0.0002
21.981944444444444,0.9916804799867233,0.0002
21.983333333333334,0.9919111906249066,0.0002
21.984722222222224,0.9924140993071663,0.0002
21.98611111111111,0.9925836803238218,0.0002
21.9875,0.9943827012208124,0.0002
21.98888888888889,0.9958783701264741,0.0002
21.990277777777777,0.997895704997393,0.0002
21.991666666666667,0.9990294092892652,0.0002
21.993055555555557,0.999922116872699,0.0002
21.994444444444444,1.000409717852652,0.0002
21.995833333333334,1.000408824860587,0.0002
21.997222222222224,1.0005572208583258,0.0002
21.998611111111114,1.0001787551351626,0.0002
22.0,1.0006163699960644,0.0002
22.00138888888889,1.000004404184972,0.0002
22.00277777777778,1.0003398523677938,0.0002
22.004166666666666,1.0001976428731882,0.0002
22.005555555555556,1.0003142453842684,0.0002
22.006944444444446,1.0004725012612428,0.0002
22.008333333333333,0.999892036046248,0.0002
22.009722222222223,1.000179787874394,0.0002
22.011111111111113,0.9999444533322027,0.0002
22.0125,1.000156202098199,0.0002
22.01388888888889,0.9999532786961947,0.0002
22.01527777777778,1.0003226190336758,0.0002
22.01666666666667,1.0002551701220506,0.0002
22.018055555555556,1.0004386451128238,0.0002
22.019444444444446,1.000598042431799,0.0002
22.020833333333336,1.0004211986043723,0.0002
22.022222222222222,1.000668459427944,0.0002
22.023611111111112,1.000758791924938,0.0002
22.025000000000002,1.0002633475336438,0.0002
22.02638888888889,1.0006896441457132,0.0002
22.02777777777778,1.0003447953377973,0.0002
22.02916666666667,1.0001568782849144,0.0002
22.030555555555555,1.0004507729258056,0.0002
22.031944444444445,1.0004361025667639,0.0002
22.033333333333335,1.0001467532860384,0.0002
22.03472222222222,1.0002059821121931,0.0002
22.03611111111111,1.0007487032236861,0.0002
22.0375,1.0004477706225592,0.0002
22.03888888888889,1.0007218074811393,0.0002
22.040277777777778,1.0003584949298052,0.0002
22.041666666666668,1.0002877510764723,0.0002
22.043055555555558,1.0001275571129031,0.0002
22.044444444444444,1.0006856854211106,0.0002
22.045833333333334,1.0006016166255218,0.0002
22.047222222222224,1.000399477878038,0.0002
22.04861111111111,1.0003631345281916,0.0002
22.05,1.0007584520202293,0.0002
22.05138888888889,1.000477542303613,0.0002
22.052777777777777,1.0004901436417972,0.0002
22.054166666666667,1.000418772798856,0.0002
22.055555555555557,1.0005065506094828,0.0002
22.056944444444444,1.000650055694165,0.0002
22.058333333333334,1.0003169561131062,0.0002
22.059722222222224,1.0006171709324068,0.0002
22.061111111111114,1.0007687650244126,0.0002
22.0625,1.0005359350272203,0.0002
22.06388888888889,1.0007177807192504,0.0002
22.06527777777778,1.000695377519169,0.0002
22.066666666666666,1.0006386881775082,0.0002
22.068055555555556,1.000440702334926,0.0002
22.069444444444446,1.0004669954876486,0.0002
22.070833333333333,1.0004996469034158,0.0002
22.072222222222223,1.0003706406456712,0.0002
22.073611111111113,1.0003616717906447,0.0002
22.075,1.00038749340038,0.0002
22.07638888888889,1.0010039948793892,0.0002
22.07777777777778,1.0004143396061174,0.0002
22.07916666666667,1.000671770147869,0.0002
22.080555555555556,1.0001752407198006,0.0002
22.081944444444446,1.000637133989335,0.0002
22.083333333333336,1.0002642009393203,0.0002
22.084722222222222,1.0004047424276303,0.0002
22.086111111111112,1.0000915876100998,0.0002
22.087500000000002,1.0007013584945683,0.0002
22.08888888888889,1.0006415098491346,0.0002
22.09027777777778,1.0001082608131742,0.0002
22.09166666666667,1.0006409639505736,0.0002
22.093055555555555,1.0002124224696287,0.0002
22.094444444444445,1.0006682529932764,0.0002
22.095833333333335,1.0004732139041221,0.0002
22.09722222222222,1.000738189992759,0.0002
22.09861111111111,1.0005187053934301,0.0002
22.1,1.000655619418109,0.0002
22.10138888888889,1.0007881012667683,0.0002
22.102777777777778,1.0004924882292177,0.0002
22.104166666666668,1.0005454201995014,0.0002
22.105555555555558,1.0003320631785506,0.0002
22.106944444444444,1.0005122848543178,0.0002
22.108333333333334,1.0009860257526333,0.0002
22.109722222222224,1.0007184268565452,0.0002
22.11111111111111,1.0003098255147804,0.0002
22.1125,1.0009073365194092,0.0002
22.11388888888889,1.0005836940770165,0.0002
22.115277777777777,1.0007464794835204,0.0002
22.116666666666667,1.000591041743132,0.0002
22.118055555555557,1.0005499851524566,0.0002
22.119444444444444,1.0001106235870951,0.0002
22.120833333333334,1.0007313376997122,0.0002
22.122222222222224,0.9999987679386931,0.0002
22.123611111111114,1.000672083745335,0.0002
22.125,1.0004916400010633,0.0002
22.12638888888889,1.0006287422685796,0.0002
22.12777777777778,1.000464644475877,0.0002
22.129166666666666,1.0006399351119006,0.0002
22.130555555555556,1.000407659941137,0.0002
22.131944444444446,1.0005715234611745,0.0002
22.133333333333333,1.0005850989188334,0.0002
22.134722222222223,1.000862586363256,0.0002
22.136111111111113,1.0005819711047865,0.0002
22.1375,1.00027941928769,0.0002
22.13888888888889,1.0003549471575521,0.0002
22.14027777777778,1.0006035293903337,0.0002
22.14166666666667,1.0007247342723802,0.0002
22.143055555555556,1.0002631770404984,0.0002
22.144444444444446,1.0008180222212884,0.0002
22.145833333333336,1.0004194597369087,0.0002
22.147222222222222,1.000428829721938,0.0002
22.148611111111112,1.0001055866649824,0.0002
22.150000000000002,1.000658238137361,0.0002
22.15138888888889,1.0003535695955124,0.0002
22.15277777777778,1.000227016835599,0.0002
22.15416666666667,1.0002739388554251,0.0002
22.155555555555555,1.0006007528693035,0.0002
22.156944444444445,1.0004011223159308,0.0002
22.158333333333335,1.000136951021655,0.0002
22.15972222222222,1.000222804285811,0.0002
22.16111111111111,1.0006896103235765,0.0002
22.1625,1.0003600623611943,0.0002
22.16388888888889,1.0004666544675895,0.0002
22.165277777777778,1.000568089262577,0.0002
22.166666666666668,0.9997807490923518,0.0002
22.168055555555558,1.0007277768862248,0.0002
22.169444444444444,1.0002929648782644,0.0002
22.170833333333334,1.00041951169143,0.0002
22.172222222222224,1.0007896334288064,0.0002
22.17361111111111,1.0006771233855094,0.0002
22.175,1.0005118279722716,0.0002
22.17638888888889,1.000599484592199,0.0002
22.177777777777777,1.000714940213529,0.0002
22.179166666666667,1.0007717823871825,0.0002
22.180555555555557,1.0008073402804902,0.0002
22.181944444444444,1.0005284753282748,0.0002
22.183333333333334,1.0003631294934612,0.0002
22.184722222222224,1.0004645708532638,0.0002
22.186111111111114,1.0005424973873438,0.0002
22.1875,1.000515867333681,0.0002
22.18888888888889,1.0003575922231158,0.0002
22.19027777777778,1.0007028215865306,0.0002
22.191666666666666,1.0002671066422655,0.0002
22.193055555555556,1.000589610283362,0.0002
22.194444444444446,1.0005828829535386,0.0002
22.195833333333333,1.00054996179774,0.0002
22.197222222222223,1.0006231683916518,0.0002
22.198611111111113,1.0005975423474767,0.0002
22.2,1.0009200195678765,0.0002
22.20138888888889,1.0003646437984077,0.0002
22.20277777777778,1.0005234273098462,0.0002
22.20416666666667,1.0005294861435192,0.0002
22.205555555555556,1.0005842445117201,0.0002
22.206944444444446,1.000278226432529,0.0002
22.208333333333336,1.0002407920742977,0.0002
22.209722222222222,1.0004744324887245,0.0002
22.211111111111112,1.0002436939347294,0.0002
22.212500000000002,1.000438797614572,0.0002
22.21388888888889,1.0004055643587306,0.0002
22.21527777777778,1.0005280681641298,0.0002
22.21666666666667,1.000705910657154,0.0002
22.218055555555555,1.0002822759067798,0.0002
22.219444444444445,1.0006992078109413,0.0002
22.220833333333335,1.000398548025934,0.0002
22.22222222222222,1.000393718743527,0.0002
22.22361111111111,1.0005490011440317,0.0002
22.225,1.0003858577400007,0.0002
22.22638888888889,1.0002482043686496,0.0002
22.227777777777778,1.0003300493413751,0.0002
22.229166666666668,1.0000328715923392,0.0002
22.230555555555558,1.0005185949336903,0.0002
22.231944444444444,0.9997663652680168,0.0002
22.233333333333334,1.0004843454349708,0.0002
22.234722222222224,1.0004847211356118,0.0002
22.23611111111111,1.0006730259606214,0.0002
22.2375,1.0007712749596873,0.0002
22.23888888888889,1.0005167835680906,0.0002
22.240277777777777,1.0002135457187116,0.0002
22.241666666666667,1.0007494802613095,0.0002
22.243055555555557,1.000099110499623,0.0002
22.244444444444444,0.9999132891158247,0.0002
22.245833333333334,1.0006504134011105,0.0002
22.247222222222224,1.000299039490255,0.0002
22.248611111111114,0.9998569742941358,0.0002
22.25,0.9999529231118977,0.0002
22.25138888888889,1.0003647271296745,0.0002
22.25277777777778,1.0001021068926084,0.0002
22.254166666666666,1.0001558319295254,0.0002
22.255555555555556,1.0006938520267459,0.0002
22.256944444444446,1.000747783217554,0.0002
22.258333333333333,1.0003034833451725,0.0002
22.259722222222223,1.0001904609128016,0.0002
22.261111111111113,1.0003963347934577,0.0002
22.2625,1.0000724023049432,0.0002
22.26388888888889,0.9998035812775774,0.0002
22.26527777777778,0.9997143837929471,0.0002
22.26666666666667,1.0002191514122565,0.0002
22.268055555555556,1.0003977473491399,0.0002
22.269444444444446,1.0002305386458141,0.0002
22.270833333333336,1.0003861224058375,0.0002
22.272222222222222,1.0004183938111548,0.0002
22.273611111111112,1.0005166587077579,0.0002
22.275000000000002,1.000213132837709,0.0002
22.27638888888889,1.0001328213918417,0.0002
22.27777777777778,1.000053201589995,0.0002
22.27916666666667,1.0000344298430857,0.0002
22.280555555555555,0.999755128588937,0.0002
22.281944444444445,1.000360327323645,0.0002
22.283333333333335,1.0000469805904963,0.0002
22.28472222222222,1.0000973986073511,0.0002
22.28611111111111,1.0001297635636095,0.0002
22.2875,1.0000178727417544,0.0002
22.28888888888889,1.0002137894871936,0.0002
22.290277777777778,1.000334858436061,0.0002
22.291666666666668,1.0001462075494831,0.0002
22.293055555555558,1.000507080213361,0.0002
22.294444444444444,1.0002510361634476,0.0002
22.295833333333334,0.9999547038632551,0.0002
22.297222222222224,1.0006234135687189,0.0002
22.29861111111111,1.0003520922683353,0.0002
22.3,1.0003939002114006,0.0002
22.30138888888889,1.0003824901810938,0.0002
22.302777777777777,0.9999041153596385,0.0002
22.304166666666667,0.9999393938684679,0.0002
22.305555555555557,1.0003673661020296,0.0002
22.306944444444444,1.0005101357032649,0.0002
22.308333333333334,1.0000905290815347,0.0002
22.309722222222224,0.9999535521809259,0.0002
22.311111111111114,1.0003744513620825,0.0002
22.3125,0.9999520917669726,0.0002
22.31388888888889,1.0001025828313364,0.0002
22.31527777777778,0.9999635695121346,0.0002
22.316666666666666,1.00005057417622,0.0002
22.318055555555556,0.9999262721054928,0.0002
22.319444444444446,1.00006335878905,0.0002
22.320833333333333,1.0000061276649086,0.0002
22.322222222222223,1.0002506052860687,0.0002
22.323611111111113,1.0001254834292579,0.0002
22.325,1.0002341149657745,0.0002
22.32638888888889,0.9998569190502643,0.0002
22.32777777777778,1.0000569577796337,0.0002
22.32916666666667,1.0001983912034693,0.0002
22.330555555555556,1.0001479192208609,0.0002
22.331944444444446,0.9996338268002593,0.0002
22.333333333333336,1.0000289133219917,0.0002
22.334722222222222,0.9997912058188282,0.0002
22.336111111111112,1.0001296188642468,0.0002
22.337500000000002,1.0003732659720788,0.0002
22.33888888888889,0.9994433163769845,0.0002
22.34027777777778,0.9998633853586224,0.0002
22.34166666666667,1.0000168541489247,0.0002
22.343055555555555,0.9999896267344262,0.0002
22.344444444444445,1.0001604815459217,0.0002
22.345833333333335,0.9999773543414502,0.0002
22.34722222222222,0.999893036202957,0.0002
22.34861111111111,0.9998290532274513,0.0002
22.35,0.999787848340308,0.0002
22.35138888888889,0.9998554717916857,0.0002
22.352777777777778,0.9999639741673294,0.0002
22.354166666666668,1.0001806015272579,0.0002
22.355555555555558,1.0000546086299917,0.0002
22.356944444444444,0.9999259332421445,0.0002
22.358333333333334,0.9999009919409728,0.0002
22.359722222222224,0.9999675479703832,0.0002
22.36111111111111,0.9999877536482594,0.0002
22.3625,0.9999561351860549,0.0002
22.36388888888889,1.0002557486103325,0.0002
22.365277777777777,1.0003920919715552,0.0002
22.366666666666667,0.9999381435503266,0.0002
22.368055555555557,1.0004545939923484,0.0002
22.369444444444444,1.0003935553968137,0.0002
22.370833333333334,1.000353496316471,0.0002
22.372222222222224,1.0006230962061704,0.0002
22.373611111111114,1.0003150644961787,0.0002
22.375,1.0004751723030771,0.0002
22.37638888888889,1.0004658566748459,0.0002
22.37777777777778,1.000492577856097,0.0002
22.379166666666666,1.000603086865908,0.0002
22.380555555555556,1.000609644440055,0.0002
22.381944444444446,1.0006686777762361,0.0002
22.383333333333333,1.0004341407094355,0.0002
22.384722222222223,1.0004303370555452,0.0002
22.386111111111113,1.0004061269527587,0.0002
22.3875,1.0003770352108374,0.0002
22.38888888888889,1.0007151825312657,0.0002
22.39027777777778,1.000373026145523,0.0002
22.39166666666667,1.000603492999142,0.0002
22.393055555555556,1.0004609873796921,0.0002
22.394444444444446,1.0003477501127416,0.0002
22.395833333333336,1.0006618291617042,0.0002
22.397222222222222,1.0004951924202188,0.0002
22.398611111111112,1.0003570340143448,0.0002
22.400000000000002,1.000308308179214,0.0002
22.40138888888889,1.000316930403697,0.0002
22.40277777777778,0.9999999788186319,0.0002
22.40416666666667,1.0001772584351194,0.0002
22.405555555555555,1.0003972493037714,0.0002
22.406944444444445,0.9999427890189441,0.0002
22.408333333333335,1.000110800748141,0.0002
22.40972222222222,1.0002063040061488,0.0002
22.41111111111111,1.0009321618513731,0.0002
22.4125,1.0004371277458848,0.0002
22.41388888888889,1.0005071989153949,0.0002
22.415277777777778,1.0001802225518637,0.0002
22.416666666666668,1.00050354342024,0.0002
22.418055555555558,1.0000335800764195,0.0002
22.419444444444444,1.0002855993651263,0.0002
22.420833333333334,1.0004700234252706,0.0002
22.422222222222224,1.0000588997504325,0.0002
22.42361111111111,1.0003862382154296,0.0002
22.425,1.0004138386577954,0.0002
22.42638888888889,1.0002686809012382,0.0002
22.427777777777777,1.0001622848742635,0.0002
22.429166666666667,1.0002544185336597,0.0002
22.430555555555557,1.0003016646969798,0.0002
22.431944444444444,1.000323307455774,0.0002
22.433333333333334,1.0005610003044765,0.0002
22.434722222222224,1.000366831047095,0.0002
22.436111111111114,1.000780342118002,0.0002
22.4375,1.0008114513646271,0.0002
22.43888888888889,1.0005315867311844,0.0002
22.44027777777778,1.0004389862737486,0.0002
22.441666666666666,1.0003916815400091,0.0002
22.443055555555556,1.0006007558393568,0.0002
22.444444444444446,1.0005718753898654,0.0002
22.445833333333333,1.0003868623594168,0.0002
22.447222222222223,1.000283946055392,0.0002
22.448611111111113,1.0004303777560382,0.0002
22.45,1.0003036734547657,0.0002
22.45138888888889,1.0001437361552206,0.0002
22.45277777777778,1.0002301101435234,0.0002
22.45416666666667,1.0001538743850762,0.0002
22.455555555555556,1.000079261551885,0.0002
22.456944444444446,1.000169782654788,0.0002
22.458333333333336,1.0000670976086616,0.0002
22.459722222222222,1.0001123221815265,0.0002
22.461111111111112,1.0004626483798431,0.0002
22.462500000000002,1.0001731803073526,0.0002
22.46388888888889,1.0006790783433024,0.0002
22.46527777777778,1.000475666353786,0.0002
22.46666666666667,1.0002054486818408,0.0002
22.468055555555555,1.0005747962708467,0.0002
22.469444444444445,1.000220168480577,0.0002
22.470833333333335,1.0006958970005602,0.0002
22.47222222222222,1.0003178665120573,0.0002
22.47361111111111,1.0004463371020251,0.0002
22.475,1.0004032716289617,0.0002
22.47638888888889,1.000470037525032,0.0002
22.477777777777778,1.0002828039609724,0.0002
22.479166666666668,1.0000881773656485,0.0002
22.480555555555558,1.0003101411840793,0.0002
22.481944444444444,1.0004392187950193,0.0002
22.483333333333334,0.9999389620350204,0.0002
22.484722222222224,1.000473863270585,0.0002
22.48611111111111,1.0003665661704835,0.0002
22.4875,1.0001771344136636,0.0002
22.48888888888889,1.000183423801425,0.0002
22.490277777777777,1.0006006507291154,0.0002
22.491666666666667,1.000340665970244,0.0002
22.493055555555557,1.0003248142202676,0.0002
22.494444444444444,0.9999699112965131,0.0002
22.495833333333334,1.0001346415854027,0.0002
22.497222222222224,1.0001109210910415,0.0002
22.498611111111114,0.9999620472613232,0.0002
22.5,1.0000255801326896,0.0002
22.50138888888889,1.0002927717890833,0.0002
22.50277777777778,1.0004799826796555,0.0002
22.504166666666666,1.0001448470636367,0.0002
22.505555555555556,0.9999244663373468,0.0002
22.506944444444446,1.0005493914828723,0.0002
22.508333333333333,1.0006134894632581,0.0002
22.509722222222223,1.0002706089230757,0.0002
22.511111111111113,1.000616600661683,0.0002
22.5125,1.0002986269619012,0.0002
22.51388888888889,1.0000267722684804,0.0002
22.51527777777778,0.9999298650939766,0.0002
22.51666666666667,0.9999424708218968,0.0002
22.518055555555556,1.00015691426874,0.0002
22.519444444444446,1.000049684652668,0.0002
22.520833333333336,1.0000510664670081,0.0002
22.522222222222222,1.000155353102207,0.0002
22.523611111111112,1.0003656245962453,0.0002
22.525000000000002,1.0000697552048536,0.0002
22.52638888888889,1.0000676512996076,0.0002
22.52777777777778,1.00016263774026,0.0002
22.52916666666667,1.000488375660345,0.0002
22.530555555555555,1.0003095593208842,0.0002
22.531944444444445,1.000422239150735,0.0002
22.533333333333335,1.0007164418824752,0.0002
22.53472222222222,1.0010964410185361,0.0002
22.53611111111111,1.0007112035973134,0.0002
22.5375,1.0006870778833425,0.0002
22.53888888888889,1.0003000305934175,0.0002
22.540277777777778,1.0005984739781353,0.0002
22.541666666666668,1.0005217867017187,0.0002
22.543055555555558,1.0007109392582718,0.0002
22.544444444444444,1.0004219189882373,0.0002
22.545833333333334,1.0005946028122674,0.0002
22.547222222222224,1.0006118393251964,0.0002
22.54861111111111,1.0007957772169815,0.0002
22.55,1.0007224647342483,0.0002
22.55138888888889,1.0006242867275752,0.0002
22.552777777777777,1.0004589073934695,0.0002
22.554166666666667,1.0001980017327063,0.0002
22.555555555555557,1.0003946943353703,0.0002
22.556944444444444,1.0000952800389347,0.0002
22.558333333333334,1.0001800603274889,0.0002
22.559722222222224,1.0005522731263685,0.0002
22.561111111111114,1.0003038826708568,0.0002
22.5625,1.0002878809561995,0.0002
22.56388888888889,1.0003806227845127,0.0002
22.56527777777778,1.0002973148676775,0.0002
22.566666666666666,0.9998950626674153,0.0002
22.568055555555556,1.000064838551861,0.0002
22.569444444444446,1.0004629774048552,0.0002
22.570833333333333,1.0001730704249066,0.0002
22.572222222222223,1.0003959993688927,0.0002
22.573611111111113,1.0000856474167077,0.0002
22.575,1.0001765524197277,0.0002
22.57638888888889,1.0003347596360284,0.0002
22.57777777777778,1.0005190293144584,0.0002
22.57916666666667,1.0005161106813116,0.0002
22.580555555555556,1.0000848889786778,0.0002
22.581944444444446,1.0003298446730275,0.0002
22.583333333333336,0.9999487532198684,0.0002
22.584722222222222,1.0001649315043921,0.0002
22.586111111111112,1.0003833298258056,0.0002
22.587500000000002,1.000200112345178,0.0002
22.58888888888889,1.00047127276147,0.0002
22.59027777777778,1.0003336891199854,0.0002
22.59166666666667,1.0002093165223553,0.0002
22.593055555555555,1.0001665070010184,0.0002
22.594444444444445,1.0000357982701369,0.0002
22.595833333333335,0.9997796358580107,0.0002
22.59722222222222,0.9997835179963158,0.0002
22.59861111111111,1.0002403008642322,0.0002
22.6,1.0003213856922961,0.0002
22.60138888888889,0.9998317652066769,0.0002
22.602777777777778,1.0001112744589946,0.0002
22.604166666666668,0.999795418249435,0.0002
22.605555555555558,0.9999404793601491,0.0002
22.606944444444444,1.0002001557822768,0.0002
22.608333333333334,1.0000448158000306,0.0002
22.609722222222224,0.9997062188003937,0.0002
22.61111111111111,1.0003862787250501,0.0002
22.6125,0.9999710103301976,0.0002
22.61388888888889,0.9997531906999073,0.0002
22.615277777777777,1.0000102901914922,0.0002
22.616666666666667,0.999902382835312,0.0002
22.618055555555557,1.00000627181544,0.0002
22.619444444444444,0.9998140331534118,0.0002
22.620833333333334,0.9998961196700552,0.0002
22.622222222222224,0.9999935357814016,0.0002
22.623611111111114,0.999490131419429,0.0002
22.625,0.9996429150715512,0.0002
22.62638888888889,0.9999418528354285,0.0002
22.62777777777778,0.9997010286716989,0.0002
22.629166666666666,0.9997748204751973,0.0002
22.630555555555556,0.9996786604743211,0.0002
22.631944444444446,0.9997767271961892,0.0002
22.633333333333333,0.9996857456761195,0.0002
22.634722222222223,0.9995913096084695,0.0002
22.636111111111113,1.000010460119933,0.0002
22.6375,1.0001660655709195,0.0002
22.63888888888889,0.9999032479244594,0.0002
22.64027777777778,1.0001935808819042,0.0002
22.64166666666667,0.9998907871030993,0.0002
22.643055555555556,0.9998467784796533,0.0002
22.644444444444446,1.0000212431788296,0.0002
22.645833333333336,0.9999985872729208,0.0002
22.647222222222222,0.9998474035770349,0.0002
22.648611111111112,1.0000559861053808,0.0002
22.650000000000002,0.9996280150727268,0.0002
22.65138888888889,0.9998233161929377,0.0002
22.65277777777778,1.000011244192255,0.0002
22.65416666666667,1.0000121959703734,0.0002
22.655555555555555,0.9999343109249026,0.0002
22.656944444444445,0.9999174923257644,0.0002
22.658333333333335,0.9996339819304612,0.0002
22.65972222222222,0.9994158181486616,0.0002
22.66111111111111,0.9997253104170641,0.0002
22.6625,0.9999276027089355,0.0002
22.66388888888889,0.9999544547865004,0.0002
22.665277777777778,0.9996740919595011,0.0002
22.666666666666668,0.9996219473419008,0.0002
22.668055555555558,0.999616234543345,0.0002
22.669444444444444,0.9997193776178335,0.0002
22.670833333333334,0.9995051629650265,0.0002
22.672222222222224,0.9997408201371015,0.0002
22.67361111111111,0.9998242061876669,0.0002
22.675,0.9997702380648155,0.0002
22.67638888888889,0.9996569162151301,0.0002
22.677777777777777,0.9995638263083432,0.0002
22.679166666666667,0.9996466439921784,0.0002
22.680555555555557,0.9996025782883701,0.0002
22.681944444444444,0.9999153044668866,0.0002
22.683333333333334,0.9997543477922717,0.0002
22.684722222222224,1.0004844850822234,0.0002
22.686111111111114,0.9997536053238014,0.0002
22.6875,0.999901160278686,0.0002
22.68888888888889,0.999710130806833,0.0002
22.69027777777778,0.9996739941795169,0.0002
22.691666666666666,1.000114520557954,0.0002
22.693055555555556,1.0000233020678695,0.0002
22.694444444444446,0.9995198840134609,0.0002
22.695833333333333,0.9996063423047331,0.0002
22.697222222222223,0.999813568506976,0.0002
22.698611111111113,0.9996931380995976,0.0002
22.7,0.999433963558176,0.0002
22.70138888888889,0.9997698079549155,0.0002
22.70277777777778,0.9993815680822741,0.0002
22.70416666666667,0.9997850903740417,0.0002
22.705555555555556,0.9999385906910003,0.0002
22.706944444444446,1.0000071019707664,0.0002
22.708333333333336,0.9998708376164156,0.0002
22.709722222222222,1.000147591103438,0.0002
22.711111111111112,0.9999803661883498,0.0002
22.712500000000002,1.0001691413126403,0.0002
22.71388888888889,0.9998360113505428,0.0002
22.71527777777778,1.000211460549869,0.0002
22.71666666666667,0.9998434518563689,0.0002
22.718055555555555,1.0001383941367108,0.0002
22.719444444444445,1.0001866637744712,0.0002
22.720833333333335,0.9999673794574871,0.0002
22.72222222222222,0.9999688642382424,0.0002
22.72361111111111,0.9998205146162069,0.0002
22.725,0.9996323719489957,0.0002
22.72638888888889,0.999955251999204,0.0002
22.727777777777778,0.9999408952242491,0.0002
22.729166666666668,0.9996042514924998,0.0002
22.730555555555558,0.9999401305848385,0.0002
22.731944444444444,1.0001681817944679,0.0002
22.733333333333334,1.0002766808846453,0.0002
22.734722222222224,1.000078817419917,0.0002
22.73611111111111,0.9995904673289946,0.0002
22.7375,0.9996205980567077,0.0002
22.73888888888889,0.9998039095570875,0.0002
22.740277777777777,1.000135365267043,0.0002
22.741666666666667,0.9997777198933131,0.0002
22.743055555555557,1.000117104005233,0.0002
22.744444444444444,0.9997674391205119,0.0002
22.745833333333334,0.9999452666968172,0.0002
22.747222222222224,0.9996645764749383,0.0002
22.748611111111114,0.9998039108500689,0.0002
22.75,0.9996575933874035,0.0002
22.75138888888889,1.000139943003711,0.0002
22.75277777777778,0.9997405362849064,0.0002
22.754166666666666,0.9996450100356611,0.0002
22.755555555555556,0.9996416345621169,0.0002
22.756944444444446,0.9999856619075608,0.0002
22.758333333333333,0.9999372306252622,0.0002
22.759722222222223,1.0002451912217678,0.0002
22.761111111111113,1.0000853251703528,0.0002
22.7625,1.0003974216498417,0.0002
22.76388888888889,1.000085413772558,0.0002
22.76527777777778,1.0003323805302662,0.0002
22.76666666666667,0.9998813812549461,0.0002
22.768055555555556,0.9998290062557362,0.0002
22.769444444444446,0.9999189307605563,0.0002
22.770833333333336,0.9998918472142639,0.0002
22.772222222222222,0.9998883991993321,0.0002
22.773611111111112,1.0002610739440645,0.0002
22.775000000000002,1.0001019097956811,0.0002
22.77638888888889,1.0001469731990122,0.0002
22.77777777777778,1.0002413393264862,0.0002
22.77916666666667,0.9997852868111589,0.0002
22.780555555555555,1.0001801800871744,0.0002
22.781944444444445,0.999913583090953,0.0002
22.783333333333335,1.000003074172654,0.0002
22.78472222222222,0.9996946158122647,0.0002
22.78611111111111,1.0001928737652654,0.0002
22.7875,0.9997812881479077,0.0002
22.78888888888889,0.9997801492652838,0.0002
22.790277777777778,0.9998480307339285,0.0002
22.791666666666668,1.0000061676775007,0.0002
22.793055555555558,1.000012122132408,0.0002
22.794444444444444,1.0001754870213464,0.0002
22.795833333333334,1.0000830845537723,0.0002
22.797222222222224,1.0003027911821185,0.0002
22.79861111111111,1.0001531389060816,0.0002
22.8,0.9998744027028688,0.0002
22.80138888888889,0.9999341206863298,0.0002
22.802777777777777,1.0003777529009295,0.0002
22.804166666666667,1.0003411093932302,0.0002
22.805555555555557,1.0002603306241713,0.0002
22.806944444444444,1.0002237245028975,0.0002
22.808333333333334,1.00011010923319,0.0002
22.809722222222224,1.0001117811897267,0.0002
22.811111111111114,1.0000241133603447,0.0002
22.8125,1.0003846346912482,0.0002
22.81388888888889,0.9999533597817418,0.0002
22.81527777777778,1.0000843939176414,0.0002
22.816666666666666,0.9997491553575164,0.0002
22.818055555555556,0.9997253078609383,0.0002
22.819444444444446,1.0003436615286867,0.0002
22.820833333333333,1.0001602334985782,0.0002
22.822222222222223,1.000077831276813,0.0002
22.823611111111113,1.0002402968378075,0.0002
22.825,0.9999552013952353,0.0002
22.82638888888889,1.0001619920575355,0.0002
22.82777777777778,0.9999931757605843,0.0002
22.82916666666667,1.0002837956924733,0.0002
22.830555555555556,1.00049304951147,0.0002
22.831944444444446,1.0004897433190605,0.0002
22.833333333333336,1.0007377031285023,0.0002
22.834722222222222,1.000502462214294,0.0002
22.836111111111112,0.9999057058400562,0.0002
22.837500000000002,1.000776326933932,0.0002
22.83888888888889,1.0001940205878712,0.0002
22.84027777777778,1.0003401594411345,0.0002
22.84166666666667,1.0002525943182208,0.0002
22.843055555555555,1.000260969544027,0.0002
22.844444444444445,1.0001532148850718,0.0002
22.845833333333335,0.9994031108657336,0.0002
22.84722222222222,0.9979274240862138,0.0002
22.84861111111111,0.9972257949552606,0.0002
22.85,0.9952187420387912,0.0002
22.85138888888889,0.9935046268355708,0.0002
22.852777777777778,0.9927004630560876,0.0002
22.854166666666668,0.9916571754656641,0.0002
22.855555555555558,0.9916889102446068,0.0002
22.856944444444444,0.9911212789125657,0.0002
22.858333333333334,0.9910485096569183,0.0002
22.859722222222224,0.9908305915113992,0.0002
22.86111111111111,0.990080612658758,0.0002
22.8625,0.9900974826847804,0.0002
22.86388888888889,0.9905974228607318,0.0002
22.865277777777777,0.990129932614818,0.0002
22.866666666666667,0.99054549415981,0.0002
22.868055555555557,0.990368311618301,0.0002
22.869444444444444,0.9900670814047013,0.0002
22.870833333333334,0.990000169846713,0.0002
22.872222222222224,0.990349683061325,0.0002
22.873611111111114,0.9903595456858875,0.0002
22.875,0.9898665989875335,0.0002
22.87638888888889,0.9901557559109303,0.0002
22.87777777777778,0.9899472819351457,0.0002
22.879166666666666,0.990015587468115,0.0002
22.880555555555556,0.9897087410435361,0.0002
22.881944444444446,0.9895483976062126,0.0002
22.883333333333333,0.989411279537611,0.0002
22.884722222222223,0.9893954813668309,0.0002
22.886111111111113,0.9900829568393182,0.0002
22.8875,0.9897182889927763,0.0002
22.88888888888889,0.9895387873179131,0.0002
22.89027777777778,0.9899678293269252,0.0002
22.89166666666667,0.9897756120365,0.0002
22.893055555555556,0.9897819587487174,0.0002
22.894444444444446,0.9902961768986535,0.0002
22.895833333333336,0.9896347777021145,0.0002
22.897222222222222,0.989960485490295,0.0002
22.898611111111112,0.9898078501450948,0.0002
22.900000000000002,0.9897296220961386,0.0002
22.90138888888889,0.9896378584140274,0.0002
22.90277777777778,0.9899186289969608,0.0002
22.90416666666667,0.9896621760251999,0.0002
22.905555555555555,0.9899900621095485,0.0002
22.906944444444445,0.9898851887996475,0.0002
22.908333333333335,0.9898572973319331,0.0002
22.90972222222222,0.9896780411959916,0.0002
22.91111111111111,0.9901803870267474,0.0002
22.9125,0.9901243204804389,0.0002
22.91388888888889,0.9899141598269124,0.0002
22.915277777777778,0.9899106526564452,0.0002
22.916666666666668,0.9899969816630466,0.0002
22.918055555555558,0.9907715773611712,0.0002
22.919444444444444,0.9909387887213816,0.0002
22.920833333333334,0.9912074632754313,0.0002
22.922222222222224,0.991149823769376,0.0002
22.92361111111111,0.9916168941987207,0.0002
22.925,0.992024208897871,0.0002
22.92638888888889,0.992194631115565,0.0002
22.927777777777777,0.9930843378518013,0.0002
22.929166666666667,0.9944868557115,0.0002
22.930555555555557,0.996312173320521,0.0002
22.931944444444444,0.9978248640070295,0.0002
22.933333333333334,0.9989079748776661,0.0002
22.934722222222224,0.999856080925646,0.0002
22.936111111111114,1.000068314227191,0.0002
22.9375,1.0003170798678993,0.0002
22.93888888888889,0.9998418253226704,0.0002
22.94027777777778,0.9998510720094829,0.0002
22.941666666666666,0.9998788479331964,0.0002
22.943055555555556,1.0000298006205781,0.0002
22.944444444444446,1.0000949952167495,0.0002
22.945833333333333,0.9997334201260588,0.0002
22.947222222222223,1.0001422930612383,0.0002
22.948611111111113,1.0003233737451684,0.0002
22.95,1.0000666195789403,0.0002
22.95138888888889,1.0002550489299278,0.0002
22.95277777777778,0.9998447318506976,0.0002
22.95416666666667,0.9997689203310977,0.0002
22.955555555555556,1.0000093124564502,0.0002
22.956944444444446,0.9998551039894135,0.0002
22.958333333333336,0.9996697599051652,0.0002
22.959722222222222,1.000152627311312,0.0002
22.961111111111112,1.0000118089771082,0.0002
22.962500000000002,1.0000272006665063,0.0002
22.96388888888889,0.9997298459517991,0.0002
22.96527777777778,1.0001598542829644,0.0002
22.96666666666667,0.9997349066251883,0.0002
22.968055555555555,0.9999743676100008,0.0002
22.969444444444445,0.9996541644307596,0.0002
22.970833333333335,0.9997217964709427,0.0002
22.97222222222222,0.9998006067485465,0.0002
22.97361111111111,1.0000332590803864,0.0002
22.975,0.9995469412948027,0.0002
22.97638888888889,0.9997334991501637,0.0002
22.977777777777778,0.9998326309486788,0.0002
22.979166666666668,0.9994395247778413,0.0002
22.980555555555558,0.9992636241058663,0.0002
22.981944444444444,0.9995025155346037,0.0002
22.983333333333334,0.9999209600260002,0.0002
22.984722222222224,1.000092112841107,0.0002
22.98611111111111,0.9995598229691958,0.0002
22.9875,0.9995111129920995,0.0002
22.98888888888889,1.0000014420956325,0.0002
22.990277777777777,0.9995480389850875,0.0002
22.991666666666667,0.9996192110926927,0.0002
22.993055555555557,1.000023962348531,0.0002
22.994444444444444,0.999995470869463,0.0002
22.995833333333334,0.9999909553844668,0.0002
22.997222222222224,0.9994851211527285,0.0002
22.998611111111114,0.9995651659073594,0.0002
23.0,0.999985382384724,0.0002
23.00138888888889,0.9998906229873363,0.0002
23.00277777777778,0.999706729941321,0.0002
23.004166666666666,0.9998754911681336,0.0002
23.005555555555556,1.0002655054789378,0.0002
23.006944444444446,1.0002900834647723,0.0002
23.008333333333333,0.9999247659306445,0.0002
23.009722222222223,0.9996579549038905,0.0002
23.011111111111113,0.9997822422266435,0.0002
23.0125,1.0001359865030017,0.0002
23.01388888888889,1.0001366033974535,0.0002
23.01527777777778,0.9998548548456819,0.0002
23.01666666666667,0.9997061282803502,0.0002
23.018055555555556,1.000037094826745,0.0002
23.019444444444446,1.0001809319368353,0.0002
23.020833333333336,0.9995781653307242,0.0002
23.022222222222222,0.9998527323205675,0.0002
23.023611111111112,1.0001247926429635,0.0002
23.025000000000002,0.9999622990956055,0.0002
23.02638888888889,0.9998786993559539,0.0002
23.02777777777778,0.9999593018714318,0.0002
23.02916666666667,1.0000598353596277,0.0002
23.030555555555555,0.9998162601351103,0.0002
23.031944444444445,1.0000810083584668,0.0002
23.033333333333335,1.0001490969373397,0.0002
23.03472222222222,1.0000531135696917,0.0002
23.03611111111111,0.9999207820235392,0.0002
23.0375,1.0000257074292165,0.0002
23.03888888888889,0.9999173100006272,0.0002
23.040277777777778,1.0003315412423526,0.0002
23.041666666666668,0.9999701075051602,0.0002
23.043055555555558,1.0001478485453568,0.0002
23.044444444444444,1.0000124914793647,0.0002
23.045833333333334,0.9999926785255522,0.0002
23.047222222222224,1.000398526525141,0.0002
23.04861111111111,1.00006968655627,0.0002
23.05,0.9999332536402886,0.0002
23.05138888888889,0.9999433863782122,0.0002
23.052777777777777,1.0002440651382034,0.0002
23.054166666666667,1.0002437932910502,0.0002
23.055555555555557,1.0004603939473522,0.0002
23.056944444444444,1.0001819138172918,0.0002
23.058333333333334,1.0001962765010737,0.0002
23.059722222222224,1.000247993723814,0.0002
23.061111111111114,1.000254964717487,0.0002
23.0625,1.0000758108503045,0.0002
23.06388888888889,1.0004747246434456,0.0002
23.06527777777778,1.0001498365996795,0.0002
23.066666666666666,1.0003063283047322,0.0002
23.068055555555556,1.0002133407145195,0.0002
23.069444444444446,1.0002293028734859,0.0002
23.070833333333333,0.9999307203912315,0.0002
23.072222222222223,1.0000863588310072,0.0002
23.073611111111113,1.0006337323538237,0.0002
23.075,1.0004513782447573,0.0002
23.07638888888889,1.0001137141111247,0.0002
23.07777777777778,1.000000369467757,0.0002
23.07916666666667,0.9995950806847455,0.0002
23.080555555555556,0.9999394426520941,0.0002
23.081944444444446,1.000030299390397,0.0002
23.083333333333336,0.9999932067837564,0.0002
23.084722222222222,1.0000014538526767,0.0002
23.086111111111112,1.000143411272654,0.0002
23.087500000000002,0.9998482054982759,0.0002
23.08888888888889,1.0000976877671555,0.0002
23.09027777777778,0.9999984691790652,0.0002
23.09166666666667,0.9999115872779205,0.0002
23.093055555555555,1.000417292355334,0.0002
23.094444444444445,1.0002818258112578,0.0002
23.095833333333335,1.0000309069549047,0.0002
23.09722222222222,1.0003503103788765,0.0002
23.09861111111111,1.000000393047483,0.0002
23.1,1.0001454319438186,0.0002
23.10138888888889,1.0005405905917155,0.0002
23.102777777777778,1.0003341123579266,0.0002
23.104166666666668,1.0002190448274617,0.0002
23.105555555555558,1.0003949239978676,0.0002
23.106944444444444,1.00033085026862,0.0002
23.108333333333334,1.0001929589215692,0.0002
23.109722222222224,1.000427997090321,0.0002
23.11111111111111,0.9999331515855103,0.0002
23.1125,1.000074462602011,0.0002
23.11388888888889,1.0001351140117414,0.0002
23.115277777777777,1.000150981571117,0.0002
23.116666666666667,0.999970285986869,0.0002
23.118055555555557,0.9996432047270399,0.0002
23.119444444444444,0.99957389717915,0.0002
23.120833333333334,0.9999604645557584,0.0002
23.122222222222224,0.9998591228226283,0.0002
23.123611111111114,0.9997073072524709,0.0002
23.125,0.9997900249702988,0.0002
23.12638888888889,1.000030542996363,0.0002
23.12777777777778,1.000214810327457,0.0002
23.129166666666666,0.9999505847070405,0.0002
23.130555555555556,1.0001790673586626,0.0002
23.131944444444446,0.9998331904158684,0.0002
23.133333333333333,1.0000561414392801,0.0002
23.134722222222223,1.00023425126642,0.0002
23.136111111111113,1.000016943919982,0.0002
23.1375,1.0000339580896012,0.0002
23.13888888888889,0.999973313116324,0.0002
23.14027777777778,1.000213324802184,0.0002
23.14166666666667,1.0003297724495717,0.0002
23.143055555555556,1.000279369584924,0.0002
23.144444444444446,1.000150715668184,0.0002
23.145833333333336,0.9998963178590553,0.0002
23.147222222222222,1.0000733423246566,0.0002
23.148611111111112,1.0000356545744264,0.0002
23.150000000000002,1.0001710074599055,0.0002
23.15138888888889,1.0001880347061103,0.0002
23.15277777777778,1.0004751350029397,0.0002
23.15416666666667,1.000098833836798,0.0002
23.155555555555555,0.999905429684205,0.0002
23.156944444444445,0.9999591935664837,0.0002
23.158333333333335,1.0000395255547898,0.0002
23.15972222222222,1.0003313532093114,0.0002
23.16111111111111,0.9998838517946675,0.0002
23.1625,0.9999236378298237,0.0002
23.16388888888889,1.0002669423029549,0.0002
23.165277777777778,1.0003350280474161,0.0002
23.166666666666668,0.9998525925894113,0.0002
23.168055555555558,0.999708546460968,0.0002
23.169444444444444,0.9999227892405899,0.0002
23.170833333333334,1.000216042344317,0.0002
23.172222222222224,1.000062955756745,0.0002
23.17361111111111,0.9998795239244983,0.0002
23.175,1.0001656246739785,0.0002
23.17638888888889,1.0001231022729604,0.0002
23.177777777777777,1.0000282542409589,0.0002
23.179166666666667,0.9997420044896674,0.0002
23.180555555555557,0.9998609655269145,0.0002
23.181944444444444,1.0003809903421033,0.0002
23.183333333333334,0.999934983090957,0.0002
23.184722222222224,0.9998012368316667,0.0002
23.186111111111114,0.9999158753273495,0.0002
23.1875,1.0000313291716405,0.0002
23.18888888888889,1.0001616490292597,0.0002
23.19027777777778,1.0001495504545248,0.0002
23.191666666666666,0.9998760625672426,0.0002
23.193055555555556,1.0002612401208104,0.0002
23.194444444444446,1.0001863469322516,0.0002
23.195833333333333,0.9999447304059235,0.0002
23.197222222222223,1.0000374998874435,0.0002
23.198611111111113,1.0001977081616686,0.0002
23.2,1.0003138824057691,0.0002
23.20138888888889,0.9997803146263131,0.0002
23.20277777777778,1.0000493280602236,0.0002
23.20416666666667,0.9999638494185101,0.0002
23.205555555555556,0.9997797219180115,0.0002
23.206944444444446,0.9998591760835609,0.0002
23.208333333333336,1.0000842480302081,0.0002
23.209722222222222,1.000034840145068,0.0002
23.211111111111112,1.0003118061073424,0.0002
23.212500000000002,0.9998307121616167,0.0002
23.21388888888889,0.999871614756509,0.0002
23.21527777777778,0.9998954719944984,0.0002
23.21666666666667,1.0000791772799988,0.0002
23.218055555555555,1.0002042351981155,0.0002
23.219444444444445,0.9999359157590455,0.0002
23.220833333333335,0.9996096128299811,0.0002
23.22222222222222,0.9996261225171934,0.0002
23.22361111111111,0.999860341862184,0.0002
23.225,1.0000405352707795,0.0002
23.22638888888889,0.9995235093397757,0.0002
23.227777777777778,0.9995918151745475,0.0002
23.229166666666668,0.9999178746310088,0.0002
23.230555555555558,0.9995264124645655,0.0002
23.231944444444444,0.9995410844774578,0.0002
23.233333333333334,1.0000069073378302,0.0002
23.234722222222224,0.9997090593101101,0.0002
23.23611111111111,0.9996220894741757,0.0002
23.2375,0.9999359557004974,0.0002
23.23888888888889,0.9994790985069661,0.0002
23.240277777777777,0.9994570217690397,0.0002
23.241666666666667,1.0000372069597032,0.0002
23.243055555555557,0.9997991469496896,0.0002
23.244444444444444,0.9998792474014373,0.0002
23.245833333333334,0.9996837765045041,0.0002
23.247222222222224,0.9997028980090329,0.0002
23.248611111111114,0.9996272455267485,0.0002
23.25,0.9998450333806654,0.0002
23.25138888888889,0.999922369476143,0.0002
23.25277777777778,0.9997274552959291,0.0002
23.254166666666666,0.9999510072358079,0.0002
23.255555555555556,0.9998374719949651,0.0002
23.256944444444446,0.9994987294635707,0.0002
23.258333333333333,0.999786960218716,0.0002
23.259722222222223,0.9997628905678839,0.0002
23.261111111111113,1.0000768461246863,0.0002
23.2625,0.9999939547304929,0.0002
23.26388888888889,0.9999760311461078,0.0002
23.26527777777778,1.0001545122376523,0.0002
23.26666666666667,0.9995953831799232,0.0002
23.268055555555556,0.9999401248021389,0.0002
23.269444444444446,0.9999443498872003,0.0002
23.270833333333336,1.0000992105833533,0.0002
23.272222222222222,1.0001181867498359,0.0002
23.273611111111112,1.0000479030958236,0.0002
23.275000000000002,0.9997595673074009,0.0002
23.27638888888889,1.000150572523081,0.0002
23.27777777777778,1.0000195080315508,0.0002
23.27916666666667,0.9997251917400135,0.0002
23.280555555555555,0.999930471694853,0.0002
23.281944444444445,1.0000976975171083,0.0002
23.283333333333335,1.0003529050304714,0.0002
23.28472222222222,0.999780009674825,0.0002
23.28611111111111,1.000138209076309,0.0002
23.2875,0.9997260936546679,0.0002
23.28888888888889,0.9997255245903273,0.0002
23.290277777777778,0.9996894850091531,0.0002
23.291666666666668,1.0000406500170247,0.0002
23.293055555555558,0.9999614173571671,0.0002
23.294444444444444,0.9999461593238714,0.0002
23.295833333333334,1.0001002350467412,0.0002
23.297222222222224,1.000005762437389,0.0002
23.29861111111111,1.0000321898287259,0.0002
23.3,0.9998547577804805,0.0002
23.30138888888889,0.9996552949548981,0.0002
23.302777777777777,1.0001820011248483,0.0002
23.304166666666667,1.0000913634418822,0.0002
23.305555555555557,1.0000563454126974,0.0002
23.306944444444444,0.9996697148162339,0.0002
23.308333333333334,0.9996531486748047,0.0002
23.309722222222224,0.9997131433618074,0.0002
23.311111111111114,0.999979279264359,0.0002
23.3125,0.9997681514211186,0.0002
23.31388888888889,0.9996831346537101,0.0002
23.31527777777778,0.999852553711048,0.0002
23.316666666666666,0.9996528806756237,0.0002
23.318055555555556,0.9994928582308813,0.0002
23.319444444444446,0.9997943411408063,0.0002
23.320833333333333,0.9997175222652364,0.0002
23.322222222222223,0.9998743005955084,0.0002
23.323611111111113,0.99940070743593,0.0002
23.325,0.9997723238693198,0.0002
23.32638888888889,0.9999431935362498,0.0002
23.32777777777778,0.9996284694052419,0.0002
23.32916666666667,0.9995528204942022,0.0002
23.330555555555556,0.9997957500470578,0.0002
23.331944444444446,0.9999207418323768,0.0002
23.333333333333336,0.9995972423406242,0.0002
23.334722222222222,0.9997877080449938,0.0002
23.336111111111112,0.9998524010424604,0.0002
23.337500000000002,0.999556462515485,0.0002
23.33888888888889,1.0001431058858308,0.0002
23.34027777777778,0.9998480104608783,0.0002
23.34166666666667,0.999881357264363,0.0002
23.343055555555555,1.0000272218274837,0.0002
23.344444444444445,0.9996973284776253,0.0002
23.345833333333335,1.000170829230443,0.0002
23.34722222222222,1.0002432563184331,0.0002
23.34861111111111,0.999975763076454,0.0002
23.35,1.0000992728420186,0.0002
23.35138888888889,0.9999404705034403,0.0002
23.352777777777778,1.0001781724610401,0.0002
23.354166666666668,0.9997479488526828,0.0002
23.355555555555558,0.999888361628063,0.0002
23.356944444444444,0.9999621972319235,0.0002
23.358333333333334,0.9999295559818769,0.0002
23.359722222222224,1.0001837045452104,0.0002
23.36111111111111,1.0004091110964728,0.0002
23.3625,0.9999980086874337,0.0002
23.36388888888889,1.0001227771378551,0.0002
23.365277777777777,0.9998256854971946,0.0002
23.366666666666667,1.0001951376946816,0.0002
23.368055555555557,0.999958329976463,0.0002
23.369444444444444,1.0007135329431522,0.0002
23.370833333333334,0.9997450064531244,0.0002
23.372222222222224,1.000611543128425,0.0002
23.373611111111114,1.0004331127381083,0.0002
23.375,1.0000475812285685,0.0002
23.37638888888889,1.000750274645456,0.0002
23.37777777777778,1.0001338949043515,0.0002
23.379166666666666,1.000291368637825,0.0002
23.380555555555556,0.9999951439618316,0.0002
23.381944444444446,1.0002430764299646,0.0002
23.383333333333333,1.0002543632374665,0.0002
23.384722222222223,1.0004079799376822,0.0002
23.386111111111113,1.0007206061549678,0.0002
23.3875,1.0000592454511643,0.0002
23.38888888888889,0.9995288868458508,0.0002
23.39027777777778,1.000265957425316,0.0002
23.39166666666667,1.000047222224629,0.0002
23.393055555555556,1.0004107893081786,0.0002
23.394444444444446,1.0000138577600342,0.0002
23.395833333333336,0.9999091291130364,0.0002
23.397222222222222,0.9998455474440846,0.0002
23.398611111111112,1.0002295095184892,0.0002
23.400000000000002,1.0000977395793484,0.0002
23.40138888888889,1.000384346864908,0.0002
23.40277777777778,1.0000421051785378,0.0002
23.40416666666667,1.0003466604701776,0.0002
23.405555555555555,0.9997242850088656,0.0002
23.406944444444445,0.9995862248960315,0.0002
23.408333333333335,1.0000630357592428,0.0002
23.40972222222222,0.999775113360224,0.0002
23.41111111111111,0.9998282740241616,0.0002
23.4125,0.9997262510653926,0.0002
23.41388888888889,0.9997350617405429,0.0002
23.415277777777778,1.000113559303875,0.0002
23.416666666666668,0.9999704961401199,0.0002
23.418055555555558,0.9997897539781555,0.0002
23.419444444444444,1.0001531313604801,0.0002
23.420833333333334,1.0002098618811908,0.0002
23.422222222222224,1.000039694765697,0.0002
23.42361111111111,1.000155726155662,0.0002
23.425,0.9996692615195921,0.0002
23.42638888888889,1.0000025883550538,0.0002
23.427777777777777,0.9999074569172356,0.0002
23.429166666666667,0.9996512785819522,0.0002
23.430555555555557,1.0001721656050908,0.0002
23.431944444444444,0.9997660358594619,0.0002
23.433333333333334,0.9996421666334689,0.0002
23.434722222222224,0.9998196923255575,0.0002
23.436111111111114,0.9997167320419378,0.0002
23.4375,0.999586834521908,0.0002
23.43888888888889,0.99966602449756,0.0002
23.44027777777778,0.9996141669935167,0.0002
23.441666666666666,0.9995886323566734,0.0002
23.443055555555556,1.0000188449360565,0.0002
23.444444444444446,0.9996192337853176,0.0002
23.445833333333333,0.9995965272846975,0.0002
23.447222222222223,0.9995433385351018,0.0002
23.448611111111113,0.9994730265207128,0.0002
23.45,0.9999584563121672,0.0002
23.45138888888889,0.9997962196948542,0.0002
23.45277777777778,0.9998279957387457,0.0002
23.45416666666667,0.9999199611215431,0.0002
23.455555555555556,0.9996303215147911,0.0002
23.456944444444446,1.000001950423132,0.0002
23.458333333333336,0.9995765566473608,0.0002
23.459722222222222,0.9995236037113528,0.0002
23.461111111111112,0.9998276380119117,0.0002
23.462500000000002,0.999741612745434,0.0002
23.46388888888889,0.9997561220655401,0.0002
23.46527777777778,0.999946906001525,0.0002
23.46666666666667,0.9997885361392714,0.0002
23.468055555555555,0.9998772820496356,0.0002
23.469444444444445,1.0000585688519454,0.0002
23.470833333333335,0.9998705631792286,0.0002
23.47222222222222,0.9998374548331028,0.0002
23.47361111111111,0.9994497058802839,0.0002
23.475,1.0004646689640244,0.0002
23.47638888888889,0.9994688689151471,0.0002
23.477777777777778,0.9996721360241677,0.0002
23.479166666666668,0.9996939346068258,0.0002
23.480555555555558,1.0001491448921045,0.0002
23.481944444444444,0.9995914962573623,0.0002
23.483333333333334,0.999761503574419,0.0002
23.484722222222224,0.9996736907799514,0.0002
23.48611111111111,0.9995478955393459,0.0002
23.4875,0.9998734429409472,0.0002
23.48888888888889,0.99962146600727,0.0002
23.490277777777777,0.9997343532739524,0.0002
23.491666666666667,0.9997943114058839,0.0002
23.493055555555557,1.0000689478021927,0.0002
23.494444444444444,0.9994392181910703,0.0002
23.495833333333334,0.9995562582497365,0.0002
23.497222222222224,0.9995388451408261,0.0002
23.498611111111114,0.9996081109059514,0.0002
23.5,1.0001487093924797,0.0002
23.50138888888889,0.9996560340761593,0.0002
23.50277777777778,0.9991417478023478,0.0002
23.504166666666666,0.9996647960981102,0.0002
23.505555555555556,0.9996789172295925,0.0002
23.506944444444446,0.9997271798650408,0.0002
23.508333333333333,0.9996319141054547,0.0002
23.509722222222223,0.999418054048695,0.0002
23.511111111111113,1.000153113645793,0.0002
23.5125,0.9997647643172359,0.0002
23.51388888888889,0.9996456274332876,0.0002
23.51527777777778,1.000043437784723,0.0002
23.51666666666667,0.9995183837077491,0.0002
23.518055555555556,0.9997889600320696,0.0002
23.519444444444446,0.999490693100258,0.0002
23.520833333333336,0.9998710982666734,0.0002
23.522222222222222,0.9994518408961358,0.0002
23.523611111111112,0.9998331953151403,0.0002
23.525000000000002,1.0001265241341875,0.0002
23.52638888888889,0.999751788167838,0.0002
23.52777777777778,0.9992362210785528,0.0002
23.52916666666667,0.999661159498548,0.0002
23.530555555555555,0.9997698184212483,0.0002
23.531944444444445,0.9997947903719461,0.0002
23.533333333333335,0.999884890082579,0.0002
23.53472222222222,0.9998760893787637,0.0002
23.53611111111111,0.9995482176587073,0.0002
23.5375,0.9995102316255394,0.0002
23.53888888888889,0.9994048951179333,0.0002
23.540277777777778,0.9994892695778994,0.0002
23.541666666666668,0.9998180771249722,0.0002
23.543055555555558,0.9994334022362363,0.0002
23.544444444444444,0.9995091968525679,0.0002
23.545833333333334,0.9997908404965975,0.0002
23.547222222222224,0.999536602318309,0.0002
23.54861111111111,0.999743599816002,0.0002
23.55,0.999548912146371,0.0002
23.55138888888889,0.9997879024179981,0.0002
23.552777777777777,0.9996252432547442,0.0002
23.554166666666667,0.9994469675221604,0.0002
23.555555555555557,1.0000281509357012,0.0002
23.556944444444444,0.9997150283649063,0.0002
23.558333333333334,0.9998551436646125,0.0002
23.559722222222224,0.9997159774943807,0.0002
23.561111111111114,1.0000771697787065,0.0002
23.5625,1.0000115319029321,0.0002
23.56388888888889,1.0000373267452154,0.0002
23.56527777777778,0.9997637296904177,0.0002
23.566666666666666,0.9998098060473669,0.0002
23.568055555555556,0.9999476896855048,0.0002
23.569444444444446,1.000276982528892,0.0002
23.570833333333333,1.0000033779688333,0.0002
23.572222222222223,0.9997572776850658,0.0002
23.573611111111113,1.0000215927188993,0.0002
23.575,0.9999806733334863,0.0002
23.57638888888889,0.9997151663250059,0.0002
23.57777777777778,0.9998152351209492,0.0002
23.57916666666667,1.0001599925357632,0.0002
23.580555555555556,1.0002008992817832,0.0002
23.581944444444446,1.0001669583602235,0.0002
23.583333333333336,1.0004017233071179,0.0002
23.584722222222222,0.9999877428710067,0.0002
23.586111111111112,0.9998610015645556,0.0002
23.587500000000002,1.000025431774739,0.0002
23.58888888888889,1.0001256277311767,0.0002
23.59027777777778,1.0002263657814927,0.0002
23.59166666666667,1.0000902709841952,0.0002
23.593055555555555,0.9998759728429165,0.0002
23.594444444444445,0.9997125453035848,0.0002
23.595833333333335,1.000230565025053,0.0002
23.59722222222222,1.00007211505875,0.0002
23.59861111111111,0.9999103688439932,0.0002
23.6,1.0003847543864532,0.0002
23.60138888888889,1.0005740340399785,0.0002
23.602777777777778,1.000292594622283,0.0002
23.604166666666668,1.0002488242891785,0.0002
23.605555555555558,1.0002584735700328,0.0002
23.606944444444444,0.9997233719732621,0.0002
23.608333333333334,1.0002887171590313,0.0002
23.609722222222224,1.0003626502055,0.0002
23.61111111111111,1.0004757526101944,0.0002
23.6125,1.0000197193318454,0.0002
23.61388888888889,0.9998642773820715,0.0002
23.615277777777777,1.0003163640504737,0.0002
23.616666666666667,1.0000780269645049,0.0002
23.618055555555557,1.0001216694547654,0.0002
23.619444444444444,0.9998565563318039,0.0002
23.620833333333334,1.000050926272679,0.0002
23.622222222222224,0.9997827787874207,0.0002
23.623611111111114,0.9999449661126828,0.0002
23.625,0.9998593986753753,0.0002
23.62638888888889,1.0004313585714926,0.0002
23.62777777777778,1.0000954258023174,0.0002
23.629166666666666,0.9995335292077585,0.0002
23.630555555555556,0.9998444700115765,0.0002
23.631944444444446,0.9998876918278429,0.0002
23.633333333333333,0.9996973248437668,0.0002
23.634722222222223,0.9995302673376923,0.0002
23.636111111111113,0.999864183281014,0.0002
23.6375,0.9995771882099946,0.0002
23.63888888888889,0.9998829591915471,0.0002
23.64027777777778,0.9996039652475456,0.0002
23.64166666666667,0.9996376153824386,0.0002
23.643055555555556,0.9999218229856673,0.0002
23.644444444444446,0.9997400691262445,0.0002
23.645833333333336,0.9996292181242648,0.0002
23.647222222222222,0.999569411180677,0.0002
23.648611111111112,0.9996521665062169,0.0002
23.650000000000002,0.999494613290936,0.0002
23.65138888888889,0.9993960525239083,0.0002
23.65277777777778,0.9997937732909928,0.0002
23.65416666666667,0.9999395740649147,0.0002
23.655555555555555,0.9997065842974343,0.0002
23.656944444444445,0.9996488767246393,0.0002
23.658333333333335,0.9994391265430289,0.0002
23.65972222222222,0.9998752321757481,0.0002
23.66111111111111,0.9997791133802473,0.0002
23.6625,0.9998263964276204,0.0002
23.66388888888889,0.9998798677231494,0.0002
23.665277777777778,1.0000829239720568,0.0002
23.666666666666668,0.9995991798837267,0.0002
23.668055555555558,0.999576273902682,0.0002
23.669444444444444,0.9998687842985742,0.0002
23.670833333333334,0.9996683846915577,0.0002
23.672222222222224,0.9996563708538837,0.0002
23.67361111111111,1.0001007330052203,0.0002
23.675,0.999616449816669,0.0002
23.67638888888889,0.9998632363168433,0.0002
23.677777777777777,0.9995402300125197,0.0002
23.679166666666667,0.9999224780407904,0.0002
23.680555555555557,1.0002215945905992,0.0002
23.681944444444444,1.0002514138641658,0.0002
23.683333333333334,1.0002341512150226,0.0002
23.684722222222224,1.0001555033739307,0.0002
23.686111111111114,1.0004028463868395,0.0002
23.6875,1.0002167132621873,0.0002
23.68888888888889,1.0000300141126655,0.0002
23.69027777777778,1.0002648971524548,0.0002
23.691666666666666,1.0003065475601727,0.0002
23.693055555555556,0.9998294724034538,0.0002
23.694444444444446,0.9999333781181372,0.0002
23.695833333333333,1.0001042768542512,0.0002
23.697222222222223,0.9998835553420047,0.0002
23.698611111111113,0.9999296230840803,0.0002
23.7,1.0000599190189086,0.0002
23.70138888888889,1.0002753508605626,0.0002
23.70277777777778,1.0002081686230095,0.0002
23.70416666666667,1.000104296572236,0.0002
23.705555555555556,1.0000879431542657,0.0002
23.706944444444446,1.000437754750005,0.0002
23.708333333333336,0.9998595003746316,0.0002
23.709722222222222,1.0000032534400605,0.0002
23.711111111111112,0.9998882118467157,0.0002
23.712500000000002,0.9997103815227597,0.0002
23.71388888888889,1.0001746166278738,0.0002
23.71527777777778,0.9998223011415769,0.0002
23.71666666666667,1.0000055944717339,0.0002
23.718055555555555,0.9998328935636581,0.0002
23.719444444444445,1.0002280228341587,0.0002
23.720833333333335,0.9997891959486472,0.0002
23.72222222222222,1.0002189815892857,0.0002
23.72361111111111,1.0002044248798518,0.0002
23.725,0.9996984148536805,0.0002
23.72638888888889,0.9999275838442255,0.0002
23.727777777777778,1.000340156697824,0.0002
23.729166666666668,1.0004622808649382,0.0002
23.730555555555558,1.0002886387146408,0.0002
23.731944444444444,1.0000913201501545,0.0002
23.733333333333334,0.9999926680883637,0.0002
23.734722222222224,1.000369189072533,0.0002
23.73611111111111,1.0001436162475588,0.0002
23.7375,1.0001877503823868,0.0002
23.73888888888889,1.0002270185641975,0.0002
23.740277777777777,1.0004929201421549,0.0002
23.741666666666667,1.0006679007804757,0.0002
23.743055555555557,1.0004958552167136,0.0002
23.744444444444444,1.0003256618821381,0.0002
23.745833333333334,1.000160099225029,0.0002
23.747222222222224,1.0004358703513712,0.0002
23.748611111111114,1.0006967011571222,0.0002
23.75,1.000597578538931,0.0002
23.75138888888889,1.000434847232939,0.0002
23.75277777777778,1.0002739494813515,0.0002
23.754166666666666,1.000457230968552,0.0002
23.755555555555556,1.0006490720614571,0.0002
23.756944444444446,1.0003916825760122,0.0002
23.758333333333333,1.0003415178933255,0.0002
23.759722222222223,1.000254365889625,0.0002
23.761111111111113,1.0008021695385438,0.0002
23.7625,1.0001149190774807,0.0002
23.76388888888889,1.0001279953007118,0.0002
23.76527777777778,1.000383843197781,0.0002
23.76666666666667,1.0003470938213397,0.0002
23.768055555555556,1.000577011354416,0.0002
23.769444444444446,1.0005361482068953,0.0002
23.770833333333336,0.9999995885270491,0.0002
23.772222222222222,1.0001410641550414,0.0002
23.773611111111112,1.0001490423509947,0.0002
23.775000000000002,1.0005342017882901,0.0002
23.77638888888889,1.0004296992581847,0.0002
23.77777777777778,1.0003062550999182,0.0002
23.77916666666667,1.000355085469974,0.0002
23.780555555555555,1.0000467314198378,0.0002
23.781944444444445,1.0001290959487077,0.0002
23.783333333333335,1.0000477380622896,0.0002
23.78472222222222,1.000413315990723,0.0002
23.78611111111111,1.0001798434267937,0.0002
23.7875,0.9989834820652171,0.0002
23.78888888888889,0.9978997541814025,0.0002
23.790277777777778,0.996451732209218,0.0002
23.791666666666668,0.9945231113666366,0.0002
23.793055555555558,0.993208539287774,0.0002
23.794444444444444,0.9924891837831846,0.0002
23.795833333333334,0.9919710381998726,0.0002
23.797222222222224,0.9913829734545426,0.0002
23.79861111111111,0.9913409812511181,0.0002
23.8,0.9910911163412662,0.0002
23.80138888888889,0.9909487054006693,0.0002
23.802777777777777,0.9907611333242167,0.0002
23.804166666666667,0.9909341846161323,0.0002
23.805555555555557,0.9904529271840288,0.0002
23.806944444444447,0.9899998066558144,0.0002
23.808333333333334,0.9902730805449128,0.0002
23.809722222222224,0.9905268018678509,0.0002
23.811111111111114,0.9900550525159063,0.0002
23.8125,0.9898915597738569,0.0002
23.81388888888889,0.9898588634402387,0.0002
23.81527777777778,0.9899570392727222,0.0002
23.816666666666666,0.9897301098956389,0.0002
23.818055555555556,0.9894941309290277,0.0002
23.819444444444446,0.9895675630766657,0.0002
23.820833333333333,0.989753572867936,0.0002
23.822222222222223,0.9898416626798292,0.0002
23.823611111111113,0.9896125171510706,0.0002
23.825,0.9896161542798304,0.0002
23.82638888888889,0.9897205202808226,0.0002
23.82777777777778,0.9895390286812865,0.0002
23.82916666666667,0.9896510273990827,0.0002
23.830555555555556,0.9897334433512325,0.0002
23.831944444444446,0.9893911115039608,0.0002
23.833333333333336,0.9897130430185574,0.0002
23.834722222222222,0.9894498980337061,0.0002
23.836111111111112,0.9894645382749396,0.0002
23.837500000000002,0.9895305010995271,0.0002
23.83888888888889,0.989922305598761,0.0002
23.84027777777778,0.989310760440187,0.0002
23.84166666666667,0.9896118896536477,0.0002
23.843055555555555,0.989764375847821,0.0002
23.844444444444445,0.9900794902454406,0.0002
23.845833333333335,0.9902816878861107,0.0002
23.84722222222222,0.9898773203861535,0.0002
23.84861111111111,0.9901210366695211,0.0002
23.85,0.9899820189706098,0.0002
23.85138888888889,0.9900456388600849,0.0002
23.852777777777778,0.9901872913505638,0.0002
23.854166666666668,0.9898625772368113,0.0002
23.855555555555558,0.990249999724744,0.0002
23.856944444444444,0.9904745931308261,0.0002
23.858333333333334,0.9902953253393197,0.0002
23.859722222222224,0.9906786509326525,0.0002
23.86111111111111,0.9904849365691282,0.0002
23.8625,0.9909766066320204,0.0002
23.86388888888889,0.9914509985577282,0.0002
23.865277777777777,0.9913631042463316,0.0002
23.866666666666667,0.9915178247321218,0.0002
23.868055555555557,0.9918978230849264,0.0002
23.869444444444447,0.9934519819392381,0.0002
23.870833333333334,0.9951460621532278,0.0002
23.872222222222224,0.9966162522992249,0.0002
23.873611111111114,0.998054269773671,0.0002
23.875,0.9990120906912867,0.0002
23.87638888888889,1.0000841417855004,0.0002
23.87777777777778,0.9999476372863921,0.0002
23.879166666666666,0.9999804274994376,0.0002
23.880555555555556,1.0004697696847302,0.0002
23.881944444444446,0.9998661076844481,0.0002
23.883333333333333,0.9999415565510403,0.0002
23.884722222222223,1.0003621553439155,0.0002
23.886111111111113,1.0003588606090537,0.0002
23.8875,1.0003363557757048,0.0002
23.88888888888889,1.0004812518505997,0.0002
23.89027777777778,1.0004857992701859,0.0002
23.89166666666667,1.0001979322460524,0.0002
23.893055555555556,1.000277224624306,0.0002
23.894444444444446,1.0003264913524759,0.0002
23.895833333333336,1.0003256848638322,0.0002
23.897222222222222,1.0003835221551531,0.0002
23.898611111111112,1.0002134405451073,0.0002
23.900000000000002,1.000450032768268,0.0002
23.90138888888889,1.0005265435813342,0.0002
23.90277777777778,1.0004404257465462,0.0002
23.90416666666667,1.0004170594101267,0.0002
23.905555555555555,1.0004012678423702,0.0002
23.906944444444445,1.0002508713195004,0.0002
23.908333333333335,1.0001582846146901,0.0002
23.90972222222222,1.0003339992960023,0.0002
23.91111111111111,1.000491352049763,0.0002
23.9125,1.0002280955355543,0.0002
23.91388888888889,1.0004010250376107,0.0002
23.915277777777778,1.000311767500551,0.0002
23.916666666666668,1.0007010454239151,0.0002
23.918055555555558,1.0005541462777516,0.0002
23.919444444444444,1.0006003036557984,0.0002
23.920833333333334,1.0006370740901454,0.0002
23.922222222222224,1.0004150714208286,0.0002
23.92361111111111,1.0007418629739833,0.0002
23.925,1.000453788248176,0.0002
23.92638888888889,1.0004978681338854,0.0002
23.927777777777777,1.000289995362094,0.0002
23.929166666666667,1.0004391890208224,0.0002
23.930555555555557,1.000163559193592,0.0002
23.931944444444447,1.0004300619952644,0.0002
23.933333333333334,1.0003768383583265,0.0002
23.934722222222224,1.000421207907289,0.0002
23.936111111111114,1.0002243626166152,0.0002
23.9375,1.0005891191559786,0.0002
23.93888888888889,1.0005787790516905,0.0002
23.94027777777778,1.0007738521150693,0.0002
23.941666666666666,1.0007229950259897,0.0002
23.943055555555556,1.0004795669975333,0.0002
23.944444444444446,1.0007518097593313,0.0002
23.945833333333333,1.0006877846805649,0.0002
23.947222222222223,1.0005794257988732,0.0002
23.948611111111113,1.0005968452139953,0.0002
23.95,1.0007767407822112,0.0002
23.95138888888889,1.001484749757366,0.0002
23.95277777777778,1.0008810539504174,0.0002
23.95416666666667,1.0007568421011463,0.0002
23.955555555555556,1.000711095133514,0.0002
23.956944444444446,1.0006955313218635,0.0002
23.958333333333336,1.0006187771270412,0.0002
23.959722222222222,1.0007492670293014,0.0002
23.961111111111112,1.0005556448529043,0.0002
23.962500000000002,1.0004112533452134,0.0002
23.96388888888889,1.0007788871958783,0.0002
23.96527777777778,1.0007462600850572,0.0002
23.96666666666667,1.0005313138378324,0.0002
23.968055555555555,1.0005790168941464,0.0002
23.969444444444445,1.0006388215629085,0.0002
23.970833333333335,1.0003691596552282,0.0002
23.97222222222222,1.0002455597642557,0.0002
23.97361111111111,1.0002492303065347,0.0002
23.975,1.0003259144180703,0.0002
23.97638888888889,1.000684907287177,0.0002
23.977777777777778,1.000294481453549,0.0002
23.979166666666668,1.0004347988352886,0.0002
23.980555555555558,1.0003834418759059,0.0002
23.981944444444444,1.0003255786385636,0.0002
23.983333333333334,1.0003102811400608,0.0002
23.984722222222224,1.0005226011210195,0.0002
23.98611111111111,1.0003996659938061,0.0002
23.9875,1.0007758421649997,0.0002
23.98888888888889,1.000517188491281,0.0002
23.990277777777777,1.0006142786773944,0.0002
23.991666666666667,1.0006105992852692,0.0002
23.993055555555557,1.000745241461927,0.0002
23.994444444444447,1.0009496657023562,0.0002
23.995833333333334,1.0004815165857388,0.0002
23.997222222222224,1.0007010508396448,0.0002
23.998611111111114,1.0003364082361206,0.0002
24.0,1.0010260778458868,0.0002
24.00138888888889,1.0006451733130588,0.0002
24.00277777777778,1.0003781488761911,0.0002
24.004166666666666,1.0004340583315048,0.0002
24.005555555555556,1.0008412635811956,0.0002
24.006944444444446,1.0003359123155473,0.0002
24.008333333333333,1.0007283581643514,0.0002
24.009722222222223,1.0005751801073228,0.0002
24.011111111111113,1.0006317614125748,0.0002
24.0125,1.0005133823278742,0.0002
24.01388888888889,1.0005495693580513,0.0002
24.01527777777778,1.000630809304164,0.0002
24.01666666666667,1.0008683466357928,0.0002
24.018055555555556,1.0006645567880967,0.0002
24.019444444444446,1.00084956748004,0.0002
24.020833333333336,1.0007499890616942,0.0002
24.022222222222222,1.0009394484988507,0.0002
24.023611111111112,1.0008529293901816,0.0002
24.025000000000002,1.0006271060039114,0.0002
24.02638888888889,1.0006211194319643,0.0002
24.02777777777778,1.0009677701344937,0.0002
24.02916666666667,1.0006428487052377,0.0002
24.030555555555555,1.0008622023948521,0.0002
24.031944444444445,1.0008139267895886,0.0002
24.033333333333335,1.0006833994854814,0.0002
24.03472222222222,1.0008175931203915,0.0002
24.03611111111111,1.0009724303325647,0.0002
24.0375,1.000798361951719,0.0002
24.03888888888889,1.0007172723391844,0.0002
24.040277777777778,1.0010185566915735,0.0002
24.041666666666668,1.0003091105282922,0.0002
24.043055555555558,1.0004199494484922,0.0002
24.044444444444444,1.0004970218349742,0.0002
24.045833333333334,1.0009028709702692,0.0002
24.047222222222224,1.0008450213805842,0.0002
24.04861111111111,1.000311799968667,0.0002
24.05,1.0005798753344526,0.0002
24.05138888888889,1.0004820308918476,0.0002
24.052777777777777,1.0007311685229443,0.0002
24.054166666666667,1.0008761936563233,0.0002
24.055555555555557,1.0009170662803655,0.0002
24.056944444444447,1.000723516769261,0.0002
24.058333333333334,1.0005749919671072,0.0002
24.059722222222224,1.0006132769152714,0.0002
24.061111111111114,1.0007366940271094,0.0002
24.0625,1.0010578087418769,0.0002
24.06388888888889,1.0003921205549902,0.0002
24.06527777777778,1.000997074084965,0.0002
24.066666666666666,1.000770066566364,0.0002
24.068055555555556,1.0009003209912226,0.0002
24.069444444444446,1.0007612023697143,0.0002
24.070833333333333,1.0008970781438387,0.0002
24.072222222222223,1.0006986679297558,0.0002
24.073611111111113,1.0003986737243475,0.0002
24.075,1.0005304353259623,0.0002
24.07638888888889,1.000658186285527,0.0002
24.07777777777778,1.0004447472127287,0.0002
24.07916666666667,1.0000090980545595,0.0002
24.080555555555556,1.0004708020993647,0.0002
24.081944444444446,1.000534257445292,0.0002
24.083333333333336,1.0004940423375805,0.0002
24.084722222222222,1.000466961027302,0.0002
24.086111111111112,1.0009018187391834,0.0002
24.087500000000002,1.0001857164519523,0.0002
24.08888888888889,1.0006434225230632,0.0002
24.09027777777778,1.0006208238131236,0.0002
24.09166666666667,1.0009519017593442,0.0002
24.093055555555555,1.0005278617348734,0.0002
24.094444444444445,1.0005717124280014,0.0002
24.095833333333335,1.0004923491186124,0.0002
24.09722222222222,1.0004979079157625,0.0002
24.09861111111111,1.00074086980365,0.0002
24.1,1.000108099302195,0.0002
24.10138888888889,1.0001737071208716,0.0002
24.102777777777778,1.0004554432341917,0.0002
24.104166666666668,1.0003332983069322,0.0002
24.105555555555558,1.0002128094520828,0.0002
24.106944444444444,1.00022299350763,0.0002
24.108333333333334,1.0003536397955406,0.0002
24.109722222222224,1.0002433914536901,0.0002
24.11111111111111,0.9999939856904678,0.0002
24.1125,1.0001699062770049,0.0002
24.11388888888889,1.0001174354532125,0.0002
24.115277777777777,1.0002405367417946,0.0002
24.116666666666667,1.0001132782341935,0.0002
24.118055555555557,0.9999068392635421,0.0002
24.119444444444447,1.0002109980082348,0.0002
24.120833333333334,1.0002442389554778,0.0002
24.122222222222224,1.0004351017076756,0.0002
24.123611111111114,0.9998451616506188,0.0002
24.125,1.0001069533338527,0.0002
24.12638888888889,1.0001236295019786,0.0002
24.12777777777778,1.000169295373655,0.0002
24.129166666666666,0.9999516555500081,0.0002
24.130555555555556,1.0000948382618244,0.0002
24.131944444444446,1.0003068590893325,0.0002
24.133333333333333,1.0001510496028967,0.0002
24.134722222222223,1.000070313745439,0.0002
24.136111111111113,1.000537198296651,0.0002
24.1375,1.0007992706982543,0.0002
24.13888888888889,1.0003244934654034,0.0002
24.14027777777778,0.9999923988255752,0.0002
24.14166666666667,1.0003143252963278,0.0002
24.143055555555556,0.9998929633673063,0.0002
24.144444444444446,1.000063306255169,0.0002
24.145833333333336,1.0004363626841624,0.0002
24.147222222222222,1.0000610368889833,0.0002
24.148611111111112,1.0002906439456014,0.0002
24.150000000000002,1.0000079253582763,0.0002
24.15138888888889,1.0003334307709564,0.0002
24.15277777777778,1.0004930650152333,0.0002
24.15416666666667,1.0001293275375822,0.0002
24.155555555555555,1.000218560267259,0.0002
24.156944444444445,0.999910527998083,0.0002
24.158333333333335,0.9999086811252671,0.0002
24.15972222222222,0.9998505201410554,0.0002
24.16111111111111,1.0001643717999573,0.0002
24.1625,0.9997245606736125,0.0002
24.16388888888889,1.0000215628970386,0.0002
24.165277777777778,1.0001837611662214,0.0002
24.166666666666668,1.0002989569058969,0.0002
24.168055555555558,1.000227680889209,0.0002
24.169444444444444,1.0001647513494385,0.0002
24.170833333333334,1.0000861473961162,0.0002
24.172222222222224,1.00039775132619,0.0002
24.17361111111111,1.0000716010661304,0.0002
24.175,0.9999637572621123,0.0002
24.17638888888889,1.0004999653103386,0.0002
24.177777777777777,1.0003739557376854,0.0002
24.179166666666667,1.0003907934963663,0.0002
24.180555555555557,1.00036675809413,0.0002
24.181944444444447,1.0002831948065127,0.0002
24.183333333333334,0.9999828236703121,0.0002
24.184722222222224,1.0003448312211412,0.0002
24.186111111111114,1.0002322718828296,0.0002
24.1875,1.0001655926126887,0.0002
24.18888888888889,1.0000536279198449,0.0002
24.19027777777778,1.0002651532744078,0.0002
24.191666666666666,0.9999059320026142,0.0002
24.193055555555556,1.0001468470849917,0.0002
24.194444444444446,1.0001032324473267,0.0002
24.195833333333333,1.0001840313066819,0.0002
24.197222222222223,1.0002688848922374,0.0002
24.198611111111113,1.0003646162302697,0.0002
24.2,1.0000510810563115,0.0002
24.20138888888889,1.0003543825016739,0.0002
24.20277777777778,1.0001245147146864,0.0002
24.20416666666667,1.0005415863660125,0.0002
24.205555555555556,1.0000905635590929,0.0002
24.206944444444446,0.999918242910706,0.0002
24.208333333333336,1.0004193022876566,0.0002
24.209722222222222,1.000367758919718,0.0002
24.211111111111112,1.0004818640083728,0.0002
24.212500000000002,1.0003210907187468,0.0002
24.21388888888889,1.0008004310177074,0.0002
24.21527777777778,1.0002178346863488,0.0002
24.21666666666667,1.0004870692411856,0.0002
24.218055555555555,1.000203472285505,0.0002
24.219444444444445,1.0004734545402578,0.0002
24.220833333333335,1.0005436617934722,0.0002
24.22222222222222,1.0005789587072818,0.0002
24.22361111111111,1.0005871460843578,0.0002
24.225,0.9997507919025057,0.0002
24.22638888888889,1.0003665150291474,0.0002
24.227777777777778,1.0002041008463856,0.0002
24.229166666666668,1.0003112552122957,0.0002
24.230555555555558,1.000350513277764,0.0002
24.231944444444444,1.0005606966158296,0.0002
24.233333333333334,1.0004179314502741,0.0002
24.234722222222224,1.000328640760335,0.0002
24.23611111111111,1.000181597436652,0.0002
24.2375,1.0007393110354186,0.0002
24.23888888888889,1.000160029213367,0.0002
24.240277777777777,1.0002812601766469,0.0002
24.241666666666667,1.0006945624536052,0.0002
24.243055555555557,1.0001710423368515,0.0002
24.244444444444447,1.000283155107179,0.0002
24.245833333333334,1.0004353886302202,0.0002
24.247222222222224,1.0001472011567591,0.0002
24.248611111111114,1.000180232533789,0.0002
24.25,1.0005078639946325,0.0002
24.25138888888889,1.000577436998232,0.0002
24.25277777777778,1.0007602820955501,0.0002
24.254166666666666,1.0005356335754176,0.0002
24.255555555555556,1.000758854262241,0.0002
24.256944444444446,1.0003536771224917,0.0002
24.258333333333333,1.0007734716046128,0.0002
24.259722222222223,1.0009152702472859,0.0002
24.261111111111113,1.0008834228558077,0.0002
24.2625,1.000828786873122,0.0002
24.26388888888889,1.0006173048061144,0.0002
24.26527777777778,1.0006919218358372,0.0002
24.26666666666667,1.0009722589514154,0.0002
24.268055555555556,1.0006263480478712,0.0002
24.269444444444446,1.0009904379640087,0.0002
24.270833333333336,1.0009719678593425,0.0002
24.272222222222222,1.0004271122730526,0.0002
24.273611111111112,1.0008042785276958,0.0002
24.275000000000002,1.0007410271968347,0.0002
24.27638888888889,1.0006680208138798,0.0002
24.27777777777778,1.0011053768999163,0.0002
24.27916666666667,1.0009831625903958,0.0002
24.280555555555555,1.0010242505985456,0.0002
24.281944444444445,1.0007876567532032,0.0002
24.283333333333335,1.0010453811193178,0.0002
24.28472222222222,1.000666814110873,0.0002
24.28611111111111,1.0009014364857354,0.0002
24.2875,1.0007820728745132,0.0002
24.28888888888889,1.0011402644349154,0.0002
24.290277777777778,1.0007682298532181,0.0002
24.291666666666668,1.000915586085008,0.0002
24.293055555555558,1.0008440364461713,0.0002
24.294444444444444,1.0008436213275649,0.0002
24.295833333333334,1.0008889672045085,0.0002
24.297222222222224,1.0009071078186282,0.0002
24.29861111111111,1.0007118649222349,0.0002
24.3,1.0009874503518807,0.0002
24.30138888888889,1.0011396759685975,0.0002
24.302777777777777,1.0010495975502054,0.0002
24.304166666666667,1.000905178971716,0.0002
24.305555555555557,1.0009974254050014,0.0002
24.306944444444447,1.000901347293312,0.0002
24.308333333333334,1.001027383238787,0.0002
24.309722222222224,1.0007901646073176,0.0002
24.311111111111114,1.0013328077243762,0.0002
24.3125,1.0014032256180438,0.0002
24.31388888888889,1.0007805604782667,0.0002
24.31527777777778,1.001087621337034,0.0002
24.316666666666666,1.0012384328556927,0.0002
24.318055555555556,1.0007498735773495,0.0002
24.319444444444446,1.0004410104561672,0.0002
24.320833333333333,1.0011895391026902,0.0002
24.322222222222223,1.0008958568229311,0.0002
24.323611111111113,1.0007530502897064,0.0002
24.325,1.0008042558076182,0.0002
24.32638888888889,1.0007090870058293,0.0002
24.32777777777778,1.0014042271223507,0.0002
24.32916666666667,1.0007248312762869,0.0002
24.330555555555556,1.000855858024977,0.0002
24.331944444444446,1.0010547245812367,0.0002
24.333333333333336,1.0010938745072309,0.0002
24.334722222222222,1.0010016872759921,0.0002
24.336111111111112,1.000699874342382,0.0002
24.337500000000002,1.000815358233322,0.0002
24.33888888888889,1.0003523146019928,0.0002
24.34027777777778,1.0008246741919524,0.0002
24.34166666666667,1.0009196343733011,0.0002
24.343055555555555,1.0010508551497561,0.0002
24.344444444444445,1.0012455377429617,0.0002
24.345833333333335,1.0010754350850517,0.0002
24.34722222222222,1.0011383765783022,0.0002
24.34861111111111,1.0008129463557818,0.0002
24.35,1.001068412890549,0.0002
24.35138888888889,1.000834870147607,0.0002
24.352777777777778,1.0010941517614707,0.0002
24.354166666666668,1.0009863438607784,0.0002
24.355555555555558,1.0008912951948545,0.0002
24.356944444444444,1.0005488072497866,0.0002
24.358333333333334,1.001072487892103,0.0002
24.359722222222224,1.0008592895489565,0.0002
24.36111111111111,1.0009802918162698,0.0002
24.3625,1.0008923258585471,0.0002
24.36388888888889,1.0009762152184773,0.0002
24.365277777777777,1.0010750742500762,0.0002
24.366666666666667,1.000714260557487,0.0002
24.368055555555557,1.0009254592825991,0.0002
24.369444444444447,1.0006720828212157,0.0002
24.370833333333334,1.0008885387046462,0.0002
24.372222222222224,1.0007141852681296,0.0002
24.373611111111114,1.000606937923342,0.0002
24.375,1.0007628438472194,0.0002
24.37638888888889,1.000683269392201,0.0002
24.37777777777778,1.0007634201095807,0.0002
24.379166666666666,1.0009368292374856,0.0002
24.380555555555556,1.000904483269054,0.0002
24.381944444444446,1.0004886635697905,0.0002
24.383333333333333,1.0010118239531707,0.0002
24.384722222222223,1.0008804135833376,0.0002
24.386111111111113,1.0009445633185128,0.0002
24.3875,1.0007330952819635,0.0002
24.38888888888889,1.0008756763110205,0.0002
24.39027777777778,1.0008248303556586,0.0002
24.39166666666667,1.0011463465594521,0.0002
24.393055555555556,1.000634586617248,0.0002
24.394444444444446,1.0008522593464546,0.0002
24.395833333333336,1.0009106795889815,0.0002
24.397222222222222,1.0012085799855277,0.0002
24.398611111111112,1.0013488839663354,0.0002
24.400000000000002,1.001138646282978,0.0002
24.40138888888889,1.0008868468033412,0.0002
24.40277777777778,1.0009509884346768,0.0002
24.40416666666667,1.0009468424543437,0.0002
24.405555555555555,1.001240267424187,0.0002
24.406944444444445,1.001044800411612,0.0002
24.408333333333335,1.0008718016018259,0.0002
24.40972222222222,1.0012920008192434,0.0002
24.41111111111111,1.0014179307491586,0.0002
24.4125,1.0011940635578833,0.0002
24.41388888888889,1.0013168026755417,0.0002
24.415277777777778,1.000997967212175,0.0002
24.416666666666668,1.0008593990353132,0.0002
24.418055555555558,1.0009604360067634,0.0002
24.419444444444444,1.0012283972018112,0.0002
24.420833333333334,1.0011954365954479,0.0002
24.422222222222224,1.0013994387131662,0.0002
24.42361111111111,1.0012122642187502,0.0002
24.425,1.0014932045568592,0.0002
24.42638888888889,1.0014683017434147,0.0002
24.427777777777777,1.001203855649259,0.0002
24.429166666666667,1.0011110275515167,0.0002
24.430555555555557,1.000878332902237,0.0002
24.431944444444447,1.0015873589448083,0.0002
24.433333333333334,1.0010210775512358,0.0002
24.434722222222224,1.0009227736491753,0.0002
24.436111111111114,1.0012494670092749,0.0002
24.4375,1.0009007930318274,0.0002
24.43888888888889,1.0012412966612703,0.0002
24.44027777777778,1.0011440705988413,0.0002
24.441666666666666,1.0014436367909214,0.0002
24.443055555555556,1.001451218939651,0.0002
24.444444444444446,1.0015246077309574,0.0002
24.445833333333333,1.0013579105154229,0.0002
24.447222222222223,1.0011228343852023,0.0002
24.448611111111113,1.0010727538513824,0.0002
24.45,1.0011847260174302,0.0002
24.45138888888889,1.0016812119069005,0.0002
24.45277777777778,1.0012826446857166,0.0002
24.45416666666667,1.0013683330616499,0.0002
24.455555555555556,1.0016563871526987,0.0002
24.456944444444446,1.0013389558882357,0.0002
24.458333333333336,1.0011807492316405,0.0002
24.459722222222222,1.001449374529773,0.0002
24.461111111111112,1.0011694651801595,0.0002
24.462500000000002,1.0013875248129451,0.0002
24.46388888888889,1.001463350223619,0.0002
24.46527777777778,1.0013060156964932,0.0002
24.46666666666667,1.001462240810647,0.0002
24.468055555555555,1.001740065435099,0.0002
24.469444444444445,1.0012813328018093,0.0002
24.470833333333335,1.0017049203155104,0.0002
24.47222222222222,1.001374455435331,0.0002
24.47361111111111,1.0018491662911475,0.0002
24.475,1.001411542574961,0.0002
24.47638888888889,1.001494131856222,0.0002
24.477777777777778,1.0018102133609514,0.0002
24.479166666666668,1.001739752291632,0.0002
24.480555555555558,1.0015153112865738,0.0002
24.481944444444444,1.0011157469798153,0.0002
24.483333333333334,1.0013373944753594,0.0002
24.484722222222224,1.0013517000237566,0.0002
24.48611111111111,1.001178356678106,0.0002
24.4875,1.0015267476328489,0.0002
24.48888888888889,1.0012334480172183,0.0002
24.490277777777777,1.0011306429741762,0.0002
24.491666666666667,1.001037590819634,0.0002
24.493055555555557,1.0017685100405274,0.0002
24.494444444444447,1.0012534080761717,0.0002
24.495833333333334,1.0012707259707296,0.0002
24.497222222222224,1.001153570332565,0.0002
24.498611111111114,1.0016683336787224,0.0002
24.5,1.0011171026105115,0.0002
24.50138888888889,1.0011520755099461,0.0002
24.50277777777778,1.0013157243724,0.0002
24.504166666666666,1.0014387162923912,0.0002
24.505555555555556,1.0015741985786262,0.0002
24.506944444444446,1.0013965658914665,0.0002
24.508333333333333,1.0018522661914027,0.0002
24.509722222222223,1.0014099204773317,0.0002
24.511111111111113,1.001334615632357,0.0002
24.5125,1.001340613937887,0.0002
24.51388888888889,1.0013790179074156,0.0002
24.51527777777778,1.0013060284009259,0.0002
24.51666666666667,1.0016895764847868,0.0002
24.518055555555556,1.0013533566882662,0.0002
24.519444444444446,1.0015422131272536,0.0002
24.520833333333336,1.0013804871438088,0.0002
24.522222222222222,1.0013551013106405,0.0002
24.523611111111112,1.0018821604621488,0.0002
24.525000000000002,1.0019999226154348,0.0002
24.52638888888889,1.002051309363951,0.0002
24.52777777777778,1.0015046848343585,0.0002
24.52916666666667,1.00157535996617,0.0002
24.530555555555555,1.0022035689220397,0.0002
24.531944444444445,1.0018201119610946,0.0002
24.533333333333335,1.0015630148795436,0.0002
24.53472222222222,1.0020743736929423,0.0002
24.53611111111111,1.0018584767463712,0.0002
24.5375,1.0019786716442733,0.0002
24.53888888888889,1.0014056165923393,0.0002
24.540277777777778,1.0017510659600795,0.0002
24.541666666666668,1.001992847355913,0.0002
24.543055555555558,1.001744526583712,0.0002
24.544444444444444,1.0021400555433835,0.0002
24.545833333333334,1.0015700141715203,0.0002
24.547222222222224,1.0018599861299158,0.0002
24.54861111111111,1.002169932701429,0.0002
24.55,1.0016438462103505,0.0002
24.55138888888889,1.001952688622071,0.0002
24.552777777777777,1.0020426585439086,0.0002
24.554166666666667,1.0020275946165904,0.0002
24.555555555555557,1.001920560864755,0.0002
24.556944444444447,1.001822267089169,0.0002
24.558333333333334,1.0020933942329724,0.0002
24.559722222222224,1.0020032452708978,0.0002
24.561111111111114,1.0017015499795,0.0002
24.5625,1.0021947526937764,0.0002
24.56388888888889,1.001806677570194,0.0002
24.56527777777778,1.0016413398679205,0.0002
24.566666666666666,1.0018285384731653,0.0002
24.568055555555556,1.0017039605632214,0.0002
24.569444444444446,1.0018890034927839,0.0002
24.570833333333333,1.0017147079230566,0.0002
24.572222222222223,1.002139186032102,0.0002
24.573611111111113,1.0023553718385774,0.0002
24.575,1.0020854651881637,0.0002
24.57638888888889,1.0017380335975135,0.0002
24.57777777777778,1.001854209931825,0.0002
24.57916666666667,1.0020787866917755,0.0002
24.580555555555556,1.001694325305184,0.0002
24.581944444444446,1.0017978176568723,0.0002
24.583333333333336,1.0018061468526434,0.0002
24.584722222222222,1.0022159168478153,0.0002
24.586111111111112,1.0026149644966378,0.0002
24.587500000000002,1.0020113608061512,0.0002
24.58888888888889,1.002390040144608,0.0002
24.59027777777778,1.0021223499294354,0.0002
24.59166666666667,1.0019118069134274,0.0002
24.593055555555555,1.0025719246100402,0.0002
24.594444444444445,1.0026148469019929,0.0002
24.595833333333335,1.0021985085272527,0.0002
24.59722222222222,1.002158694832298,0.0002
24.59861111111111,1.0021580227907982,0.0002
24.6,1.0021584987171834,0.0002
24.60138888888889,1.0022607204857539,0.0002
24.602777777777778,1.0023734101601016,0.0002
24.604166666666668,1.0025645519731474,0.0002
24.605555555555558,1.0021455808328814,0.0002
24.606944444444444,1.002349936504588,0.0002
24.608333333333334,1.0022944389189234,0.0002
24.609722222222224,1.0024808996999017,0.0002
24.61111111111111,1.0027765144147385,0.0002
24.6125,1.0025409291303446,0.0002
24.61388888888889,1.0024928269908198,0.0002
24.615277777777777,1.002559460447265,0.0002
24.616666666666667,1.002621085432027,0.0002
24.618055555555557,1.002855214795886,0.0002
24.619444444444447,1.0020512432150115,0.0002
24.620833333333334,1.0025202469461112,0.0002
24.622222222222224,1.0019565934200132,0.0002
24.623611111111114,1.0026788254373773,0.0002
24.625,1.0025837425247064,0.0002
24.62638888888889,1.0023871180295796,0.0002
24.62777777777778,1.0020073586536888,0.0002
24.629166666666666,1.0025726402179824,0.0002
24.630555555555556,1.0026516968622723,0.0002
24.631944444444446,1.0025249396221472,0.0002
24.633333333333333,1.0022983602853768,0.0002
24.634722222222223,1.0023003609673065,0.0002
24.636111111111113,1.0024882402088005,0.0002
24.6375,1.00233608084609,0.0002
24.63888888888889,1.0026888442963495,0.0002
24.64027777777778,1.0025980229589768,0.0002
24.64166666666667,1.00233212416838,0.0002
24.643055555555556,1.0027550671509473,0.0002
24.644444444444446,1.0027608427732078,0.0002
24.645833333333336,1.0029658279036704,0.0002
24.647222222222222,1.002717736406072,0.0002
24.648611111111112,1.0023801075237004,0.0002
24.650000000000002,1.0028944161201927,0.0002
24.65138888888889,1.0023851480602453,0.0002
24.65277777777778,1.0026975775043196,0.0002
24.65416666666667,1.0028344812238261,0.0002
24.655555555555555,1.0029484148811796,0.0002
24.656944444444445,1.0029955624770333,0.0002
24.658333333333335,1.0028640578141894,0.0002
24.65972222222222,1.0025359613611244,0.0002
24.66111111111111,1.0027581616519183,0.0002
24.6625,1.0026264540062555,0.0002
24.66388888888889,1.0024294992027452,0.0002
24.665277777777778,1.0024587155302647,0.0002
24.666666666666668,1.0028537886185873,0.0002
24.668055555555558,1.0026221936013089,0.0002
24.669444444444444,1.0028873995110499,0.0002
24.670833333333334,1.0022153147837047,0.0002
24.672222222222224,1.0023544897507652,0.0002
24.67361111111111,1.002487882474811,0.0002
24.675,1.0025459435675708,0.0002
24.67638888888889,1.0024623288644139,0.0002
24.677777777777777,1.002652492298125,0.0002
24.679166666666667,1.0026741464424378,0.0002
24.680555555555557,1.0022156109960179,0.0002
24.681944444444447,1.0026069337698658,0.0002
24.683333333333334,1.002668713814047,0.0002
24.684722222222224,1.0026264176871962,0.0002
24.686111111111114,1.002184889992914,0.0002
24.6875,1.0025128268647299,0.0002
24.68888888888889,1.0026167911709278,0.0002
24.69027777777778,1.0022291602600073,0.0002
24.691666666666666,1.0025488084775156,0.0002
24.693055555555556,1.00261860910939,0.0002
24.694444444444446,1.0025256133334222,0.0002
24.695833333333333,1.0025759277457604,0.0002
24.697222222222223,1.002593958722172,0.0002
24.698611111111113,1.0024458375402423,0.0002
24.7,1.0021378257997708,0.0002
24.70138888888889,1.0023259108330511,0.0002
24.70277777777778,1.0024361539817717,0.0002
24.70416666666667,1.0027037828863434,0.0002
24.705555555555556,1.0025331541259472,0.0002
24.706944444444446,1.002730982538722,0.0002
24.708333333333336,1.0021315222243798,0.0002
24.709722222222222,1.0023542077468208,0.0002
24.711111111111112,1.0028480056003632,0.0002
24.712500000000002,1.0022666982340331,0.0002
24.71388888888889,1.0022213722332227,0.0002
24.71527777777778,1.0022990076939455,0.0002
24.71666666666667,1.0028413906612275,0.0002
24.718055555555555,1.0023530994545147,0.0002
24.719444444444445,1.0026443132593876,0.0002
24.720833333333335,1.0025741621599344,0.0002
24.72222222222222,1.0020432963605492,0.0002
24.72361111111111,1.0024747706931227,0.0002
24.725,1.0024074614297787,0.0002
24.72638888888889,1.0026587384588048,0.0002
24.727777777777778,1.0023994802597924,0.0002
24.729166666666668,1.000838224545942,0.0002
24.730555555555558,0.9994666762984825,0.0002
24.731944444444444,0.998506856600915,0.0002
24.733333333333334,0.9962273637466509,0.0002
24.734722222222224,0.9946678701853008,0.0002
24.73611111111111,0.9945777178256777,0.0002
24.7375,0.9938912315707302,0.0002
24.73888888888889,0.9937412706191496,0.0002
24.740277777777777,0.9938780065179224,0.0002
24.741666666666667,0.9929220017111152,0.0002
24.743055555555557,0.992982269221334,0.0002
24.744444444444447,0.9925962987657414,0.0002
24.745833333333334,0.9928202058709445,0.0002
24.747222222222224,0.9925574256777496,0.0002
24.748611111111114,0.9923712907146944,0.0002
24.75,0.992661432463457,0.0002
24.75138888888889,0.9924078408732127,0.0002
24.75277777777778,0.9920759272935076,0.0002
24.754166666666666,0.99199832870441,0.0002
24.755555555555556,0.9922812349488564,0.0002
24.756944444444446,0.9918947554864672,0.0002
24.758333333333333,0.9922206147461166,0.0002
24.759722222222223,0.9923574279235665,0.0002
24.761111111111113,0.9922542131740181,0.0002
24.7625,0.9919690998547577,0.0002
24.76388888888889,0.9921143577363183,0.0002
24.76527777777778,0.9918553016554091,0.0002
24.76666666666667,0.9920903464803754,0.0002
24.768055555555556,0.9919680268057177,0.0002
24.769444444444446,0.9918038972142104,0.0002
24.770833333333336,0.9920698599264238,0.0002
24.772222222222222,0.9915606248695837,0.0002
24.773611111111112,0.9916852070065807,0.0002
24.775000000000002,0.9916881071251294,0.0002
24.77638888888889,0.9917770788157979,0.0002
24.77777777777778,0.9921241103367331,0.0002
24.77916666666667,0.9919941338729636,0.0002
24.780555555555555,0.9918967888970441,0.0002
24.781944444444445,0.9919061699866162,0.0002
24.783333333333335,0.9919249952655034,0.0002
24.78472222222222,0.9923437290122897,0.0002
24.78611111111111,0.9917403550652281,0.0002
24.7875,0.9923321515421345,0.0002
24.78888888888889,0.9921620473735355,0.0002
24.790277777777778,0.9924217753534792,0.0002
24.791666666666668,0.9925030719426134,0.0002
24.793055555555558,0.9926255309775751,0.0002
24.794444444444444,0.9928906304763343,0.0002
24.795833333333334,0.9923696816821647,0.0002
24.797222222222224,0.9929311975801931,0.0002
24.79861111111111,0.9928404917758068,0.0002
24.8,0.9928104412804467,0.0002
24.80138888888889,0.9935344482734395,0.0002
24.802777777777777,0.9935460327586726,0.0002
24.804166666666667,0.9935383384540885,0.0002
24.805555555555557,0.9940878533549306,0.0002
24.806944444444447,0.9942294788369355,0.0002
24.808333333333334,0.994459171928937,0.0002
24.809722222222224,0.995135838253493,0.0002
24.811111111111114,0.9966855396080166,0.0002
24.8125,0.9982047056920486,0.0002
24.81388888888889,0.9999368794705702,0.0002
24.81527777777778,1.0015401083950974,0.0002
24.816666666666666,1.0024633270537602,0.0002
24.818055555555556,1.003410808018344,0.0002
24.819444444444446,1.0029933732388143,0.0002
24.820833333333333,1.0033123219077755,0.0002
24.822222222222223,1.0032649622106935,0.0002
24.823611111111113,1.003391792415256,0.0002
24.825,1.003490174561457,0.0002
24.82638888888889,1.0027116156869047,0.0002
24.82777777777778,1.0029974883470112,0.0002
24.82916666666667,1.0029697466143235,0.0002
24.830555555555556,1.0029907148517994,0.0002
24.831944444444446,1.002940946639019,0.0002
24.833333333333336,1.0029263863076785,0.0002
24.834722222222222,1.0028685265578265,0.0002
24.836111111111112,1.003143084017614,0.0002
24.837500000000002,1.0031964932761577,0.0002
24.83888888888889,1.0029376175780733,0.0002
24.84027777777778,1.00295356682163,0.0002
24.84166666666667,1.0029314192286625,0.0002
24.843055555555555,1.0028977207712864,0.0002
24.844444444444445,1.0030754441428869,0.0002
24.845833333333335,1.0031774475900672,0.0002
24.84722222222222,1.003317189648224,0.0002
24.84861111111111,1.0028061268798847,0.0002
24.85,1.0029549269462803,0.0002
24.85138888888889,1.0031683215368645,0.0002
24.852777777777778,1.002628755258389,0.0002
24.854166666666668,1.0030509918748933,0.0002
24.855555555555558,1.00271381821305,0.0002
24.856944444444444,1.0029669501783811,0.0002
24.858333333333334,1.0027783109226542,0.0002
24.859722222222224,1.0028896065003288,0.0002
24.86111111111111,1.003075136753352,0.0002
24.8625,1.0027132970500656,0.0002
24.86388888888889,1.002898092289968,0.0002
24.865277777777777,1.0027496033992003,0.0002
24.866666666666667,1.0024667927470243,0.0002
24.868055555555557,1.0026256679298944,0.0002
24.869444444444447,1.0025860603830727,0.0002
24.870833333333334,1.0023612729469291,0.0002
24.872222222222224,1.0027747053727376,0.0002
24.873611111111114,1.0028282119078007,0.0002
24.875,1.0028943142100326,0.0002
24.87638888888889,1.0029222226548413,0.0002
24.87777777777778,1.0028033390396076,0.0002
24.879166666666666,1.002541076091579,0.0002
24.880555555555556,1.0026056469388362,0.0002
24.881944444444446,1.0029345474163838,0.0002
24.883333333333333,1.0029212327497123,0.0002
24.884722222222223,1.0028520812273063,0.0002
24.886111111111113,1.0026678819768524,0.0002
24.8875,1.0026916303896167,0.0002
24.88888888888889,1.0028913282320142,0.0002
24.89027777777778,1.002364683045158,0.0002
24.89166666666667,1.0022585117884537,0.0002
24.893055555555556,1.0028220126877023,0.0002
24.894444444444446,1.0025937242805325,0.0002
24.895833333333336,1.002870300629768,0.0002
24.897222222222222,1.0031332297533426,0.0002
24.898611111111112,1.0025992648730455,0.0002
24.900000000000002,1.002512935691719,0.0002
24.90138888888889,1.0028060758280959,0.0002
24.90277777777778,1.0027212134805839,0.0002
24.90416666666667,1.002847072980937,0.0002
24.905555555555555,1.0029493073011964,0.0002
24.906944444444445,1.0029354344321406,0.0002
24.908333333333335,1.002884391067362,0.0002
24.90972222222222,1.0030522015588543,0.0002
24.91111111111111,1.0029379448876612,0.0002
24.9125,1.0027801866383073,0.0002
24.91388888888889,1.002961773260411,0.0002
24.915277777777778,1.0025099994226574,0.0002
24.916666666666668,1.0029789103645455,0.0002
24.918055555555558,1.0028264035901495,0.0002
24.919444444444444,1.0026279181495232,0.0002
24.920833333333334,1.002692708956559,0.0002
24.922222222222224,1.0030433889741317,0.0002
24.92361111111111,1.0026715002444957,0.0002
24.925,1.0029145137915332,0.0002
24.92638888888889,1.0030587791143208,0.0002
24.927777777777777,1.0029619871806144,0.0002
24.929166666666667,1.0028285759662214,0.0002
24.930555555555557,1.00299832364822,0.0002
24.931944444444447,1.0026650574824496,0.0002
24.933333333333334,1.0027553778580904,0.0002
24.934722222222224,1.0026704155535264,0.0002
24.936111111111114,1.0029423818529422,0.0002
24.9375,1.0026593602793699,0.0002
24.93888888888889,1.00291624737948,0.0002
24.94027777777778,1.0030993657948013,0.0002
24.941666666666666,1.0030839499551516,0.0002
24.943055555555556,1.002643465340324,0.0002
24.944444444444446,1.0027679606361282,0.0002
24.945833333333333,1.0030599322440394,0.0002
24.947222222222223,1.003150121111529,0.0002
24.948611111111113,1.0028194223484592,0.0002
24.95,1.0028688095726799,0.0002
24.95138888888889,1.002933315553519,0.0002
24.95277777777778,1.002541669691467,0.0002
24.95416666666667,1.0030188309913672,0.0002
24.955555555555556,1.0031675719289084,0.0002
24.956944444444446,1.0028598509268443,0.0002
24.958333333333336,1.0026357248119981,0.0002
24.959722222222222,1.0031880045143677,0.0002
24.961111111111112,1.002898741351268,0.0002
24.962500000000002,1.0030241802282276,0.0002
24.96388888888889,1.0026296657780518,0.0002
24.96527777777778,1.0026489145974649,0.0002
24.96666666666667,1.0029907136506733,0.0002
24.968055555555555,1.0031032548607006,0.0002
24.969444444444445,1.0027241991429652,0.0002
24.970833333333335,1.002974948066094,0.0002
24.97222222222222,1.0027410391151466,0.0002
24.97361111111111,1.0029337584756453,0.0002
24.975,1.0030829690998195,0.0002
24.97638888888889,1.0032116970789502,0.0002
24.977777777777778,1.0026821741299292,0.0002
24.979166666666668,1.003420508584843,0.0002
24.980555555555558,1.0031593459343795,0.0002
24.981944444444444,1.0034376010043777,0.0002
24.983333333333334,1.0032692478190854,0.0002
24.984722222222224,1.0032892124040644,0.0002
24.98611111111111,1.0034901154732017,0.0002
24.9875,1.0030069991371215,0.0002
24.98888888888889,1.003223629496995,0.0002
24.990277777777777,1.002961968311217,0.0002
24.991666666666667,1.0030905193617368,0.0002
24.993055555555557,1.003218023463032,0.0002
24.994444444444447,1.003272548108023,0.0002
24.995833333333334,1.0029616115300004,0.0002
24.997222222222224,1.0028465600782477,0.0002
24.998611111111114,1.0030566444301883,0.0002
